shipment_id,warehouse_id,store_id,carrier_id,dispatch_date,expected_arrival_date,actual_arrival_date,distance_km,shipment_cost,shipment_status,store_id_invalid_flag
SH000001,W03,ST01,CR03,2024-01-03,2024-01-04,2024-01-05,12.5,972.38,Delayed,False
SH000002,W03,ST01,CR04,2024-01-05,2024-01-06,2024-01-06,28.0,1897.51,On-time,False
SH000003,W03,ST01,CR01,2024-01-09,2024-01-10,2024-01-10,15.9,1326.74,On-time,False
SH000004,W03,ST01,CR04,2024-01-12,2024-01-13,2024-01-13,14.1,758.94,On-time,False
SH000005,W02,ST01,CR01,2024-01-16,2024-01-19,2024-01-19,417.6,23115.85,On-time,False
SH000006,W03,ST01,CR05,2024-01-19,2024-01-20,2024-01-20,25.0,1581.37,On-time,False
SH000007,W03,ST01,CR02,2024-01-22,2024-01-23,2024-01-23,22.8,1413.69,On-time,False
SH000008,W03,ST01,CR01,2024-01-25,2024-01-26,2024-01-26,8.2,716.52,On-time,False
SH000009,W03,ST01,CR02,2024-01-28,2024-01-29,2024-01-29,20.6,1603.52,On-time,False
SH000010,W03,ST01,CR01,2024-01-30,2024-01-31,2024-01-31,6.5,714.11,On-time,False
SH000011,W03,ST01,CR03,2024-02-02,2024-02-03,2024-02-03,21.8,1333.05,On-time,False
SH000012,W03,ST01,CR01,2024-02-06,2024-02-07,2024-02-07,29.6,1870.71,Lost,False
SH000013,W03,ST01,CR02,2024-02-08,2024-02-09,2024-02-10,20.6,1318.2,Damaged,False
SH000014,W03,ST01,CR03,2024-02-10,2024-02-11,2024-02-11,8.3,548.08,On-time,False
SH000015,W03,ST01,CR03,2024-02-14,2024-02-15,2024-02-15,11.1,1093.05,On-time,False
SH000016,W03,ST01,CR05,2024-02-17,2024-02-18,2024-02-18,23.1,1129.76,On-time,False
SH000017,W01,ST01,CR01,2024-02-21,2024-02-23,2024-02-23,210.3,8861.16,On-time,False
SH000018,W03,ST01,CR01,2024-02-24,2024-02-25,2024-02-25,32.4,1859.27,On-time,False
SH000019,W03,ST01,CR02,2024-02-28,2024-02-29,2024-03-02,12.0,872.25,Delayed,False
SH000020,W03,ST01,CR01,2024-03-03,2024-03-04,2024-03-04,35.0,1561.11,On-time,False
SH000021,W03,ST01,CR03,2024-03-07,2024-03-08,2024-03-08,9.7,769.3,On-time,False
SH000022,W03,ST01,CR03,2024-03-11,2024-03-12,2024-03-13,26.0,1611.46,Delayed,False
SH000023,W03,ST01,CR03,2024-03-13,2024-03-14,2024-03-18,8.8,1036.87,Delayed,False
SH000024,W03,ST01,CR04,2024-03-16,2024-03-17,2024-03-17,31.5,2164.82,On-time,False
SH000025,W03,ST01,CR03,2024-03-19,2024-03-20,2024-03-24,17.6,1075.64,Delayed,False
SH000026,W03,ST01,CR02,2024-03-23,2024-03-24,2024-03-26,26.3,1593.96,Delayed,False
SH000027,W03,ST01,CR02,2024-03-25,2024-03-26,2024-03-26,17.6,1277.26,On-time,False
SH000028,W03,ST01,CR03,2024-03-27,2024-03-28,2024-03-28,9.9,927.86,On-time,False
SH000029,W03,ST01,CR03,2024-03-29,2024-03-30,2024-03-30,31.8,1711.46,On-time,False
SH000030,W03,ST01,CR05,2024-04-01,2024-04-02,2024-04-02,24.8,1512.05,On-time,False
SH000031,W03,ST01,CR03,2024-04-04,2024-04-05,2024-04-05,31.3,1722.14,On-time,False
SH000032,W03,ST01,CR01,2024-04-07,2024-04-08,2024-04-08,5.8,626.55,On-time,False
SH000033,W03,ST01,CR05,2024-04-11,2024-04-12,2024-04-12,9.5,990.48,On-time,False
SH000034,W03,ST01,CR03,2024-04-13,2024-04-14,2024-04-14,26.3,1967.42,On-time,False
SH000035,W02,ST01,CR01,2024-04-17,2024-04-20,2024-04-22,417.6,16882.32,Delayed,False
SH000036,W03,ST01,CR03,2024-04-21,2024-04-22,2024-04-22,20.3,1352.09,On-time,False
SH000037,W01,ST01,CR05,2024-04-25,2024-04-27,2024-04-27,210.3,9114.21,On-time,False
SH000038,W01,ST01,CR02,2024-04-28,2024-04-30,2024-05-03,210.3,12374.66,Delayed,False
SH000039,W02,ST01,CR03,2024-05-01,2024-05-04,2024-05-05,417.6,17397.66,Delayed,False
SH000040,W03,ST01,CR03,2024-05-05,2024-05-06,2024-05-07,12.1,839.52,Damaged,False
SH000041,W03,ST01,CR04,2024-05-09,2024-05-10,2024-05-10,30.9,1529.41,On-time,False
SH000042,W03,ST01,CR02,2024-05-11,2024-05-12,2024-05-15,29.6,1992.86,Delayed,False
SH000043,W03,ST01,CR02,2024-05-15,2024-05-16,2024-05-16,16.8,1030.16,On-time,False
SH000044,W03,ST01,CR05,2024-05-18,2024-05-19,2024-05-19,12.8,730.1,On-time,False
SH000045,W03,ST01,CR05,2024-05-22,2024-05-23,2024-05-23,19.9,1296.45,On-time,False
SH000046,W03,ST01,CR02,2024-05-25,2024-05-26,2024-05-26,12.8,1187.93,On-time,False
SH000047,W03,ST01,CR05,2024-05-29,2024-05-30,2024-05-30,16.5,1035.19,On-time,False
SH000048,W03,ST01,CR04,2024-05-31,2024-06-01,2024-06-01,29.4,1605.57,On-time,False
SH000049,W03,ST01,CR04,2024-06-03,2024-06-04,2024-06-04,9.1,574.48,On-time,False
SH000050,W03,ST01,CR01,2024-06-05,2024-06-06,2024-06-06,17.5,1381.69,On-time,False
SH000051,W03,ST01,CR02,2024-06-09,2024-06-10,2024-06-10,13.4,1148.68,On-time,False
SH000052,W03,ST01,CR04,2024-06-12,2024-06-13,2024-06-15,32.7,1604.68,Delayed,False
SH000053,W03,ST01,CR01,2024-06-14,2024-06-15,2024-06-15,24.5,1849.25,On-time,False
SH000054,W03,ST01,CR03,2024-06-17,2024-06-18,2024-06-19,30.8,1807.95,Delayed,False
SH000055,W03,ST01,CR01,2024-06-19,2024-06-20,2024-06-21,10.9,1052.27,Delayed,False
SH000056,W03,ST01,CR05,2024-06-23,2024-06-24,2024-06-24,31.7,2178.61,On-time,False
SH000057,W03,ST01,CR02,2024-06-27,2024-06-28,2024-06-28,8.1,572.79,Damaged,False
SH000058,W03,ST01,CR01,2024-06-30,2024-07-01,2024-07-01,23.0,1288.09,On-time,False
SH000059,W03,ST01,CR01,2024-07-02,2024-07-03,2024-07-03,17.5,902.11,On-time,False
SH000060,W03,ST01,CR01,2024-07-05,2024-07-06,2024-07-06,27.8,1936.4,On-time,False
SH000061,W03,ST01,CR05,2024-07-09,2024-07-10,2024-07-10,14.6,789.49,On-time,False
SH000062,W03,ST01,CR05,2024-07-12,2024-07-13,2024-07-13,6.0,997.85,On-time,False
SH000063,W03,ST01,CR03,2024-07-14,2024-07-15,2024-07-19,14.5,863.94,Delayed,False
SH000064,W01,ST01,CR05,2024-07-18,2024-07-20,2024-07-20,210.3,10561.28,On-time,False
SH000065,W03,ST01,CR03,2024-07-22,2024-07-23,2024-07-25,33.0,1737.46,Delayed,False
SH000066,W03,ST01,CR03,2024-07-24,2024-07-25,2024-07-25,23.1,1645.95,On-time,False
SH000067,W03,ST01,CR05,2024-07-28,2024-07-29,2024-07-29,6.4,,On-time,False
SH000068,W03,ST01,CR01,2024-07-31,2024-08-01,2024-08-03,31.2,2141.07,Delayed,False
SH000069,W03,ST01,CR05,2024-08-02,2024-08-03,2024-08-03,21.6,2270.09,Damaged,False
SH000070,W02,ST01,CR04,2024-08-05,2024-08-08,2024-08-09,417.6,24979.57,Delayed,False
SH000071,W03,ST01,CR01,2024-08-09,2024-08-10,2024-08-10,27.1,1695.43,On-time,False
SH000072,W03,ST01,CR02,2024-08-13,2024-08-14,2024-08-14,10.1,1096.02,On-time,False
SH000073,W03,ST01,CR01,2024-08-17,2024-08-18,2024-08-22,9.4,615.63,Delayed,False
SH000074,W03,ST01,CR02,2024-08-21,2024-08-22,2024-08-25,14.7,1030.62,Delayed,False
SH000075,W03,ST01,CR05,2024-08-24,2024-08-25,2024-08-25,6.0,655.54,On-time,False
SH000076,W03,ST01,CR05,2024-08-27,2024-08-28,2024-08-30,33.9,2052.12,Delayed,False
SH000077,W03,ST01,CR01,2024-08-30,2024-08-31,2024-08-31,25.4,1538.32,On-time,False
SH000078,W03,ST01,CR03,2024-09-02,2024-09-03,2024-09-03,21.6,1527.57,On-time,False
SH000079,W03,ST01,CR05,2024-09-04,2024-09-05,2024-09-07,14.1,1178.34,Delayed,False
SH000080,W03,ST01,CR02,2024-09-07,2024-09-08,2024-09-11,30.5,1761.93,Delayed,False
SH000081,W03,ST01,CR03,2024-09-10,2024-09-11,2024-09-11,18.9,1488.37,On-time,False
SH000082,W03,ST01,CR02,2024-09-13,2024-09-14,2024-09-15,30.8,1627.25,Delayed,False
SH000083,W03,ST01,CR03,2024-09-17,2024-09-18,2024-09-18,10.2,946.59,On-time,False
SH000084,W03,ST01,CR02,2024-09-21,2024-09-22,2024-09-25,19.1,1157.57,Delayed,False
SH000085,W03,ST01,CR01,2024-09-24,2024-09-25,2024-09-25,12.3,682.51,On-time,False
SH000086,W03,ST01,CR04,2024-09-27,2024-09-28,2024-09-28,9.5,1206.0,On-time,False
SH000087,W01,ST01,CR03,2024-10-01,2024-10-03,2024-10-03,210.3,9258.03,On-time,False
SH000088,W03,ST01,CR02,2024-10-03,2024-10-04,2024-10-04,14.2,1168.78,On-time,False
SH000089,W02,ST01,CR04,2024-10-07,2024-10-10,2024-10-11,417.6,16742.21,Delayed,False
SH000090,W03,ST01,CR03,2024-10-10,2024-10-11,2024-10-11,33.5,,On-time,False
SH000091,W03,ST01,CR01,2024-10-14,2024-10-15,2024-10-15,33.8,1684.95,On-time,False
SH000092,W03,ST01,CR04,2024-10-17,2024-10-18,2024-10-18,11.2,1461.22,On-time,False
SH000093,W03,ST01,CR02,2024-10-21,2024-10-22,2024-10-22,19.9,1133.86,On-time,False
SH000094,W03,ST01,CR04,2024-10-25,2024-10-26,2024-10-26,32.5,1861.46,On-time,False
SH000095,W03,ST01,CR05,2024-10-28,2024-10-29,2024-10-29,15.1,1407.77,On-time,False
SH000096,W03,ST01,CR05,2024-10-30,2024-10-31,2024-10-31,11.4,1433.77,On-time,False
SH000097,W03,ST01,CR05,2024-11-02,2024-11-03,2024-11-03,33.3,2123.5,On-time,False
SH000098,W03,ST01,CR05,2024-11-04,2024-11-05,2024-11-05,13.7,1004.68,On-time,False
SH000099,W02,ST01,CR04,2024-11-06,2024-11-09,2024-11-09,417.6,18695.1,On-time,False
SH000100,W03,ST01,CR02,2024-11-08,2024-11-09,2024-11-09,9.0,710.0,On-time,False
SH000101,W03,ST01,CR01,2024-11-12,2024-11-13,2024-11-13,7.3,1020.78,On-time,False
SH000102,W03,ST01,CR02,2024-11-14,2024-11-15,2024-11-15,12.1,1167.38,On-time,False
SH000103,W03,ST01,CR03,2024-11-16,2024-11-17,2024-11-17,32.0,1941.45,On-time,False
SH000104,W03,ST01,CR01,2024-11-20,2024-11-21,2024-11-21,25.2,1790.27,On-time,False
SH000105,W03,ST01,CR01,2024-11-23,2024-11-24,2024-11-24,26.5,1441.17,On-time,False
SH000106,W03,ST01,CR04,2024-11-27,2024-11-28,2024-11-28,24.6,1715.45,On-time,False
SH000107,W03,ST01,CR02,2024-11-30,2024-12-01,2024-12-01,25.0,1849.18,On-time,False
SH000108,W03,ST01,CR02,2024-12-04,2024-12-05,2024-12-05,29.7,1807.62,On-time,False
SH000109,W03,ST01,CR05,2024-12-07,2024-12-08,2024-12-08,13.7,900.75,On-time,False
SH000110,W03,ST01,CR05,2024-12-10,2024-12-11,2024-12-11,20.0,1177.64,On-time,False
SH000111,W02,ST01,CR03,2024-12-12,2024-12-15,2024-12-15,417.6,24256.24,On-time,False
SH000112,W03,ST01,CR03,2024-12-16,2024-12-17,2024-12-20,19.9,1683.56,Delayed,False
SH000113,W01,ST01,CR03,2024-12-18,2024-12-20,2024-12-20,210.3,11031.54,On-time,False
SH000114,W03,ST01,CR02,2024-12-22,2024-12-23,2024-12-23,29.1,1620.56,On-time,False
SH000115,W03,ST01,CR05,2024-12-24,2024-12-25,2024-12-25,32.4,1811.82,On-time,False
SH000116,W03,ST01,CR05,2024-12-27,2024-12-28,2024-12-28,12.2,1147.04,Lost,False
SH000117,W01,ST01,CR05,2024-12-30,2025-01-01,2025-01-01,210.3,10812.66,On-time,False
SH000118,W03,ST01,CR02,2025-01-01,2025-01-02,2025-01-02,9.0,,On-time,False
SH000119,W03,ST01,CR03,2025-01-05,2025-01-06,2025-01-06,9.3,883.62,On-time,False
SH000120,W03,ST99,CR04,2025-01-08,2025-01-09,2025-01-09,21.1,,On-time,True
SH000121,W03,ST01,CR01,2025-01-11,2025-01-12,2025-01-12,34.1,2289.72,On-time,False
SH000122,W03,ST01,CR05,2025-01-13,2025-01-14,2025-01-14,12.2,1088.72,On-time,False
SH000123,W03,ST01,CR05,2025-01-16,2025-01-17,2025-01-17,21.4,1292.98,On-time,False
SH000124,W03,ST01,CR01,2025-01-19,2025-01-20,2025-01-20,21.8,1213.84,On-time,False
SH000125,W03,ST01,CR04,2025-01-22,2025-01-23,2025-01-23,18.5,1140.17,On-time,False
SH000126,W03,ST01,CR02,2025-01-24,2025-01-25,2025-01-25,8.9,667.06,On-time,False
SH000127,W03,ST01,CR05,2025-01-27,2025-01-28,2025-01-28,15.2,1037.65,On-time,False
SH000128,W03,ST01,CR01,2025-01-30,2025-01-31,2025-01-31,29.7,1908.41,On-time,False
SH000129,W03,ST01,CR01,2025-02-02,2025-02-03,2025-02-03,20.1,2168.51,On-time,False
SH000130,W03,ST01,CR04,2025-02-04,2025-02-05,2025-02-05,10.2,1044.66,On-time,False
SH000131,W03,ST01,CR04,2025-02-06,2025-02-07,2025-02-07,15.3,1151.21,On-time,False
SH000132,W03,ST01,CR02,2025-02-08,2025-02-09,2025-02-09,33.9,1615.5,On-time,False
SH000133,W03,ST01,CR01,2025-02-12,2025-02-13,2025-02-13,16.5,1202.47,On-time,False
SH000134,W01,ST01,CR02,2025-02-15,2025-02-17,2025-02-19,210.3,9690.39,Delayed,False
SH000135,W03,ST01,CR05,2025-02-19,2025-02-20,2025-02-20,26.5,1872.67,On-time,False
SH000136,W01,ST01,CR02,2025-02-22,2025-02-24,2025-02-27,210.3,9600.59,Delayed,False
SH000137,W03,ST01,CR05,2025-02-25,2025-02-26,2025-02-26,33.3,1579.95,On-time,False
SH000138,W03,ST01,CR03,2025-03-01,2025-03-02,2025-03-02,10.1,879.53,Lost,False
SH000139,W03,ST01,CR03,2025-03-04,2025-03-05,2025-03-05,13.9,1202.74,On-time,False
SH000140,W03,ST01,CR01,2025-03-08,2025-03-09,2025-03-09,30.1,1882.78,On-time,False
SH000141,W03,ST01,CR01,2025-03-10,2025-03-11,2025-03-11,24.5,1730.12,On-time,False
SH000142,W03,ST01,CR03,2025-03-13,2025-03-14,2025-03-14,33.0,2241.35,On-time,False
SH000143,W03,ST01,CR02,2025-03-17,2025-03-18,2025-03-20,33.2,2099.51,Delayed,False
SH000144,W03,ST01,CR02,2025-03-21,2025-03-22,2025-03-23,17.4,1465.8,Delayed,False
SH000145,W03,ST01,CR01,2025-03-25,2025-03-26,2025-03-26,15.5,1572.5,Damaged,False
SH000146,W03,ST01,CR01,2025-03-28,2025-03-29,2025-03-29,10.4,754.19,On-time,False
SH000147,W03,ST01,CR01,2025-04-01,2025-04-02,2025-04-02,34.9,2120.51,On-time,False
SH000148,W03,ST01,CR01,2025-04-05,2025-04-06,2025-04-06,20.7,1517.76,On-time,False
SH000149,W02,ST01,CR02,2025-04-07,2025-04-10,2025-04-10,417.6,22974.99,On-time,False
SH000150,W03,ST01,CR04,2025-04-11,2025-04-12,2025-04-12,5.0,947.6,On-time,False
SH000151,W03,ST01,CR02,2025-04-13,2025-04-14,2025-04-14,9.0,648.03,On-time,False
SH000152,W03,ST01,CR02,2025-04-17,2025-04-18,2025-04-18,13.6,1057.31,On-time,False
SH000153,W03,ST01,CR05,2025-04-21,2025-04-22,2025-04-22,31.8,1604.44,On-time,False
SH000154,W03,ST01,CR02,2025-04-24,2025-04-25,2025-04-25,7.0,795.36,On-time,False
SH000155,W02,ST01,CR04,2025-04-27,2025-04-30,2025-05-03,417.6,18231.59,Delayed,False
SH000156,W03,ST01,CR03,2025-05-01,2025-05-02,2025-05-05,32.2,2079.07,Delayed,False
SH000157,W03,ST01,CR01,2025-05-04,2025-05-05,2025-05-05,16.2,1116.13,On-time,False
SH000158,W03,ST01,CR03,2025-05-06,2025-05-07,2025-05-07,19.7,1488.93,On-time,False
SH000159,W03,ST01,CR05,2025-05-08,2025-05-09,2025-05-09,21.8,1839.54,On-time,False
SH000160,W03,ST01,CR03,2025-05-11,2025-05-12,2025-05-16,20.0,,Delayed,False
SH000161,W03,ST01,CR03,2025-05-14,2025-05-15,2025-05-15,17.1,1197.98,On-time,False
SH000162,W03,ST01,CR04,2025-05-18,2025-05-19,2025-05-19,11.6,1275.28,On-time,False
SH000163,W03,ST01,CR02,2025-05-21,2025-05-22,2025-05-22,16.1,1208.74,On-time,False
SH000164,W03,ST01,CR02,2025-05-25,2025-05-26,2025-05-29,9.4,847.58,Delayed,False
SH000165,W03,ST01,CR05,2025-05-28,2025-05-29,2025-05-29,16.5,999.13,On-time,False
SH000166,W03,ST01,CR05,2025-06-01,2025-06-02,2025-06-02,34.6,2008.83,On-time,False
SH000167,W03,ST01,CR02,2025-06-05,2025-06-06,2025-06-06,16.0,1228.85,On-time,False
SH000168,W03,ST01,CR02,2025-06-07,2025-06-08,2025-06-08,10.9,,On-time,False
SH000169,W03,ST01,CR05,2025-06-11,2025-06-12,2025-06-12,10.5,1073.7,On-time,False
SH000170,W03,ST01,CR01,2025-06-14,2025-06-15,2025-06-15,32.6,2240.15,On-time,False
SH000171,W03,ST01,CR05,2025-06-16,2025-06-17,2025-06-17,35.0,1999.22,On-time,False
SH000172,W03,ST01,CR04,2025-06-20,2025-06-21,2025-06-25,34.6,2329.78,Delayed,False
SH000173,W03,ST01,CR02,2025-06-24,2025-06-25,2025-06-25,19.8,2215.94,On-time,False
SH000174,W03,ST01,CR02,2025-06-28,2025-06-29,2025-06-29,12.5,912.05,On-time,False
SH000175,W03,ST01,CR04,2025-07-02,2025-07-03,2025-07-03,23.3,1295.76,On-time,False
SH000176,W03,ST01,CR01,2025-07-06,2025-07-07,2025-07-07,17.6,1107.18,On-time,False
SH000177,W03,ST01,CR02,2025-07-09,2025-07-10,2025-07-10,22.4,1559.73,On-time,False
SH000178,W01,ST01,CR02,2025-07-13,2025-07-15,2025-07-19,210.3,8625.28,Delayed,False
SH000179,W03,ST01,CR01,2025-07-17,2025-07-18,2025-07-18,11.0,1133.15,On-time,False
SH000180,W01,ST01,CR03,2025-07-21,2025-07-23,2025-07-27,210.3,9974.64,Delayed,False
SH000181,W03,ST01,CR05,2025-07-23,2025-07-24,2025-07-24,20.7,1453.53,On-time,False
SH000182,W03,ST01,CR01,2025-07-27,2025-07-28,2025-07-30,27.9,1691.37,Delayed,False
SH000183,W03,ST01,CR04,2025-07-30,2025-07-31,2025-08-03,30.9,2317.21,Delayed,False
SH000184,W03,ST01,CR04,2025-08-03,2025-08-04,2025-08-08,12.9,1062.83,Delayed,False
SH000185,W03,ST01,CR01,2025-08-07,2025-08-08,2025-08-08,13.9,889.91,On-time,False
SH000186,W03,ST01,CR04,2025-08-09,2025-08-10,2025-08-10,30.9,,On-time,False
SH000187,W03,ST01,CR05,2025-08-12,2025-08-13,2025-08-13,13.9,1386.24,Lost,False
SH000188,W03,ST01,CR02,2025-08-15,2025-08-16,2025-08-16,32.2,1928.85,On-time,False
SH000189,W03,ST01,CR02,2025-08-19,2025-08-20,2025-08-20,12.0,987.92,On-time,False
SH000190,W03,ST01,CR05,2025-08-22,2025-08-23,2025-08-23,13.1,1255.9,On-time,False
SH000191,W03,ST01,CR04,2025-08-26,2025-08-27,2025-08-27,13.8,1111.17,Lost,False
SH000192,W03,ST01,CR01,2025-08-30,2025-08-31,2025-08-31,22.2,1284.13,On-time,False
SH000193,W03,ST01,CR03,2025-09-01,2025-09-02,2025-09-02,15.8,2048.12,Damaged,False
SH000194,W03,ST01,CR01,2025-09-04,2025-09-05,2025-09-05,31.8,1907.07,On-time,False
SH000195,W02,ST01,CR02,2025-09-07,2025-09-10,2025-09-13,417.6,22370.47,Delayed,False
SH000196,W03,ST01,CR01,2025-09-11,2025-09-12,2025-09-15,21.1,1739.35,Delayed,False
SH000197,W03,ST01,CR01,2025-09-14,2025-09-15,2025-09-15,14.8,1069.36,On-time,False
SH000198,W03,ST01,CR03,2025-09-16,2025-09-17,2025-09-17,28.8,,On-time,False
SH000199,W03,ST01,CR02,2025-09-18,2025-09-19,2025-09-19,22.8,1556.06,On-time,False
SH000200,W01,ST01,CR03,2025-09-22,2025-09-24,2025-09-24,210.3,10486.99,On-time,False
SH000201,W03,ST01,CR02,2025-09-26,2025-09-27,2025-09-27,33.9,1647.18,On-time,False
SH000202,W03,ST01,CR01,2025-09-30,2025-10-01,2025-10-01,33.3,2007.62,On-time,False
SH000203,W03,ST01,CR02,2025-10-03,2025-10-04,2025-10-04,9.1,1059.13,On-time,False
SH000204,W02,ST01,CR05,2025-10-07,2025-10-10,2025-10-10,417.6,18981.44,On-time,False
SH000205,W03,ST01,CR05,2025-10-10,2025-10-11,2025-10-11,23.6,1683.51,On-time,False
SH000206,W03,ST01,CR01,2025-10-14,2025-10-15,2025-10-15,11.0,834.74,On-time,False
SH000207,W03,ST01,CR01,2025-10-16,2025-10-17,2025-10-17,13.5,1296.72,On-time,False
SH000208,W03,ST01,CR04,2025-10-18,2025-10-19,2025-10-19,32.4,1682.75,On-time,False
SH000209,W03,ST01,CR01,2025-10-22,2025-10-23,2025-10-24,5.7,638.3,Delayed,False
SH000210,W03,ST01,CR05,2025-10-25,2025-10-26,2025-10-26,13.6,1095.94,On-time,False
SH000211,W03,ST01,CR02,2025-10-28,2025-10-29,2025-10-31,15.7,1167.78,Delayed,False
SH000212,W03,ST01,CR02,2025-11-01,2025-11-02,2025-11-05,6.2,650.49,Delayed,False
SH000213,W03,ST01,CR02,2025-11-04,2025-11-05,2025-11-05,20.3,1264.39,On-time,False
SH000214,W03,ST01,CR05,2025-11-07,2025-11-08,2025-11-08,12.4,1034.35,On-time,False
SH000215,W03,ST01,CR02,2025-11-11,2025-11-12,2025-11-16,13.2,1127.65,Delayed,False
SH000216,W03,ST01,CR03,2025-11-15,2025-11-16,2025-11-16,8.1,961.78,On-time,False
SH000217,W03,ST01,CR03,2025-11-18,2025-11-19,2025-11-19,20.7,1160.44,On-time,False
SH000218,W01,ST01,CR03,2025-11-21,2025-11-23,2025-11-23,210.3,10033.61,On-time,False
SH000219,W03,ST01,CR01,2025-11-24,2025-11-25,2025-11-25,8.1,667.08,On-time,False
SH000220,W03,ST01,CR05,2025-11-27,2025-11-28,2025-11-28,24.4,1614.21,On-time,False
SH000221,W03,ST99,CR02,2025-12-01,2025-12-02,2025-12-02,9.6,816.26,On-time,True
SH000222,W03,ST01,CR03,2025-12-05,2025-12-06,2025-12-06,13.6,1125.72,On-time,False
SH000223,W03,ST01,CR05,2025-12-07,2025-12-08,2025-12-08,20.0,1294.72,On-time,False
SH000224,W03,ST01,CR02,2025-12-11,2025-12-12,2025-12-12,26.8,1723.38,On-time,False
SH000225,W03,ST01,CR03,2025-12-13,2025-12-14,2025-12-14,8.6,904.49,On-time,False
SH000226,W03,ST01,CR01,2025-12-17,2025-12-18,2025-12-18,25.5,1543.75,On-time,False
SH000227,W03,ST01,CR01,2025-12-19,2025-12-20,2025-12-20,9.7,916.51,On-time,False
SH000228,W03,ST01,CR01,2025-12-22,2025-12-23,2025-12-23,19.4,1347.66,On-time,False
SH000229,W03,ST01,CR01,2025-12-25,2025-12-26,2025-12-26,23.6,1476.03,On-time,False
SH000230,W03,ST01,CR01,2025-12-29,2025-12-30,2025-12-30,34.7,1943.75,On-time,False
SH000231,W02,ST02,CR01,2024-01-04,2024-01-05,2024-01-05,20.5,1589.13,On-time,False
SH000232,W02,ST02,CR05,2024-01-05,2024-01-06,2024-01-06,27.7,1720.72,On-time,False
SH000233,W03,ST02,CR03,2024-01-07,2024-01-10,2024-01-14,417.6,18996.44,Delayed,False
SH000234,W02,ST02,CR02,2024-01-08,2024-01-09,2024-01-09,22.9,1455.55,On-time,False
SH000235,W02,ST02,CR03,2024-01-10,2024-01-11,2024-01-11,10.1,968.99,On-time,False
SH000236,W02,ST02,CR05,2024-01-11,2024-01-12,2024-01-12,14.5,882.36,On-time,False
SH000237,W02,ST02,CR01,2024-01-13,2024-01-14,2024-01-14,15.7,1041.92,On-time,False
SH000238,W01,ST02,CR02,2024-01-15,2024-01-17,2024-01-17,221.4,10652.46,On-time,False
SH000239,W02,ST02,CR02,2024-01-16,2024-01-17,2024-01-17,24.2,1830.58,On-time,False
SH000240,W02,ST02,CR05,2024-01-18,2024-01-19,2024-01-19,17.3,,On-time,False
SH000241,W02,ST02,CR05,2024-01-19,2024-01-20,2024-01-20,27.8,1976.78,On-time,False
SH000242,W02,ST02,CR01,2024-01-21,2024-01-22,2024-01-22,20.9,1336.73,On-time,False
SH000243,W02,ST02,CR03,2024-01-22,2024-01-23,2024-01-23,9.3,864.97,On-time,False
SH000244,W01,ST02,CR04,2024-01-23,2024-01-25,2024-01-25,221.4,9625.68,On-time,False
SH000245,W02,ST02,CR03,2024-01-24,2024-01-25,2024-01-25,34.1,2051.72,On-time,False
SH000246,W02,ST02,CR04,2024-01-26,2024-01-27,2024-01-27,13.8,824.25,Lost,False
SH000247,W02,ST02,CR04,2024-01-27,2024-01-28,2024-01-28,8.9,557.68,On-time,False
SH000248,W02,ST02,CR01,2024-01-28,2024-01-29,2024-01-29,18.3,1291.5,On-time,False
SH000249,W01,ST02,CR05,2024-01-29,2024-01-31,2024-01-31,221.4,10371.64,On-time,False
SH000250,W02,ST02,CR01,2024-01-31,2024-02-01,2024-02-01,19.5,1076.27,On-time,False
SH000251,W02,ST02,CR03,2024-02-02,2024-02-03,2024-02-04,9.6,966.94,Delayed,False
SH000252,W02,ST02,CR04,2024-02-03,2024-02-04,2024-02-04,34.9,2008.24,On-time,False
SH000253,W02,ST02,CR01,2024-02-04,2024-02-05,2024-02-05,24.4,1571.49,On-time,False
SH000254,W02,ST02,CR01,2024-02-06,2024-02-07,2024-02-07,30.1,2110.4,On-time,False
SH000255,W02,ST02,CR02,2024-02-08,2024-02-09,2024-02-12,20.7,1279.0,Delayed,False
SH000256,W01,ST02,CR05,2024-02-09,2024-02-11,2024-02-11,221.4,,On-time,False
SH000257,W02,ST02,CR03,2024-02-11,2024-02-12,2024-02-12,15.8,1403.38,On-time,False
SH000258,W02,ST02,CR05,2024-02-13,2024-02-14,2024-02-17,23.2,1217.18,Delayed,False
SH000259,W02,ST02,CR01,2024-02-15,2024-02-16,2024-02-16,32.8,1400.42,On-time,False
SH000260,W02,ST02,CR01,2024-02-17,2024-02-18,2024-02-18,16.1,1066.86,On-time,False
SH000261,W02,ST02,CR02,2024-02-19,2024-02-20,2024-02-21,13.8,1171.9,Delayed,False
SH000262,W02,ST02,CR03,2024-02-21,2024-02-22,2024-02-22,14.0,734.69,On-time,False
SH000263,W02,ST02,CR02,2024-02-23,2024-02-24,2024-02-24,12.0,1006.5,On-time,False
SH000264,W02,ST02,CR05,2024-02-24,2024-02-25,2024-02-25,24.2,1505.52,On-time,False
SH000265,W02,ST02,CR05,2024-02-25,2024-02-26,2024-02-26,34.9,1713.4,On-time,False
SH000266,W02,ST02,CR01,2024-02-26,2024-02-27,2024-02-27,13.3,998.95,On-time,False
SH000267,W02,ST02,CR03,2024-02-27,2024-02-28,2024-02-28,17.6,1205.6,On-time,False
SH000268,W02,ST02,CR04,2024-02-28,2024-02-29,2024-03-01,11.3,797.79,Delayed,False
SH000269,W01,ST02,CR01,2024-02-29,2024-03-02,2024-03-02,221.4,11950.04,On-time,False
SH000270,W02,ST02,CR02,2024-03-01,2024-03-02,2024-03-02,14.8,1074.84,On-time,False
SH000271,W02,ST02,CR02,2024-03-02,2024-03-03,2024-03-03,22.3,1711.38,On-time,False
SH000272,W02,ST02,CR02,2024-03-04,2024-03-05,2024-03-05,26.2,1598.15,On-time,False
SH000273,W02,ST02,CR01,2024-03-05,2024-03-06,2024-03-06,19.8,1201.88,On-time,False
SH000274,W02,ST02,CR02,2024-03-06,2024-03-07,2024-03-07,27.6,,On-time,False
SH000275,W02,ST02,CR02,2024-03-07,2024-03-08,2024-03-08,29.4,1200.43,On-time,False
SH000276,W02,ST02,CR05,2024-03-09,2024-03-10,2024-03-10,31.3,2177.14,On-time,False
SH000277,W02,ST02,CR02,2024-03-10,2024-03-11,2024-03-11,15.7,1226.06,On-time,False
SH000278,W02,ST02,CR02,2024-03-11,2024-03-12,2024-03-15,28.7,2041.19,Delayed,False
SH000279,W01,ST02,CR05,2024-03-12,2024-03-14,2024-03-14,221.4,10908.28,On-time,False
SH000280,W02,ST02,CR05,2024-03-14,2024-03-15,2024-03-15,34.7,2015.57,On-time,False
SH000281,W03,ST02,CR04,2024-03-15,2024-03-18,2024-03-18,417.6,22877.02,On-time,False
SH000282,W02,ST02,CR03,2024-03-16,2024-03-17,2024-03-17,30.4,1618.19,On-time,False
SH000283,W02,ST02,CR02,2024-03-18,2024-03-19,2024-03-19,19.8,1696.87,On-time,False
SH000284,W02,ST02,CR05,2024-03-20,2024-03-21,2024-03-21,29.7,1506.68,On-time,False
SH000285,W03,ST02,CR02,2024-03-22,2024-03-25,2024-03-25,417.6,19875.71,On-time,False
SH000286,W02,ST02,CR01,2024-03-23,2024-03-24,2024-03-24,11.6,860.84,On-time,False
SH000287,W02,ST02,CR01,2024-03-24,2024-03-25,2024-03-25,28.3,1771.85,On-time,False
SH000288,W02,ST02,CR04,2024-03-25,2024-03-26,2024-03-26,11.4,918.36,On-time,False
SH000289,W02,ST02,CR04,2024-03-27,2024-03-28,2024-03-28,28.6,1422.04,On-time,False
SH000290,W02,ST02,CR02,2024-03-29,2024-03-30,2024-03-30,11.4,837.21,On-time,False
SH000291,W02,ST02,CR05,2024-03-30,2024-03-31,2024-03-31,19.8,1245.03,On-time,False
SH000292,W02,ST02,CR05,2024-03-31,2024-04-01,2024-04-01,14.1,874.88,On-time,False
SH000293,W03,ST02,CR05,2024-04-01,2024-04-04,2024-04-08,417.6,16386.21,Delayed,False
SH000294,W02,ST02,CR01,2024-04-02,2024-04-03,2024-04-03,21.5,1697.33,On-time,False
SH000295,W02,ST99,CR03,2024-04-03,2024-04-04,2024-04-04,15.8,1146.98,On-time,True
SH000296,W02,ST02,CR02,2024-04-05,2024-04-06,2024-04-06,17.9,1100.64,On-time,False
SH000297,W02,ST02,CR03,2024-04-06,2024-04-07,2024-04-10,19.8,1044.14,Delayed,False
SH000298,W02,ST02,CR03,2024-04-08,2024-04-09,2024-04-09,15.3,1338.69,On-time,False
SH000299,W02,ST02,CR05,2024-04-10,2024-04-11,2024-04-11,27.2,1477.85,On-time,False
SH000300,W02,ST02,CR03,2024-04-11,2024-04-12,2024-04-12,21.1,1346.81,On-time,False
SH000301,W02,ST02,CR05,2024-04-13,2024-04-14,2024-04-15,13.2,1043.24,Delayed,False
SH000302,W02,ST02,CR02,2024-04-14,2024-04-15,2024-04-15,8.2,761.23,On-time,False
SH000303,W02,ST02,CR05,2024-04-16,2024-04-17,2024-04-17,24.5,1382.22,Damaged,False
SH000304,W02,ST02,CR03,2024-04-17,2024-04-18,2024-04-18,28.1,1735.45,On-time,False
SH000305,W02,ST02,CR05,2024-04-18,2024-04-19,2024-04-19,15.2,909.27,On-time,False
SH000306,W02,ST02,CR05,2024-04-20,2024-04-21,2024-04-21,19.5,1277.47,On-time,False
SH000307,W02,ST02,CR01,2024-04-21,2024-04-22,2024-04-22,14.3,1056.75,On-time,False
SH000308,W02,ST02,CR03,2024-04-22,2024-04-23,2024-04-23,27.0,1328.76,On-time,False
SH000309,W02,ST02,CR02,2024-04-24,2024-04-25,2024-04-25,26.4,1635.98,On-time,False
SH000310,W02,ST02,CR02,2024-04-26,2024-04-27,2024-04-27,32.6,2012.31,On-time,False
SH000311,W02,ST02,CR01,2024-04-28,2024-04-29,2024-04-29,24.3,1824.09,On-time,False
SH000312,W02,ST02,CR01,2024-04-29,2024-04-30,2024-04-30,22.9,1231.91,On-time,False
SH000313,W02,ST02,CR04,2024-05-01,2024-05-02,2024-05-02,10.5,,On-time,False
SH000314,W02,ST02,CR03,2024-05-03,2024-05-04,2024-05-04,34.2,1914.4,On-time,False
SH000315,W02,ST02,CR01,2024-05-04,2024-05-05,2024-05-05,8.7,,Damaged,False
SH000316,W02,ST02,CR02,2024-05-06,2024-05-07,2024-05-11,16.2,1010.38,Delayed,False
SH000317,W02,ST02,CR01,2024-05-08,2024-05-09,2024-05-09,32.6,1924.78,On-time,False
SH000318,W02,ST02,CR04,2024-05-09,2024-05-10,2024-05-10,26.7,1820.46,On-time,False
SH000319,W02,ST02,CR02,2024-05-11,2024-05-12,2024-05-15,10.6,1113.03,Damaged,False
SH000320,W03,ST02,CR02,2024-05-13,2024-05-16,2024-05-20,417.6,17416.05,Delayed,False
SH000321,W02,ST02,CR05,2024-05-14,2024-05-15,2024-05-15,15.7,1405.06,On-time,False
SH000322,W02,ST02,CR03,2024-05-16,2024-05-17,2024-05-17,14.0,1026.24,On-time,False
SH000323,W02,ST02,CR05,2024-05-18,2024-05-19,2024-05-19,25.0,1447.16,On-time,False
SH000324,W02,ST02,CR03,2024-05-19,2024-05-20,2024-05-24,15.6,1147.48,Delayed,False
SH000325,W02,ST02,CR03,2024-05-20,2024-05-21,2024-05-21,17.0,1133.61,On-time,False
SH000326,W02,ST02,CR05,2024-05-21,2024-05-22,2024-05-22,30.0,1827.09,On-time,False
SH000327,W02,ST02,CR02,2024-05-22,2024-05-23,2024-05-23,17.0,1530.02,On-time,False
SH000328,W02,ST02,CR01,2024-05-24,2024-05-25,2024-05-25,34.3,2005.28,On-time,False
SH000329,W02,ST02,CR02,2024-05-25,2024-05-26,2024-05-26,10.8,782.5,On-time,False
SH000330,W02,ST02,CR01,2024-05-27,2024-05-28,2024-05-28,15.4,1012.9,On-time,False
SH000331,W02,ST02,CR01,2024-05-29,2024-05-30,2024-05-30,33.4,,On-time,False
SH000332,W02,ST02,CR02,2024-05-31,2024-06-01,2024-06-01,31.1,2172.9,On-time,False
SH000333,W02,ST02,CR01,2024-06-01,2024-06-02,2024-06-03,12.9,1025.83,Delayed,False
SH000334,W02,ST02,CR01,2024-06-02,2024-06-03,2024-06-03,32.7,2039.42,On-time,False
SH000335,W02,ST02,CR02,2024-06-04,2024-06-05,2024-06-09,31.2,1773.34,Damaged,False
SH000336,W02,ST02,CR02,2024-06-05,2024-06-06,2024-06-09,24.9,1290.78,Delayed,False
SH000337,W02,ST02,CR03,2024-06-06,2024-06-07,2024-06-07,33.0,2173.49,On-time,False
SH000338,W02,ST02,CR03,2024-06-08,2024-06-09,2024-06-09,27.6,1527.09,On-time,False
SH000339,W02,ST02,CR02,2024-06-09,2024-06-10,2024-06-13,17.8,991.62,Delayed,False
SH000340,W03,ST02,CR04,2024-06-10,2024-06-13,2024-06-15,417.6,21553.46,Delayed,False
SH000341,W01,ST02,CR02,2024-06-11,2024-06-13,2024-06-13,221.4,10314.81,On-time,False
SH000342,W02,ST02,CR03,2024-06-13,2024-06-14,2024-06-14,14.1,854.87,On-time,False
SH000343,W02,ST02,CR03,2024-06-15,2024-06-16,2024-06-16,24.0,1813.67,On-time,False
SH000344,W02,ST02,CR02,2024-06-17,2024-06-18,2024-06-19,15.6,845.21,Delayed,False
SH000345,W02,ST02,CR02,2024-06-18,2024-06-19,2024-06-19,18.6,1676.34,On-time,False
SH000346,W01,ST02,CR03,2024-06-19,2024-06-21,2024-06-23,221.4,10008.12,Delayed,False
SH000347,W02,ST02,CR02,2024-06-21,2024-06-22,2024-06-22,17.7,1151.78,On-time,False
SH000348,W02,ST02,CR03,2024-06-23,2024-06-24,2024-06-26,15.3,863.47,Delayed,False
SH000349,W02,ST02,CR02,2024-06-25,2024-06-26,2024-06-27,31.7,2346.03,Delayed,False
SH000350,W02,ST02,CR03,2024-06-27,2024-06-28,2024-06-28,9.8,897.85,On-time,False
SH000351,W02,ST02,CR05,2024-06-29,2024-06-30,2024-06-30,22.6,1428.73,On-time,False
SH000352,W02,ST02,CR03,2024-06-30,2024-07-01,2024-07-01,8.2,780.61,On-time,False
SH000353,W02,ST02,CR05,2024-07-01,2024-07-02,2024-07-02,31.3,2075.74,On-time,False
SH000354,W02,ST02,CR02,2024-07-02,2024-07-03,2024-07-03,15.4,1224.32,On-time,False
SH000355,W01,ST02,CR01,2024-07-04,2024-07-06,2024-07-10,221.4,12296.92,Delayed,False
SH000356,W02,ST02,CR01,2024-07-06,2024-07-07,2024-07-07,25.3,1550.36,On-time,False
SH000357,W02,ST02,CR02,2024-07-07,2024-07-08,2024-07-12,34.1,2243.33,Delayed,False
SH000358,W02,ST02,CR02,2024-07-08,2024-07-09,2024-07-09,9.1,839.15,On-time,False
SH000359,W02,ST02,CR04,2024-07-09,2024-07-10,2024-07-10,23.0,1695.37,On-time,False
SH000360,W02,ST02,CR01,2024-07-10,2024-07-11,2024-07-11,9.9,956.99,On-time,False
SH000361,W02,ST02,CR03,2024-07-11,2024-07-12,2024-07-12,25.3,1314.07,On-time,False
SH000362,W02,ST02,CR02,2024-07-13,2024-07-14,2024-07-14,8.4,586.09,On-time,False
SH000363,W02,ST02,CR04,2024-07-14,2024-07-15,2024-07-15,33.2,1814.51,On-time,False
SH000364,W02,ST02,CR05,2024-07-16,2024-07-17,2024-07-17,29.1,2118.76,On-time,False
SH000365,W02,ST02,CR05,2024-07-17,2024-07-18,2024-07-22,33.7,1969.38,Delayed,False
SH000366,W02,ST02,CR01,2024-07-18,2024-07-19,2024-07-19,32.9,1766.61,On-time,False
SH000367,W02,ST02,CR04,2024-07-19,2024-07-20,2024-07-22,25.0,1166.16,Delayed,False
SH000368,W02,ST02,CR03,2024-07-21,2024-07-22,2024-07-22,19.5,1587.66,On-time,False
SH000369,W03,ST02,CR05,2024-07-23,2024-07-26,2024-07-26,417.6,17798.57,On-time,False
SH000370,W02,ST02,CR02,2024-07-25,2024-07-26,2024-07-26,34.2,1835.24,On-time,False
SH000371,W01,ST02,CR03,2024-07-26,2024-07-28,2024-08-01,221.4,12882.23,Delayed,False
SH000372,W02,ST02,CR02,2024-07-27,2024-07-28,2024-07-28,10.2,847.25,On-time,False
SH000373,W02,ST02,CR02,2024-07-29,2024-07-30,2024-07-30,31.1,2222.0,On-time,False
SH000374,W02,ST02,CR02,2024-07-30,2024-07-31,2024-07-31,12.3,913.93,On-time,False
SH000375,W02,ST02,CR02,2024-08-01,2024-08-02,2024-08-02,30.0,1492.97,On-time,False
SH000376,W02,ST02,CR04,2024-08-02,2024-08-03,2024-08-07,8.9,963.86,Delayed,False
SH000377,W03,ST02,CR03,2024-08-03,2024-08-06,2024-08-06,417.6,17321.71,On-time,False
SH000378,W02,ST02,CR01,2024-08-04,2024-08-05,2024-08-05,10.7,1103.2,On-time,False
SH000379,W02,ST02,CR02,2024-08-06,2024-08-07,2024-08-09,11.7,881.41,Delayed,False
SH000380,W02,ST02,CR02,2024-08-08,2024-08-09,2024-08-09,33.2,1799.49,On-time,False
SH000381,W02,ST02,CR02,2024-08-10,2024-08-11,2024-08-11,17.4,1150.3,On-time,False
SH000382,W02,ST02,CR03,2024-08-11,2024-08-12,2024-08-12,30.3,2145.81,On-time,False
SH000383,W02,ST02,CR02,2024-08-12,2024-08-13,2024-08-16,14.8,890.57,Delayed,False
SH000384,W02,ST02,CR01,2024-08-13,2024-08-14,2024-08-14,11.9,1017.33,On-time,False
SH000385,W02,ST02,CR02,2024-08-14,2024-08-15,2024-08-15,11.5,1120.93,On-time,False
SH000386,W02,ST02,CR05,2024-08-16,2024-08-17,2024-08-17,23.3,,On-time,False
SH000387,W02,ST02,CR04,2024-08-18,2024-08-19,2024-08-19,8.2,689.2,On-time,False
SH000388,W02,ST02,CR04,2024-08-20,2024-08-21,2024-08-22,22.3,1356.98,Delayed,False
SH000389,W02,ST02,CR05,2024-08-21,2024-08-22,2024-08-22,29.6,1568.77,On-time,False
SH000390,W02,ST02,CR03,2024-08-22,2024-08-23,2024-08-23,8.0,1043.43,On-time,False
SH000391,W02,ST02,CR02,2024-08-23,2024-08-24,2024-08-24,23.2,1231.93,On-time,False
SH000392,W01,ST02,CR02,2024-08-25,2024-08-27,2024-08-27,221.4,10587.45,On-time,False
SH000393,W02,ST02,CR05,2024-08-26,2024-08-27,2024-08-27,32.7,1741.78,On-time,False
SH000394,W01,ST02,CR02,2024-08-28,2024-08-30,2024-09-03,221.4,11159.71,Delayed,False
SH000395,W02,ST02,CR02,2024-08-29,2024-08-30,2024-08-30,31.6,1364.1,On-time,False
SH000396,W02,ST02,CR05,2024-08-30,2024-08-31,2024-08-31,13.2,1003.12,On-time,False
SH000397,W02,ST02,CR03,2024-09-01,2024-09-02,2024-09-04,15.4,1157.94,Delayed,False
SH000398,W02,ST02,CR01,2024-09-02,2024-09-03,2024-09-05,23.1,1645.55,Delayed,False
SH000399,W02,ST02,CR03,2024-09-03,2024-09-04,2024-09-04,24.8,1793.63,On-time,False
SH000400,W02,ST02,CR03,2024-09-04,2024-09-05,2024-09-05,16.3,1769.17,On-time,False
SH000401,W02,ST02,CR04,2024-09-06,2024-09-07,2024-09-07,33.0,2490.84,On-time,False
SH000402,W02,ST02,CR02,2024-09-08,2024-09-09,2024-09-13,33.7,1878.61,Delayed,False
SH000403,W01,ST02,CR03,2024-09-09,2024-09-11,2024-09-12,221.4,13365.76,Delayed,False
SH000404,W02,ST02,CR02,2024-09-10,2024-09-11,2024-09-11,15.9,1251.73,On-time,False
SH000405,W02,ST02,CR02,2024-09-12,2024-09-13,2024-09-13,25.3,1378.48,On-time,False
SH000406,W02,ST02,CR04,2024-09-13,2024-09-14,2024-09-14,15.5,1204.85,On-time,False
SH000407,W03,ST02,CR04,2024-09-15,2024-09-18,2024-09-18,417.6,19813.28,On-time,False
SH000408,W02,ST02,CR04,2024-09-16,2024-09-17,2024-09-17,13.4,1003.0,On-time,False
SH000409,W01,ST02,CR02,2024-09-18,2024-09-20,2024-09-20,221.4,13164.52,On-time,False
SH000410,W02,ST02,CR02,2024-09-20,2024-09-21,2024-09-21,10.4,923.51,On-time,False
SH000411,W02,ST02,CR05,2024-09-22,2024-09-23,2024-09-23,26.7,1143.98,On-time,False
SH000412,W02,ST02,CR02,2024-09-23,2024-09-24,2024-09-26,22.5,1394.3,Delayed,False
SH000413,W02,ST02,CR02,2024-09-24,2024-09-25,2024-09-27,8.7,939.17,Delayed,False
SH000414,W02,ST02,CR03,2024-09-26,2024-09-27,2024-09-27,33.5,2111.01,On-time,False
SH000415,W02,ST02,CR04,2024-09-28,2024-09-29,2024-10-02,28.4,1497.47,Delayed,False
SH000416,W02,ST02,CR05,2024-09-29,2024-09-30,2024-09-30,33.7,1827.21,On-time,False
SH000417,W02,ST02,CR05,2024-09-30,2024-10-01,2024-10-04,25.0,1674.39,Delayed,False
SH000418,W02,ST02,CR05,2024-10-02,2024-10-03,2024-10-03,26.0,1621.97,On-time,False
SH000419,W02,ST02,CR03,2024-10-03,2024-10-04,2024-10-04,28.7,2096.53,On-time,False
SH000420,W02,ST02,CR05,2024-10-05,2024-10-06,2024-10-06,26.2,1734.06,On-time,False
SH000421,W02,ST02,CR03,2024-10-06,2024-10-07,2024-10-07,15.7,881.88,On-time,False
SH000422,W02,ST02,CR03,2024-10-07,2024-10-08,2024-10-11,29.6,1406.14,Delayed,False
SH000423,W02,ST02,CR01,2024-10-08,2024-10-09,2024-10-09,20.7,1363.72,On-time,False
SH000424,W02,ST02,CR02,2024-10-09,2024-10-10,2024-10-10,19.4,1819.71,On-time,False
SH000425,W02,ST02,CR02,2024-10-10,2024-10-11,2024-10-11,14.8,770.12,Lost,False
SH000426,W02,ST02,CR03,2024-10-11,2024-10-12,2024-10-14,7.8,743.75,Delayed,False
SH000427,W02,ST02,CR03,2024-10-12,2024-10-13,2024-10-13,32.2,1384.43,On-time,False
SH000428,W01,ST02,CR03,2024-10-13,2024-10-15,2024-10-15,221.4,8666.36,On-time,False
SH000429,W02,ST02,CR05,2024-10-14,2024-10-15,2024-10-15,22.3,1490.94,On-time,False
SH000430,W02,ST02,CR03,2024-10-16,2024-10-17,2024-10-17,30.6,1643.3,On-time,False
SH000431,W02,ST02,CR03,2024-10-17,2024-10-18,2024-10-18,24.1,1901.96,On-time,False
SH000432,W02,ST02,CR01,2024-10-19,2024-10-20,2024-10-20,31.9,1803.92,On-time,False
SH000433,W02,ST02,CR01,2024-10-20,2024-10-21,2024-10-21,24.1,1385.26,On-time,False
SH000434,W02,ST02,CR01,2024-10-22,2024-10-23,2024-10-23,25.5,1180.52,On-time,False
SH000435,W02,ST02,CR01,2024-10-23,2024-10-24,2024-10-24,15.3,1745.79,On-time,False
SH000436,W02,ST02,CR03,2024-10-24,2024-10-25,2024-10-25,30.0,,On-time,False
SH000437,W02,ST02,CR02,2024-10-25,2024-10-26,2024-10-30,34.8,2006.47,Delayed,False
SH000438,W02,ST02,CR01,2024-10-27,2024-10-28,2024-10-28,13.9,1066.61,On-time,False
SH000439,W02,ST02,CR04,2024-10-28,2024-10-29,2024-11-01,9.9,1011.89,Delayed,False
SH000440,W02,ST02,CR02,2024-10-29,2024-10-30,2024-10-30,24.7,1866.93,On-time,False
SH000441,W02,ST02,CR01,2024-10-30,2024-10-31,2024-10-31,14.3,914.82,On-time,False
SH000442,W02,ST02,CR05,2024-10-31,2024-11-01,2024-11-01,13.1,909.36,On-time,False
SH000443,W02,ST02,CR02,2024-11-01,2024-11-02,2024-11-02,31.4,1744.52,On-time,False
SH000444,W02,ST02,CR02,2024-11-03,2024-11-04,2024-11-04,33.5,2341.29,On-time,False
SH000445,W02,ST02,CR01,2024-11-05,2024-11-06,2024-11-06,11.0,985.35,On-time,False
SH000446,W02,ST02,CR05,2024-11-07,2024-11-08,2024-11-12,25.3,1537.02,Delayed,False
SH000447,W02,ST02,CR02,2024-11-08,2024-11-09,2024-11-09,12.6,1351.37,On-time,False
SH000448,W02,ST02,CR03,2024-11-09,2024-11-10,2024-11-10,6.5,1081.71,On-time,False
SH000449,W02,ST02,CR01,2024-11-10,2024-11-11,2024-11-11,30.4,1649.89,On-time,False
SH000450,W02,ST02,CR01,2024-11-11,2024-11-12,2024-11-15,6.7,667.5,Lost,False
SH000451,W02,ST02,CR03,2024-11-13,2024-11-14,2024-11-14,21.1,1552.27,On-time,False
SH000452,W02,ST02,CR01,2024-11-15,2024-11-16,2024-11-16,28.4,1851.94,On-time,False
SH000453,W02,ST02,CR05,2024-11-16,2024-11-17,2024-11-17,23.0,1311.24,On-time,False
SH000454,W01,ST02,CR01,2024-11-17,2024-11-19,2024-11-23,221.4,,Delayed,False
SH000455,W02,ST02,CR04,2024-11-19,2024-11-20,2024-11-20,20.4,1825.74,On-time,False
SH000456,W02,ST02,CR01,2024-11-21,2024-11-22,2024-11-22,27.0,1517.14,On-time,False
SH000457,W01,ST02,CR04,2024-11-22,2024-11-24,2024-11-24,221.4,11396.4,On-time,False
SH000458,W02,ST02,CR01,2024-11-24,2024-11-25,2024-11-25,19.3,1209.53,On-time,False
SH000459,W02,ST02,CR01,2024-11-25,2024-11-26,2024-11-26,9.2,802.65,On-time,False
SH000460,W02,ST02,CR03,2024-11-26,2024-11-27,2024-11-27,16.8,1295.34,On-time,False
SH000461,W02,ST02,CR01,2024-11-27,2024-11-28,2024-11-28,21.5,1276.07,On-time,False
SH000462,W02,ST02,CR04,2024-11-29,2024-11-30,2024-11-30,17.1,1196.46,On-time,False
SH000463,W02,ST02,CR05,2024-11-30,2024-12-01,2024-12-01,26.2,1425.02,On-time,False
SH000464,W02,ST02,CR03,2024-12-01,2024-12-02,2024-12-02,20.2,1301.47,On-time,False
SH000465,W02,ST02,CR03,2024-12-02,2024-12-03,2024-12-03,22.3,1773.54,On-time,False
SH000466,W02,ST02,CR05,2024-12-04,2024-12-05,2024-12-05,30.0,1971.5,On-time,False
SH000467,W02,ST02,CR01,2024-12-06,2024-12-07,2024-12-11,31.1,1957.81,Delayed,False
SH000468,W02,ST02,CR01,2024-12-08,2024-12-09,2024-12-09,10.1,696.16,On-time,False
SH000469,W02,ST02,CR03,2024-12-10,2024-12-11,2024-12-11,22.8,1521.03,On-time,False
SH000470,W02,ST02,CR02,2024-12-11,2024-12-12,2024-12-12,26.3,1636.09,On-time,False
SH000471,W02,ST02,CR03,2024-12-13,2024-12-14,2024-12-17,11.8,941.92,Delayed,False
SH000472,W02,ST02,CR01,2024-12-15,2024-12-16,2024-12-16,14.5,1722.37,On-time,False
SH000473,W02,ST02,CR04,2024-12-16,2024-12-17,2024-12-17,16.9,1475.52,On-time,False
SH000474,W03,ST02,CR02,2024-12-17,2024-12-20,2024-12-24,417.6,17019.89,Delayed,False
SH000475,W02,ST02,CR01,2024-12-19,2024-12-20,2024-12-20,34.9,2048.75,On-time,False
SH000476,W02,ST02,CR04,2024-12-21,2024-12-22,2024-12-24,19.6,1560.02,Delayed,False
SH000477,W02,ST02,CR04,2024-12-23,2024-12-24,2024-12-28,8.5,1009.49,Delayed,False
SH000478,W02,ST02,CR05,2024-12-24,2024-12-25,2024-12-25,26.2,1300.93,On-time,False
SH000479,W01,ST02,CR03,2024-12-25,2024-12-27,2024-12-27,221.4,,On-time,False
SH000480,W02,ST02,CR05,2024-12-26,2024-12-27,2024-12-27,26.9,1995.87,On-time,False
SH000481,W02,ST02,CR01,2024-12-27,2024-12-28,2024-12-28,12.9,873.15,On-time,False
SH000482,W02,ST02,CR01,2024-12-28,2024-12-29,2024-12-29,17.9,1242.86,On-time,False
SH000483,W02,ST02,CR02,2024-12-29,2024-12-30,2024-12-30,10.1,1007.99,On-time,False
SH000484,W02,ST02,CR05,2024-12-30,2024-12-31,2024-12-31,14.4,1373.51,On-time,False
SH000485,W02,ST02,CR03,2024-12-31,2025-01-01,2025-01-01,8.9,905.71,On-time,False
SH000486,W01,ST02,CR03,2025-01-01,2025-01-03,2025-01-07,221.4,9596.42,Delayed,False
SH000487,W02,ST02,CR04,2025-01-03,2025-01-04,2025-01-04,9.4,939.82,On-time,False
SH000488,W02,ST02,CR01,2025-01-04,2025-01-05,2025-01-05,24.0,1245.87,On-time,False
SH000489,W02,ST02,CR03,2025-01-05,2025-01-06,2025-01-06,12.6,1066.42,On-time,False
SH000490,W02,ST02,CR01,2025-01-07,2025-01-08,2025-01-08,24.8,1454.89,On-time,False
SH000491,W02,ST02,CR05,2025-01-08,2025-01-09,2025-01-09,13.0,1205.37,On-time,False
SH000492,W02,ST02,CR01,2025-01-09,2025-01-10,2025-01-10,12.1,1080.37,On-time,False
SH000493,W01,ST02,CR05,2025-01-11,2025-01-13,2025-01-16,221.4,10350.99,Delayed,False
SH000494,W02,ST02,CR02,2025-01-12,2025-01-13,2025-01-13,8.6,794.05,On-time,False
SH000495,W02,ST02,CR01,2025-01-14,2025-01-15,2025-01-15,6.3,,On-time,False
SH000496,W02,ST02,CR03,2025-01-15,2025-01-16,2025-01-16,33.0,,On-time,False
SH000497,W02,ST02,CR02,2025-01-16,2025-01-17,2025-01-17,13.9,1166.26,On-time,False
SH000498,W02,ST02,CR05,2025-01-17,2025-01-18,2025-01-18,31.7,,Damaged,False
SH000499,W03,ST02,CR02,2025-01-19,2025-01-22,2025-01-22,417.6,21157.95,On-time,False
SH000500,W02,ST02,CR05,2025-01-21,2025-01-22,2025-01-22,12.0,938.82,On-time,False
SH000501,W02,ST02,CR02,2025-01-23,2025-01-24,2025-01-24,19.4,1556.62,On-time,False
SH000502,W02,ST02,CR03,2025-01-24,2025-01-25,2025-01-28,23.6,1832.82,Delayed,False
SH000503,W02,ST02,CR01,2025-01-25,2025-01-26,2025-01-26,17.2,1195.25,On-time,False
SH000504,W02,ST02,CR04,2025-01-26,2025-01-27,2025-01-27,9.5,953.77,On-time,False
SH000505,W02,ST02,CR02,2025-01-28,2025-01-29,2025-02-02,25.0,1622.04,Delayed,False
SH000506,W02,ST02,CR02,2025-01-29,2025-01-30,2025-01-30,6.3,855.65,On-time,False
SH000507,W02,ST02,CR02,2025-01-31,2025-02-01,2025-02-01,11.1,1193.6,On-time,False
SH000508,W02,ST02,CR01,2025-02-01,2025-02-02,2025-02-02,9.1,960.95,On-time,False
SH000509,W02,ST02,CR04,2025-02-02,2025-02-03,2025-02-07,23.2,1762.2,Damaged,False
SH000510,W02,ST02,CR05,2025-02-03,2025-02-04,2025-02-04,24.7,,On-time,False
SH000511,W02,ST02,CR02,2025-02-05,2025-02-06,2025-02-06,12.8,1083.19,On-time,False
SH000512,W02,ST02,CR02,2025-02-06,2025-02-07,2025-02-07,21.5,1277.5,On-time,False
SH000513,W02,ST02,CR05,2025-02-07,2025-02-08,2025-02-08,30.4,1753.34,On-time,False
SH000514,W02,ST02,CR05,2025-02-08,2025-02-09,2025-02-09,26.4,1827.91,On-time,False
SH000515,W02,ST02,CR05,2025-02-10,2025-02-11,2025-02-11,34.9,2110.75,On-time,False
SH000516,W02,ST02,CR01,2025-02-12,2025-02-13,2025-02-13,29.1,1807.66,On-time,False
SH000517,W02,ST02,CR04,2025-02-14,2025-02-15,2025-02-15,19.3,1868.23,On-time,False
SH000518,W02,ST02,CR05,2025-02-15,2025-02-16,2025-02-16,25.7,1918.25,On-time,False
SH000519,W02,ST02,CR05,2025-02-17,2025-02-18,2025-02-18,20.1,1475.56,On-time,False
SH000520,W02,ST02,CR02,2025-02-19,2025-02-20,2025-02-20,21.2,1295.38,On-time,False
SH000521,W02,ST02,CR01,2025-02-20,2025-02-21,2025-02-21,27.6,1716.93,On-time,False
SH000522,W03,ST02,CR04,2025-02-21,2025-02-24,2025-02-26,417.6,16272.12,Delayed,False
SH000523,W02,ST02,CR03,2025-02-22,2025-02-23,2025-02-23,7.2,909.07,On-time,False
SH000524,W02,ST02,CR02,2025-02-24,2025-02-25,2025-02-25,15.3,1229.35,On-time,False
SH000525,W02,ST99,CR01,2025-02-25,2025-02-26,2025-02-26,34.8,1952.97,On-time,True
SH000526,W02,ST02,CR01,2025-02-26,2025-02-27,2025-02-27,21.0,1477.8,On-time,False
SH000527,W02,ST02,CR02,2025-02-27,2025-02-28,2025-03-04,25.5,1372.77,Delayed,False
SH000528,W01,ST02,CR03,2025-02-28,2025-03-02,2025-03-02,221.4,9269.52,On-time,False
SH000529,W02,ST02,CR04,2025-03-02,2025-03-03,2025-03-03,26.1,1374.98,On-time,False
SH000530,W02,ST99,CR01,2025-03-04,2025-03-05,2025-03-07,8.3,957.61,Delayed,True
SH000531,W01,ST02,CR04,2025-03-05,2025-03-07,2025-03-09,221.4,9428.56,Delayed,False
SH000532,W02,ST02,CR05,2025-03-06,2025-03-07,2025-03-07,14.7,1005.73,On-time,False
SH000533,W02,ST02,CR03,2025-03-08,2025-03-09,2025-03-09,14.6,1076.76,On-time,False
SH000534,W02,ST02,CR01,2025-03-10,2025-03-11,2025-03-14,14.2,1109.4,Delayed,False
SH000535,W02,ST02,CR03,2025-03-12,2025-03-13,2025-03-13,26.8,1500.37,On-time,False
SH000536,W02,ST02,CR01,2025-03-13,2025-03-14,2025-03-18,15.6,887.88,Delayed,False
SH000537,W02,ST02,CR04,2025-03-14,2025-03-15,2025-03-16,27.1,1606.69,Delayed,False
SH000538,W02,ST02,CR01,2025-03-16,2025-03-17,2025-03-17,10.8,909.04,On-time,False
SH000539,W02,ST02,CR02,2025-03-18,2025-03-19,2025-03-19,29.3,2088.57,Lost,False
SH000540,W02,ST02,CR05,2025-03-19,2025-03-20,2025-03-20,31.7,1592.31,On-time,False
SH000541,W03,ST02,CR02,2025-03-20,2025-03-23,2025-03-23,417.6,24055.19,On-time,False
SH000542,W02,ST02,CR05,2025-03-21,2025-03-22,2025-03-22,21.1,1378.84,On-time,False
SH000543,W02,ST02,CR02,2025-03-23,2025-03-24,2025-03-24,17.8,1167.34,Lost,False
SH000544,W02,ST02,CR03,2025-03-25,2025-03-26,2025-03-26,21.4,1436.21,On-time,False
SH000545,W02,ST02,CR01,2025-03-27,2025-03-28,2025-03-31,10.0,1073.12,Delayed,False
SH000546,W02,ST02,CR02,2025-03-28,2025-03-29,2025-03-29,20.6,1939.5,On-time,False
SH000547,W02,ST02,CR03,2025-03-30,2025-03-31,2025-03-31,20.9,1376.21,On-time,False
SH000548,W02,ST02,CR05,2025-03-31,2025-04-01,2025-04-01,33.3,1771.65,On-time,False
SH000549,W01,ST02,CR02,2025-04-02,2025-04-04,2025-04-04,221.4,9206.94,On-time,False
SH000550,W03,ST02,CR04,2025-04-03,2025-04-06,2025-04-09,417.6,17318.38,Delayed,False
SH000551,W02,ST02,CR05,2025-04-05,2025-04-06,2025-04-06,26.5,,On-time,False
SH000552,W02,ST02,CR05,2025-04-07,2025-04-08,2025-04-08,17.9,1547.82,Damaged,False
SH000553,W02,ST02,CR01,2025-04-08,2025-04-09,2025-04-09,10.9,908.23,On-time,False
SH000554,W02,ST02,CR04,2025-04-09,2025-04-10,2025-04-10,21.3,1357.97,On-time,False
SH000555,W02,ST02,CR04,2025-04-10,2025-04-11,2025-04-13,10.8,911.24,Delayed,False
SH000556,W02,ST02,CR01,2025-04-12,2025-04-13,2025-04-13,24.4,1097.44,On-time,False
SH000557,W02,ST02,CR01,2025-04-14,2025-04-15,2025-04-15,8.7,910.49,On-time,False
SH000558,W02,ST02,CR01,2025-04-16,2025-04-17,2025-04-17,20.4,1461.44,On-time,False
SH000559,W02,ST02,CR05,2025-04-18,2025-04-19,2025-04-19,19.9,1304.65,On-time,False
SH000560,W02,ST02,CR05,2025-04-19,2025-04-20,2025-04-20,20.1,1047.11,On-time,False
SH000561,W03,ST02,CR03,2025-04-20,2025-04-23,2025-04-23,417.6,21278.25,On-time,False
SH000562,W02,ST02,CR04,2025-04-22,2025-04-23,2025-04-23,20.1,,On-time,False
SH000563,W02,ST02,CR05,2025-04-24,2025-04-25,2025-04-25,32.8,2393.45,Damaged,False
SH000564,W02,ST02,CR02,2025-04-25,2025-04-26,2025-04-26,21.5,1207.5,On-time,False
SH000565,W02,ST02,CR02,2025-04-26,2025-04-27,2025-04-27,19.5,2175.82,On-time,False
SH000566,W02,ST02,CR01,2025-04-28,2025-04-29,2025-05-01,25.0,1806.81,Delayed,False
SH000567,W02,ST02,CR03,2025-04-30,2025-05-01,2025-05-04,18.4,1574.21,Delayed,False
SH000568,W02,ST02,CR02,2025-05-01,2025-05-02,2025-05-02,21.4,1643.1,On-time,False
SH000569,W02,ST02,CR05,2025-05-02,2025-05-03,2025-05-05,10.1,772.8,Delayed,False
SH000570,W02,ST02,CR04,2025-05-03,2025-05-04,2025-05-07,17.2,1130.85,Delayed,False
SH000571,W01,ST02,CR03,2025-05-04,2025-05-06,2025-05-06,221.4,10188.64,On-time,False
SH000572,W01,ST02,CR04,2025-05-05,2025-05-07,2025-05-07,221.4,9935.95,On-time,False
SH000573,W02,ST02,CR04,2025-05-06,2025-05-07,2025-05-09,10.3,867.95,Delayed,False
SH000574,W02,ST02,CR05,2025-05-08,2025-05-09,2025-05-09,26.8,1224.57,On-time,False
SH000575,W02,ST02,CR01,2025-05-09,2025-05-10,2025-05-14,17.2,1127.14,Delayed,False
SH000576,W02,ST02,CR03,2025-05-10,2025-05-11,2025-05-11,20.0,1338.25,On-time,False
SH000577,W02,ST02,CR01,2025-05-11,2025-05-12,2025-05-12,13.5,1507.03,Damaged,False
SH000578,W02,ST02,CR03,2025-05-13,2025-05-14,2025-05-14,29.9,1654.17,On-time,False
SH000579,W02,ST02,CR01,2025-05-14,2025-05-15,2025-05-15,14.4,,On-time,False
SH000580,W02,ST02,CR02,2025-05-16,2025-05-17,2025-05-17,6.5,954.5,On-time,False
SH000581,W01,ST02,CR01,2025-05-17,2025-05-19,2025-05-19,221.4,9949.58,On-time,False
SH000582,W02,ST02,CR02,2025-05-19,2025-05-20,2025-05-20,33.8,2276.17,On-time,False
SH000583,W02,ST02,CR01,2025-05-20,2025-05-21,2025-05-21,26.0,1055.79,On-time,False
SH000584,W02,ST02,CR02,2025-05-21,2025-05-22,2025-05-22,16.2,1270.92,On-time,False
SH000585,W02,ST02,CR03,2025-05-22,2025-05-23,2025-05-23,16.8,1144.63,On-time,False
SH000586,W02,ST02,CR03,2025-05-24,2025-05-25,2025-05-25,20.3,1775.91,On-time,False
SH000587,W02,ST02,CR05,2025-05-25,2025-05-26,2025-05-26,20.6,1594.54,On-time,False
SH000588,W02,ST02,CR01,2025-05-26,2025-05-27,2025-05-27,31.9,2053.79,On-time,False
SH000589,W02,ST02,CR02,2025-05-28,2025-05-29,2025-05-29,30.5,1444.38,On-time,False
SH000590,W02,ST02,CR04,2025-05-29,2025-05-30,2025-05-30,30.8,2004.17,On-time,False
SH000591,W02,ST02,CR01,2025-05-30,2025-05-31,2025-05-31,13.6,983.64,On-time,False
SH000592,W02,ST02,CR02,2025-05-31,2025-06-01,2025-06-01,13.8,981.47,On-time,False
SH000593,W02,ST02,CR04,2025-06-01,2025-06-02,2025-06-02,11.8,953.53,On-time,False
SH000594,W02,ST02,CR01,2025-06-02,2025-06-03,2025-06-03,31.9,1965.49,On-time,False
SH000595,W02,ST02,CR02,2025-06-03,2025-06-04,2025-06-04,34.4,2033.89,On-time,False
SH000596,W03,ST02,CR02,2025-06-05,2025-06-08,2025-06-12,417.6,21608.76,Delayed,False
SH000597,W02,ST02,CR01,2025-06-07,2025-06-08,2025-06-08,30.7,2081.01,On-time,False
SH000598,W02,ST02,CR05,2025-06-08,2025-06-09,2025-06-09,18.6,1390.61,On-time,False
SH000599,W02,ST02,CR01,2025-06-10,2025-06-11,2025-06-15,29.3,1625.29,Delayed,False
SH000600,W02,ST02,CR01,2025-06-12,2025-06-13,2025-06-13,18.5,1003.39,On-time,False
SH000601,W02,ST02,CR04,2025-06-13,2025-06-14,2025-06-14,15.0,1083.97,On-time,False
SH000602,W02,ST02,CR01,2025-06-14,2025-06-15,2025-06-15,19.0,1303.12,On-time,False
SH000603,W02,ST02,CR01,2025-06-16,2025-06-17,2025-06-17,25.6,1610.39,On-time,False
SH000604,W02,ST02,CR01,2025-06-17,2025-06-18,2025-06-18,34.0,2105.43,On-time,False
SH000605,W02,ST02,CR03,2025-06-18,2025-06-19,2025-06-19,11.6,897.04,On-time,False
SH000606,W02,ST02,CR01,2025-06-19,2025-06-20,2025-06-20,33.2,1723.94,On-time,False
SH000607,W02,ST02,CR05,2025-06-20,2025-06-21,2025-06-23,32.5,2119.97,Delayed,False
SH000608,W02,ST02,CR05,2025-06-22,2025-06-23,2025-06-23,8.9,887.42,On-time,False
SH000609,W02,ST02,CR04,2025-06-24,2025-06-25,2025-06-25,16.4,988.93,On-time,False
SH000610,W02,ST02,CR04,2025-06-26,2025-06-27,2025-06-27,12.4,1160.73,On-time,False
SH000611,W02,ST02,CR03,2025-06-27,2025-06-28,2025-06-28,28.3,1807.84,On-time,False
SH000612,W02,ST02,CR05,2025-06-29,2025-06-30,2025-06-30,19.1,1238.06,On-time,False
SH000613,W02,ST02,CR01,2025-07-01,2025-07-02,2025-07-02,11.6,1290.1,On-time,False
SH000614,W02,ST02,CR04,2025-07-02,2025-07-03,2025-07-07,27.2,1594.85,Delayed,False
SH000615,W02,ST02,CR02,2025-07-03,2025-07-04,2025-07-04,34.9,1868.29,On-time,False
SH000616,W02,ST02,CR03,2025-07-05,2025-07-06,2025-07-06,8.7,933.57,On-time,False
SH000617,W02,ST02,CR04,2025-07-06,2025-07-07,2025-07-08,12.3,752.8,Delayed,False
SH000618,W02,ST02,CR01,2025-07-07,2025-07-08,2025-07-10,18.0,1287.99,Delayed,False
SH000619,W02,ST02,CR02,2025-07-09,2025-07-10,2025-07-10,32.2,,On-time,False
SH000620,W01,ST02,CR05,2025-07-10,2025-07-12,2025-07-16,221.4,10493.7,Delayed,False
SH000621,W02,ST02,CR03,2025-07-12,2025-07-13,2025-07-13,15.3,1247.12,On-time,False
SH000622,W02,ST02,CR05,2025-07-14,2025-07-15,2025-07-15,21.3,1628.07,On-time,False
SH000623,W02,ST02,CR04,2025-07-15,2025-07-16,2025-07-20,9.8,1114.4,Delayed,False
SH000624,W02,ST02,CR01,2025-07-17,2025-07-18,2025-07-18,12.7,885.35,On-time,False
SH000625,W02,ST02,CR01,2025-07-18,2025-07-19,2025-07-19,32.1,1879.61,On-time,False
SH000626,W02,ST02,CR01,2025-07-19,2025-07-20,2025-07-23,18.2,1266.98,Delayed,False
SH000627,W02,ST02,CR03,2025-07-20,2025-07-21,2025-07-24,33.2,1633.99,Delayed,False
SH000628,W02,ST02,CR03,2025-07-21,2025-07-22,2025-07-24,26.7,1869.12,Damaged,False
SH000629,W02,ST02,CR03,2025-07-22,2025-07-23,2025-07-23,18.9,,On-time,False
SH000630,W02,ST02,CR02,2025-07-23,2025-07-24,2025-07-24,33.6,2316.31,On-time,False
SH000631,W02,ST02,CR04,2025-07-25,2025-07-26,2025-07-28,24.9,1573.26,Delayed,False
SH000632,W02,ST02,CR05,2025-07-26,2025-07-27,2025-07-27,34.7,1366.06,On-time,False
SH000633,W02,ST02,CR01,2025-07-28,2025-07-29,2025-07-29,17.0,1030.95,On-time,False
SH000634,W02,ST02,CR04,2025-07-30,2025-07-31,2025-07-31,18.1,1653.17,On-time,False
SH000635,W02,ST02,CR02,2025-07-31,2025-08-01,2025-08-01,30.4,1756.36,On-time,False
SH000636,W02,ST02,CR05,2025-08-02,2025-08-03,2025-08-03,26.7,1377.6,On-time,False
SH000637,W02,ST02,CR01,2025-08-03,2025-08-04,2025-08-04,19.6,1371.5,On-time,False
SH000638,W02,ST02,CR01,2025-08-04,2025-08-05,2025-08-05,34.2,1850.54,On-time,False
SH000639,W02,ST02,CR04,2025-08-05,2025-08-06,2025-08-06,20.1,1367.09,On-time,False
SH000640,W02,ST02,CR02,2025-08-07,2025-08-08,2025-08-08,9.9,1050.68,On-time,False
SH000641,W03,ST02,CR04,2025-08-09,2025-08-12,2025-08-12,417.6,17772.01,On-time,False
SH000642,W01,ST02,CR05,2025-08-11,2025-08-13,2025-08-13,221.4,10991.15,On-time,False
SH000643,W02,ST02,CR03,2025-08-12,2025-08-13,2025-08-14,11.7,,Delayed,False
SH000644,W02,ST02,CR02,2025-08-14,2025-08-15,2025-08-18,29.6,1730.03,Delayed,False
SH000645,W02,ST02,CR02,2025-08-16,2025-08-17,2025-08-17,28.9,1872.83,On-time,False
SH000646,W02,ST02,CR05,2025-08-17,2025-08-18,2025-08-18,11.9,820.01,On-time,False
SH000647,W02,ST02,CR04,2025-08-19,2025-08-20,2025-08-20,14.6,1294.7,On-time,False
SH000648,W03,ST02,CR03,2025-08-21,2025-08-24,2025-08-24,417.6,25582.69,On-time,False
SH000649,W02,ST02,CR05,2025-08-23,2025-08-24,2025-08-24,22.7,1514.55,On-time,False
SH000650,W02,ST02,CR01,2025-08-24,2025-08-25,2025-08-25,31.8,,On-time,False
SH000651,W02,ST02,CR02,2025-08-26,2025-08-27,2025-08-27,12.2,936.95,On-time,False
SH000652,W02,ST02,CR05,2025-08-28,2025-08-29,2025-08-29,17.7,1234.66,On-time,False
SH000653,W02,ST02,CR05,2025-08-29,2025-08-30,2025-08-31,18.4,1289.75,Delayed,False
SH000654,W01,ST02,CR02,2025-08-30,2025-09-01,2025-09-02,221.4,12959.11,Delayed,False
SH000655,W02,ST02,CR04,2025-09-01,2025-09-02,2025-09-02,28.0,1993.01,On-time,False
SH000656,W02,ST02,CR04,2025-09-02,2025-09-03,2025-09-03,20.7,1327.52,On-time,False
SH000657,W02,ST02,CR05,2025-09-03,2025-09-04,2025-09-04,17.3,1568.91,On-time,False
SH000658,W02,ST02,CR01,2025-09-04,2025-09-05,2025-09-05,23.7,1724.74,On-time,False
SH000659,W02,ST02,CR04,2025-09-05,2025-09-06,2025-09-08,18.0,1695.63,Delayed,False
SH000660,W02,ST02,CR05,2025-09-07,2025-09-08,2025-09-08,9.9,1042.68,On-time,False
SH000661,W02,ST02,CR05,2025-09-09,2025-09-10,2025-09-10,13.4,1158.7,Damaged,False
SH000662,W02,ST02,CR03,2025-09-11,2025-09-12,2025-09-12,13.4,983.3,On-time,False
SH000663,W02,ST02,CR01,2025-09-12,2025-09-13,2025-09-15,15.6,1023.88,Delayed,False
SH000664,W02,ST02,CR04,2025-09-13,2025-09-14,2025-09-14,18.6,1340.96,On-time,False
SH000665,W02,ST02,CR01,2025-09-15,2025-09-16,2025-09-16,34.3,1911.58,On-time,False
SH000666,W02,ST02,CR05,2025-09-16,2025-09-17,2025-09-17,13.1,861.93,Damaged,False
SH000667,W02,ST02,CR04,2025-09-17,2025-09-18,2025-09-18,7.5,1163.97,On-time,False
SH000668,W01,ST02,CR01,2025-09-18,2025-09-20,2025-09-20,221.4,11984.66,On-time,False
SH000669,W02,ST02,CR03,2025-09-20,2025-09-21,2025-09-21,32.8,2020.68,On-time,False
SH000670,W02,ST02,CR01,2025-09-21,2025-09-22,2025-09-22,29.0,2207.99,On-time,False
SH000671,W02,ST02,CR03,2025-09-23,2025-09-24,2025-09-24,26.6,1909.23,On-time,False
SH000672,W02,ST02,CR01,2025-09-24,2025-09-25,2025-09-25,8.5,810.52,On-time,False
SH000673,W02,ST02,CR03,2025-09-26,2025-09-27,2025-09-27,12.2,1038.98,On-time,False
SH000674,W02,ST02,CR02,2025-09-27,2025-09-28,2025-09-30,23.5,1644.9,Delayed,False
SH000675,W03,ST02,CR01,2025-09-28,2025-10-01,2025-10-01,417.6,,On-time,False
SH000676,W02,ST02,CR01,2025-09-29,2025-09-30,2025-09-30,19.6,1334.63,On-time,False
SH000677,W02,ST02,CR05,2025-09-30,2025-10-01,2025-10-01,17.0,999.76,On-time,False
SH000678,W02,ST02,CR05,2025-10-02,2025-10-03,2025-10-03,16.1,1518.95,On-time,False
SH000679,W02,ST02,CR05,2025-10-03,2025-10-04,2025-10-04,16.6,1890.21,On-time,False
SH000680,W02,ST02,CR02,2025-10-04,2025-10-05,2025-10-06,23.5,1412.57,Delayed,False
SH000681,W03,ST02,CR04,2025-10-05,2025-10-08,2025-10-08,417.6,18002.35,On-time,False
SH000682,W02,ST02,CR05,2025-10-07,2025-10-08,2025-10-08,9.4,921.72,On-time,False
SH000683,W02,ST02,CR04,2025-10-08,2025-10-09,2025-10-09,23.7,1604.08,On-time,False
SH000684,W02,ST02,CR01,2025-10-09,2025-10-10,2025-10-10,8.3,804.9,On-time,False
SH000685,W02,ST02,CR01,2025-10-10,2025-10-11,2025-10-11,8.9,918.49,On-time,False
SH000686,W02,ST02,CR03,2025-10-12,2025-10-13,2025-10-13,34.7,1876.63,On-time,False
SH000687,W02,ST02,CR03,2025-10-14,2025-10-15,2025-10-15,34.8,2036.21,On-time,False
SH000688,W02,ST02,CR01,2025-10-15,2025-10-16,2025-10-16,29.8,2030.2,On-time,False
SH000689,W02,ST02,CR01,2025-10-17,2025-10-18,2025-10-18,15.1,1104.08,On-time,False
SH000690,W02,ST02,CR05,2025-10-18,2025-10-19,2025-10-19,10.8,805.9,On-time,False
SH000691,W02,ST02,CR02,2025-10-20,2025-10-21,2025-10-21,8.1,614.44,On-time,False
SH000692,W02,ST02,CR02,2025-10-21,2025-10-22,2025-10-22,26.6,1554.18,On-time,False
SH000693,W02,ST02,CR05,2025-10-22,2025-10-23,2025-10-23,23.5,1416.66,On-time,False
SH000694,W02,ST02,CR03,2025-10-23,2025-10-24,2025-10-24,22.5,1422.1,On-time,False
SH000695,W02,ST02,CR02,2025-10-25,2025-10-26,2025-10-26,24.7,1499.85,On-time,False
SH000696,W02,ST02,CR05,2025-10-26,2025-10-27,2025-10-27,16.0,987.6,On-time,False
SH000697,W02,ST02,CR05,2025-10-27,2025-10-28,2025-10-28,23.6,,On-time,False
SH000698,W03,ST02,CR05,2025-10-29,2025-11-01,2025-11-01,417.6,19851.02,On-time,False
SH000699,W02,ST02,CR03,2025-10-30,2025-10-31,2025-10-31,18.0,1165.35,On-time,False
SH000700,W02,ST02,CR03,2025-10-31,2025-11-01,2025-11-01,8.4,611.45,On-time,False
SH000701,W02,ST02,CR05,2025-11-02,2025-11-03,2025-11-03,25.9,1835.5,On-time,False
SH000702,W02,ST02,CR03,2025-11-03,2025-11-04,2025-11-04,17.8,1468.19,On-time,False
SH000703,W02,ST02,CR04,2025-11-05,2025-11-06,2025-11-06,17.8,1403.02,On-time,False
SH000704,W02,ST02,CR01,2025-11-06,2025-11-07,2025-11-07,11.3,1025.05,On-time,False
SH000705,W02,ST02,CR01,2025-11-07,2025-11-08,2025-11-08,33.7,1916.47,On-time,False
SH000706,W02,ST02,CR03,2025-11-08,2025-11-09,2025-11-09,5.3,837.53,On-time,False
SH000707,W02,ST02,CR04,2025-11-09,2025-11-10,2025-11-10,8.6,825.85,On-time,False
SH000708,W02,ST02,CR01,2025-11-10,2025-11-11,2025-11-11,25.3,1376.72,On-time,False
SH000709,W02,ST02,CR02,2025-11-12,2025-11-13,2025-11-17,19.0,1276.93,Delayed,False
SH000710,W02,ST02,CR01,2025-11-14,2025-11-15,2025-11-15,21.6,1425.88,On-time,False
SH000711,W02,ST02,CR05,2025-11-16,2025-11-17,2025-11-17,33.3,1745.31,On-time,False
SH000712,W02,ST02,CR03,2025-11-17,2025-11-18,2025-11-18,17.3,,On-time,False
SH000713,W02,ST02,CR04,2025-11-19,2025-11-20,2025-11-22,12.8,924.65,Delayed,False
SH000714,W02,ST02,CR01,2025-11-21,2025-11-22,2025-11-22,11.9,873.41,On-time,False
SH000715,W02,ST02,CR03,2025-11-23,2025-11-24,2025-11-24,27.7,1716.25,On-time,False
SH000716,W02,ST02,CR05,2025-11-24,2025-11-25,2025-11-25,18.2,1072.94,On-time,False
SH000717,W02,ST02,CR04,2025-11-26,2025-11-27,2025-11-27,25.8,1961.89,On-time,False
SH000718,W02,ST02,CR04,2025-11-27,2025-11-28,2025-11-28,18.3,1096.72,On-time,False
SH000719,W02,ST02,CR01,2025-11-29,2025-11-30,2025-11-30,15.4,1204.0,On-time,False
SH000720,W01,ST02,CR03,2025-11-30,2025-12-02,2025-12-02,221.4,8674.38,On-time,False
SH000721,W03,ST02,CR01,2025-12-01,2025-12-04,2025-12-04,417.6,21454.77,On-time,False
SH000722,W02,ST02,CR02,2025-12-02,2025-12-03,2025-12-03,33.5,2032.97,On-time,False
SH000723,W02,ST02,CR03,2025-12-03,2025-12-04,2025-12-04,8.5,767.33,On-time,False
SH000724,W02,ST02,CR03,2025-12-05,2025-12-06,2025-12-06,10.3,606.53,On-time,False
SH000725,W02,ST02,CR02,2025-12-06,2025-12-07,2025-12-07,16.4,1155.78,On-time,False
SH000726,W02,ST02,CR05,2025-12-08,2025-12-09,2025-12-13,13.6,1111.22,Delayed,False
SH000727,W02,ST02,CR05,2025-12-09,2025-12-10,2025-12-12,20.8,1469.53,Delayed,False
SH000728,W02,ST02,CR03,2025-12-10,2025-12-11,2025-12-11,22.7,,On-time,False
SH000729,W02,ST02,CR01,2025-12-11,2025-12-12,2025-12-13,25.1,1913.06,Delayed,False
SH000730,W02,ST02,CR01,2025-12-13,2025-12-14,2025-12-14,10.2,939.05,On-time,False
SH000731,W02,ST02,CR01,2025-12-14,2025-12-15,2025-12-15,29.5,2063.35,On-time,False
SH000732,W03,ST02,CR04,2025-12-15,2025-12-18,2025-12-18,417.6,18521.69,On-time,False
SH000733,W02,ST02,CR01,2025-12-16,2025-12-17,2025-12-17,19.8,1502.87,On-time,False
SH000734,W02,ST02,CR03,2025-12-17,2025-12-18,2025-12-18,6.9,831.91,On-time,False
SH000735,W02,ST02,CR03,2025-12-18,2025-12-19,2025-12-22,27.4,1575.0,Delayed,False
SH000736,W03,ST02,CR03,2025-12-19,2025-12-22,2025-12-22,417.6,21478.79,Damaged,False
SH000737,W02,ST02,CR05,2025-12-21,2025-12-22,2025-12-22,10.5,995.39,On-time,False
SH000738,W02,ST02,CR05,2025-12-23,2025-12-24,2025-12-24,26.8,1420.78,On-time,False
SH000739,W02,ST02,CR02,2025-12-24,2025-12-25,2025-12-25,12.3,1031.73,On-time,False
SH000740,W02,ST02,CR02,2025-12-26,2025-12-27,2025-12-27,19.6,1376.43,On-time,False
SH000741,W02,ST02,CR03,2025-12-27,2025-12-28,2025-12-28,8.6,855.2,On-time,False
SH000742,W02,ST02,CR05,2025-12-29,2025-12-30,2025-12-30,22.8,1298.24,On-time,False
SH000743,W02,ST02,CR03,2025-12-31,2026-01-01,,5.7,544.78,In-Transit,False
SH000744,W03,ST03,CR02,2024-01-04,2024-01-06,2024-01-09,201.8,8430.88,Delayed,False
SH000745,W03,ST03,CR02,2024-01-06,2024-01-08,2024-01-08,201.8,8779.4,On-time,False
SH000746,W03,ST03,CR03,2024-01-09,2024-01-11,2024-01-11,201.8,9152.24,On-time,False
SH000747,W03,ST03,CR01,2024-01-11,2024-01-13,2024-01-13,201.8,8365.48,On-time,False
SH000748,W03,ST03,CR01,2024-01-15,2024-01-17,2024-01-17,201.8,7846.88,On-time,False
SH000749,W03,ST03,CR03,2024-01-17,2024-01-19,2024-01-19,201.8,8451.69,On-time,False
SH000750,W03,ST03,CR01,2024-01-20,2024-01-22,2024-01-22,201.8,9144.01,On-time,False
SH000751,W03,ST03,CR01,2024-01-23,2024-01-25,2024-01-27,201.8,7353.96,Delayed,False
SH000752,W03,ST03,CR01,2024-01-27,2024-01-29,2024-01-29,201.8,11028.72,On-time,False
SH000753,W03,ST03,CR03,2024-01-30,2024-02-01,2024-02-01,201.8,8356.61,On-time,False
SH000754,W03,ST03,CR01,2024-02-02,2024-02-04,2024-02-04,201.8,10445.65,On-time,False
SH000755,W03,ST03,CR01,2024-02-05,2024-02-07,2024-02-07,201.8,10242.52,On-time,False
SH000756,W03,ST03,CR04,2024-02-09,2024-02-11,2024-02-11,201.8,8687.77,On-time,False
SH000757,W03,ST03,CR02,2024-02-11,2024-02-13,2024-02-14,201.8,8052.09,Delayed,False
SH000758,W03,ST03,CR01,2024-02-13,2024-02-15,2024-02-15,201.8,11223.71,On-time,False
SH000759,W03,ST03,CR02,2024-02-17,2024-02-19,2024-02-19,201.8,9559.21,Damaged,False
SH000760,W03,ST03,CR03,2024-02-20,2024-02-22,2024-02-22,201.8,10101.28,On-time,False
SH000761,W03,ST03,CR03,2024-02-23,2024-02-25,2024-02-25,201.8,7888.28,On-time,False
SH000762,W03,ST03,CR03,2024-02-26,2024-02-28,2024-02-28,201.8,12070.88,On-time,False
SH000763,W03,ST03,CR03,2024-02-29,2024-03-02,2024-03-02,201.8,9227.4,On-time,False
SH000764,W03,ST03,CR04,2024-03-04,2024-03-06,2024-03-06,201.8,8502.76,On-time,False
SH000765,W03,ST03,CR02,2024-03-07,2024-03-09,2024-03-09,201.8,11693.35,On-time,False
SH000766,W02,ST03,CR04,2024-03-11,2024-03-13,2024-03-14,252.7,10984.45,Delayed,False
SH000767,W03,ST03,CR01,2024-03-16,2024-03-18,2024-03-18,201.8,,On-time,False
SH000768,W02,ST03,CR05,2024-03-18,2024-03-20,2024-03-20,252.7,11344.31,On-time,False
SH000769,W03,ST03,CR02,2024-03-20,2024-03-22,2024-03-22,201.8,9756.85,On-time,False
SH000770,W03,ST03,CR02,2024-03-25,2024-03-27,2024-03-29,201.8,8274.46,Delayed,False
SH000771,W03,ST03,CR03,2024-03-29,2024-03-31,2024-04-01,201.8,9165.33,Delayed,False
SH000772,W03,ST03,CR05,2024-04-01,2024-04-03,2024-04-03,201.8,8639.25,On-time,False
SH000773,W03,ST03,CR02,2024-04-06,2024-04-08,2024-04-08,201.8,10786.54,On-time,False
SH000774,W03,ST03,CR01,2024-04-08,2024-04-10,2024-04-11,201.8,9606.79,Delayed,False
SH000775,W01,ST03,CR04,2024-04-12,2024-04-14,2024-04-14,145.6,7662.58,On-time,False
SH000776,W03,ST03,CR02,2024-04-16,2024-04-18,2024-04-18,201.8,10068.53,On-time,False
SH000777,W03,ST03,CR05,2024-04-20,2024-04-22,2024-04-22,201.8,8581.28,On-time,False
SH000778,W03,ST03,CR05,2024-04-25,2024-04-27,2024-04-27,201.8,10961.54,On-time,False
SH000779,W03,ST03,CR05,2024-04-27,2024-04-29,2024-05-03,201.8,8656.13,Delayed,False
SH000780,W03,ST03,CR04,2024-04-30,2024-05-02,2024-05-05,201.8,9829.54,Delayed,False
SH000781,W03,ST03,CR02,2024-05-04,2024-05-06,2024-05-06,201.8,7905.22,On-time,False
SH000782,W02,ST03,CR02,2024-05-09,2024-05-11,2024-05-11,252.7,12471.4,On-time,False
SH000783,W03,ST03,CR04,2024-05-12,2024-05-14,2024-05-14,201.8,8294.21,On-time,False
SH000784,W03,ST03,CR05,2024-05-16,2024-05-18,2024-05-18,201.8,8949.35,Damaged,False
SH000785,W01,ST03,CR05,2024-05-20,2024-05-22,2024-05-22,145.6,8253.7,Damaged,False
SH000786,W03,ST03,CR01,2024-05-24,2024-05-26,2024-05-27,201.8,8472.08,Delayed,False
SH000787,W03,ST03,CR02,2024-05-27,2024-05-29,2024-05-29,201.8,10461.57,On-time,False
SH000788,W03,ST03,CR02,2024-06-01,2024-06-03,2024-06-03,201.8,10867.25,On-time,False
SH000789,W03,ST03,CR03,2024-06-05,2024-06-07,2024-06-10,201.8,,Lost,False
SH000790,W03,ST03,CR01,2024-06-10,2024-06-12,2024-06-13,201.8,9810.32,Delayed,False
SH000791,W03,ST03,CR02,2024-06-14,2024-06-16,2024-06-16,201.8,7557.93,On-time,False
SH000792,W03,ST03,CR03,2024-06-17,2024-06-19,2024-06-19,201.8,10915.86,On-time,False
SH000793,W03,ST03,CR05,2024-06-22,2024-06-24,2024-06-24,201.8,8599.49,Damaged,False
SH000794,W03,ST03,CR05,2024-06-26,2024-06-28,2024-06-28,201.8,9252.84,On-time,False
SH000795,W03,ST03,CR01,2024-06-30,2024-07-02,2024-07-02,201.8,,On-time,False
SH000796,W03,ST03,CR04,2024-07-05,2024-07-07,2024-07-07,201.8,8812.79,On-time,False
SH000797,W03,ST03,CR02,2024-07-09,2024-07-11,2024-07-11,201.8,10297.61,On-time,False
SH000798,W03,ST03,CR04,2024-07-13,2024-07-15,2024-07-15,201.8,9375.09,On-time,False
SH000799,W03,ST03,CR04,2024-07-16,2024-07-18,2024-07-18,201.8,11244.4,On-time,False
SH000800,W03,ST03,CR02,2024-07-18,2024-07-20,2024-07-20,201.8,11113.03,On-time,False
SH000801,W03,ST03,CR02,2024-07-21,2024-07-23,2024-07-23,201.8,,On-time,False
SH000802,W03,ST03,CR05,2024-07-23,2024-07-25,2024-07-27,201.8,8269.96,Delayed,False
SH000803,W03,ST03,CR05,2024-07-28,2024-07-30,2024-07-30,201.8,,On-time,False
SH000804,W03,ST03,CR03,2024-08-02,2024-08-04,2024-08-05,201.8,11753.82,Delayed,False
SH000805,W03,ST03,CR01,2024-08-06,2024-08-08,2024-08-08,201.8,12260.82,On-time,False
SH000806,W03,ST03,CR04,2024-08-09,2024-08-11,2024-08-11,201.8,8985.51,Damaged,False
SH000807,W03,ST03,CR05,2024-08-13,2024-08-15,2024-08-15,201.8,10131.29,On-time,False
SH000808,W03,ST03,CR04,2024-08-16,2024-08-18,2024-08-18,201.8,7930.67,On-time,False
SH000809,W03,ST03,CR01,2024-08-21,2024-08-23,2024-08-23,201.8,10105.47,On-time,False
SH000810,W03,ST03,CR02,2024-08-26,2024-08-28,2024-08-31,201.8,8338.27,Delayed,False
SH000811,W03,ST03,CR02,2024-08-29,2024-08-31,2024-09-03,201.8,10608.77,Delayed,False
SH000812,W03,ST03,CR02,2024-09-02,2024-09-04,2024-09-04,201.8,,On-time,False
SH000813,W03,ST03,CR02,2024-09-04,2024-09-06,2024-09-06,201.8,,On-time,False
SH000814,W03,ST03,CR02,2024-09-09,2024-09-11,2024-09-11,201.8,11099.09,On-time,False
SH000815,W03,ST03,CR05,2024-09-14,2024-09-16,2024-09-16,201.8,8557.96,On-time,False
SH000816,W03,ST03,CR05,2024-09-18,2024-09-20,2024-09-20,201.8,7934.17,On-time,False
SH000817,W03,ST03,CR01,2024-09-22,2024-09-24,2024-09-24,201.8,11000.94,On-time,False
SH000818,W03,ST03,CR01,2024-09-27,2024-09-29,2024-09-29,201.8,11576.85,On-time,False
SH000819,W03,ST03,CR02,2024-09-30,2024-10-02,2024-10-02,201.8,8748.28,On-time,False
SH000820,W03,ST03,CR04,2024-10-03,2024-10-05,2024-10-06,201.8,6933.87,Delayed,False
SH000821,W03,ST03,CR02,2024-10-07,2024-10-09,2024-10-13,201.8,10467.32,Delayed,False
SH000822,W03,ST03,CR01,2024-10-09,2024-10-11,2024-10-15,201.8,9167.75,Delayed,False
SH000823,W03,ST03,CR03,2024-10-12,2024-10-14,2024-10-15,201.8,10509.15,Delayed,False
SH000824,W01,ST03,CR04,2024-10-15,2024-10-17,2024-10-17,145.6,6969.11,On-time,False
SH000825,W03,ST03,CR01,2024-10-18,2024-10-20,2024-10-20,201.8,11098.73,On-time,False
SH000826,W03,ST03,CR03,2024-10-20,2024-10-22,2024-10-22,201.8,9207.72,On-time,False
SH000827,W03,ST03,CR01,2024-10-24,2024-10-26,2024-10-26,201.8,8076.34,On-time,False
SH000828,W01,ST03,CR03,2024-10-27,2024-10-29,2024-10-29,145.6,6398.67,On-time,False
SH000829,W03,ST03,CR05,2024-10-31,2024-11-02,2024-11-02,201.8,9026.45,On-time,False
SH000830,W03,ST03,CR01,2024-11-03,2024-11-05,2024-11-06,201.8,9277.48,Delayed,False
SH000831,W01,ST03,CR02,2024-11-06,2024-11-08,2024-11-10,145.6,8431.1,Delayed,False
SH000832,W03,ST03,CR02,2024-11-10,2024-11-12,2024-11-12,201.8,9971.5,On-time,False
SH000833,W03,ST03,CR05,2024-11-12,2024-11-14,2024-11-14,201.8,7844.06,On-time,False
SH000834,W03,ST03,CR02,2024-11-15,2024-11-17,2024-11-17,201.8,8405.82,On-time,False
SH000835,W02,ST03,CR02,2024-11-20,2024-11-22,2024-11-25,252.7,9555.9,Delayed,False
SH000836,W03,ST03,CR02,2024-11-23,2024-11-25,2024-11-25,201.8,11174.35,On-time,False
SH000837,W03,ST03,CR02,2024-11-28,2024-11-30,2024-11-30,201.8,10829.67,On-time,False
SH000838,W03,ST03,CR01,2024-12-01,2024-12-03,2024-12-03,201.8,10991.24,On-time,False
SH000839,W03,ST03,CR04,2024-12-06,2024-12-08,2024-12-08,201.8,7714.7,On-time,False
SH000840,W03,ST03,CR01,2024-12-10,2024-12-12,2024-12-12,201.8,11751.78,On-time,False
SH000841,W03,ST03,CR01,2024-12-14,2024-12-16,2024-12-16,201.8,11216.75,On-time,False
SH000842,W02,ST03,CR05,2024-12-19,2024-12-21,2024-12-25,252.7,12083.81,Delayed,False
SH000843,W03,ST03,CR01,2024-12-22,2024-12-24,2024-12-24,201.8,9681.23,On-time,False
SH000844,W03,ST03,CR02,2024-12-27,2024-12-29,2025-01-01,201.8,10036.47,Delayed,False
SH000845,W03,ST03,CR03,2025-01-01,2025-01-03,2025-01-03,201.8,11072.09,Damaged,False
SH000846,W03,ST03,CR02,2025-01-05,2025-01-07,2025-01-07,201.8,10863.53,On-time,False
SH000847,W03,ST03,CR01,2025-01-08,2025-01-10,2025-01-10,201.8,9234.62,On-time,False
SH000848,W03,ST03,CR02,2025-01-11,2025-01-13,2025-01-13,201.8,10277.55,On-time,False
SH000849,W03,ST03,CR02,2025-01-15,2025-01-17,2025-01-17,201.8,,On-time,False
SH000850,W03,ST03,CR04,2025-01-19,2025-01-21,2025-01-25,201.8,9201.65,Delayed,False
SH000851,W03,ST03,CR03,2025-01-21,2025-01-23,2025-01-23,201.8,11021.42,On-time,False
SH000852,W03,ST03,CR04,2025-01-24,2025-01-26,2025-01-26,201.8,8485.73,On-time,False
SH000853,W03,ST03,CR02,2025-01-26,2025-01-28,2025-01-28,201.8,11293.95,On-time,False
SH000854,W03,ST03,CR05,2025-01-29,2025-01-31,2025-01-31,201.8,9196.93,On-time,False
SH000855,W03,ST03,CR01,2025-02-01,2025-02-03,2025-02-03,201.8,8962.58,On-time,False
SH000856,W03,ST03,CR03,2025-02-06,2025-02-08,2025-02-08,201.8,7748.37,On-time,False
SH000857,W03,ST03,CR03,2025-02-10,2025-02-12,2025-02-12,201.8,8891.01,On-time,False
SH000858,W03,ST03,CR02,2025-02-14,2025-02-16,2025-02-16,201.8,11614.32,On-time,False
SH000859,W01,ST03,CR03,2025-02-16,2025-02-18,2025-02-18,145.6,5559.63,On-time,False
SH000860,W03,ST03,CR02,2025-02-19,2025-02-21,2025-02-21,201.8,8866.83,On-time,False
SH000861,W03,ST03,CR01,2025-02-23,2025-02-25,2025-02-25,201.8,7208.42,On-time,False
SH000862,W03,ST03,CR01,2025-02-26,2025-02-28,2025-02-28,201.8,9335.0,On-time,False
SH000863,W03,ST03,CR03,2025-03-02,2025-03-04,2025-03-04,201.8,10295.21,On-time,False
SH000864,W02,ST03,CR01,2025-03-06,2025-03-08,2025-03-08,252.7,13936.2,On-time,False
SH000865,W03,ST03,CR02,2025-03-11,2025-03-13,2025-03-13,201.8,9948.05,On-time,False
SH000866,W03,ST03,CR05,2025-03-14,2025-03-16,2025-03-16,201.8,10689.49,On-time,False
SH000867,W03,ST03,CR03,2025-03-19,2025-03-21,2025-03-21,201.8,12235.14,On-time,False
SH000868,W01,ST03,CR04,2025-03-23,2025-03-25,2025-03-25,145.6,9010.3,On-time,False
SH000869,W03,ST03,CR03,2025-03-27,2025-03-29,2025-03-29,201.8,10605.51,On-time,False
SH000870,W03,ST03,CR01,2025-03-31,2025-04-02,2025-04-06,201.8,8023.52,Delayed,False
SH000871,W03,ST03,CR01,2025-04-02,2025-04-04,2025-04-04,201.8,10231.26,On-time,False
SH000872,W03,ST03,CR05,2025-04-06,2025-04-08,2025-04-08,201.8,9273.23,On-time,False
SH000873,W03,ST03,CR01,2025-04-08,2025-04-10,2025-04-10,201.8,12308.57,On-time,False
SH000874,W03,ST03,CR02,2025-04-13,2025-04-15,2025-04-18,201.8,8760.15,Delayed,False
SH000875,W03,ST03,CR02,2025-04-16,2025-04-18,2025-04-18,201.8,9755.82,On-time,False
SH000876,W03,ST03,CR03,2025-04-19,2025-04-21,2025-04-22,201.8,9873.83,Damaged,False
SH000877,W02,ST03,CR04,2025-04-23,2025-04-25,2025-04-27,252.7,12329.18,Delayed,False
SH000878,W03,ST03,CR02,2025-04-28,2025-04-30,2025-04-30,201.8,9147.62,On-time,False
SH000879,W03,ST03,CR05,2025-05-02,2025-05-04,2025-05-04,201.8,10254.46,On-time,False
SH000880,W03,ST03,CR05,2025-05-06,2025-05-08,2025-05-08,201.8,10435.88,On-time,False
SH000881,W03,ST03,CR01,2025-05-10,2025-05-12,2025-05-12,201.8,,On-time,False
SH000882,W03,ST03,CR02,2025-05-14,2025-05-16,2025-05-16,201.8,10148.69,On-time,False
SH000883,W03,ST03,CR01,2025-05-17,2025-05-19,2025-05-21,201.8,8669.54,Delayed,False
SH000884,W03,ST03,CR04,2025-05-20,2025-05-22,2025-05-23,201.8,10704.25,Delayed,False
SH000885,W03,ST03,CR01,2025-05-25,2025-05-27,2025-05-27,201.8,10752.68,On-time,False
SH000886,W02,ST03,CR01,2025-05-29,2025-05-31,2025-06-03,252.7,,Delayed,False
SH000887,W03,ST03,CR03,2025-05-31,2025-06-02,2025-06-02,201.8,11416.41,On-time,False
SH000888,W03,ST03,CR01,2025-06-05,2025-06-07,2025-06-07,201.8,,On-time,False
SH000889,W03,ST03,CR03,2025-06-10,2025-06-12,2025-06-12,201.8,10717.36,On-time,False
SH000890,W03,ST03,CR01,2025-06-14,2025-06-16,2025-06-16,201.8,10448.9,On-time,False
SH000891,W03,ST03,CR04,2025-06-19,2025-06-21,2025-06-21,201.8,6939.3,On-time,False
SH000892,W03,ST03,CR02,2025-06-22,2025-06-24,2025-06-24,201.8,10743.37,On-time,False
SH000893,W03,ST03,CR04,2025-06-26,2025-06-28,2025-06-30,201.8,8322.6,Delayed,False
SH000894,W03,ST03,CR01,2025-06-30,2025-07-02,2025-07-04,201.8,7122.68,Delayed,False
SH000895,W03,ST03,CR04,2025-07-03,2025-07-05,2025-07-05,201.8,10163.16,On-time,False
SH000896,W03,ST03,CR03,2025-07-07,2025-07-09,2025-07-09,201.8,8474.59,On-time,False
SH000897,W03,ST03,CR02,2025-07-11,2025-07-13,2025-07-13,201.8,9552.78,Damaged,False
SH000898,W03,ST03,CR05,2025-07-15,2025-07-17,2025-07-17,201.8,11063.59,On-time,False
SH000899,W03,ST03,CR03,2025-07-20,2025-07-22,2025-07-22,201.8,9923.5,On-time,False
SH000900,W03,ST03,CR02,2025-07-24,2025-07-26,2025-07-26,201.8,11253.43,On-time,False
SH000901,W03,ST03,CR02,2025-07-28,2025-07-30,2025-07-30,201.8,7740.03,On-time,False
SH000902,W03,ST03,CR05,2025-07-31,2025-08-02,2025-08-02,201.8,9086.79,On-time,False
SH000903,W03,ST03,CR01,2025-08-02,2025-08-04,2025-08-04,201.8,,On-time,False
SH000904,W03,ST03,CR01,2025-08-05,2025-08-07,2025-08-07,201.8,8590.37,On-time,False
SH000905,W03,ST03,CR04,2025-08-10,2025-08-12,2025-08-12,201.8,8280.32,On-time,False
SH000906,W01,ST03,CR03,2025-08-14,2025-08-16,2025-08-16,145.6,5379.65,Damaged,False
SH000907,W03,ST03,CR04,2025-08-18,2025-08-20,2025-08-22,201.8,,Delayed,False
SH000908,W03,ST03,CR01,2025-08-22,2025-08-24,2025-08-24,201.8,12775.64,Lost,False
SH000909,W03,ST03,CR01,2025-08-25,2025-08-27,2025-08-27,201.8,9767.61,On-time,False
SH000910,W03,ST03,CR03,2025-08-28,2025-08-30,2025-08-30,201.8,7917.68,On-time,False
SH000911,W02,ST03,CR04,2025-09-01,2025-09-03,2025-09-03,252.7,11382.06,On-time,False
SH000912,W03,ST03,CR05,2025-09-05,2025-09-07,2025-09-07,201.8,7727.62,On-time,False
SH000913,W03,ST03,CR01,2025-09-08,2025-09-10,2025-09-11,201.8,10837.1,Delayed,False
SH000914,W03,ST03,CR02,2025-09-11,2025-09-13,2025-09-17,201.8,10220.39,Delayed,False
SH000915,W03,ST03,CR03,2025-09-13,2025-09-15,2025-09-16,201.8,11996.11,Delayed,False
SH000916,W03,ST03,CR04,2025-09-18,2025-09-20,2025-09-20,201.8,10354.09,On-time,False
SH000917,W01,ST03,CR01,2025-09-21,2025-09-23,2025-09-23,145.6,6886.91,On-time,False
SH000918,W03,ST03,CR05,2025-09-26,2025-09-28,2025-09-28,201.8,7084.42,On-time,False
SH000919,W03,ST03,CR03,2025-09-30,2025-10-02,2025-10-02,201.8,11713.63,On-time,False
SH000920,W03,ST03,CR02,2025-10-03,2025-10-05,2025-10-05,201.8,12222.14,Damaged,False
SH000921,W03,ST03,CR02,2025-10-08,2025-10-10,2025-10-10,201.8,7455.3,On-time,False
SH000922,W03,ST03,CR01,2025-10-11,2025-10-13,2025-10-13,201.8,,On-time,False
SH000923,W03,ST03,CR01,2025-10-14,2025-10-16,2025-10-16,201.8,10536.52,On-time,False
SH000924,W03,ST03,CR05,2025-10-19,2025-10-21,2025-10-21,201.8,8792.44,On-time,False
SH000925,W03,ST03,CR03,2025-10-24,2025-10-26,2025-10-26,201.8,11169.6,On-time,False
SH000926,W03,ST03,CR01,2025-10-27,2025-10-29,2025-10-29,201.8,8347.64,On-time,False
SH000927,W03,ST03,CR02,2025-10-31,2025-11-02,2025-11-02,201.8,9507.32,On-time,False
SH000928,W03,ST03,CR02,2025-11-04,2025-11-06,2025-11-06,201.8,9766.81,On-time,False
SH000929,W03,ST03,CR01,2025-11-09,2025-11-11,2025-11-11,201.8,7736.68,On-time,False
SH000930,W03,ST03,CR01,2025-11-13,2025-11-15,2025-11-15,201.8,9771.7,On-time,False
SH000931,W03,ST03,CR02,2025-11-15,2025-11-17,2025-11-21,201.8,8266.55,Delayed,False
SH000932,W03,ST03,CR03,2025-11-19,2025-11-21,2025-11-24,201.8,8119.15,Delayed,False
SH000933,W03,ST03,CR01,2025-11-22,2025-11-24,2025-11-24,201.8,11309.49,On-time,False
SH000934,W02,ST03,CR03,2025-11-25,2025-11-27,2025-12-01,252.7,13458.54,Delayed,False
SH000935,W03,ST03,CR03,2025-11-28,2025-11-30,2025-11-30,201.8,11266.24,On-time,False
SH000936,W03,ST03,CR01,2025-12-02,2025-12-04,2025-12-08,201.8,10799.13,Delayed,False
SH000937,W03,ST03,CR05,2025-12-05,2025-12-07,2025-12-07,201.8,10025.09,On-time,False
SH000938,W03,ST03,CR05,2025-12-07,2025-12-09,2025-12-09,201.8,10243.6,On-time,False
SH000939,W03,ST03,CR01,2025-12-10,2025-12-12,2025-12-12,201.8,9153.11,On-time,False
SH000940,W03,ST03,CR03,2025-12-13,2025-12-15,2025-12-15,201.8,8947.07,On-time,False
SH000941,W03,ST03,CR05,2025-12-18,2025-12-20,2025-12-20,201.8,10226.92,On-time,False
SH000942,W03,ST03,CR05,2025-12-20,2025-12-22,2025-12-22,201.8,11779.37,On-time,False
SH000943,W02,ST03,CR03,2025-12-24,2025-12-26,2025-12-26,252.7,13674.51,On-time,False
SH000944,W03,ST03,CR03,2025-12-27,2025-12-29,2025-12-29,201.8,7152.88,On-time,False
SH000945,W03,ST04,CR03,2024-01-02,2024-01-03,2024-01-03,27.3,1819.51,On-time,False
SH000946,W03,ST04,CR02,2024-01-06,2024-01-07,2024-01-07,34.5,2166.75,Damaged,False
SH000947,W03,ST04,CR03,2024-01-10,2024-01-11,2024-01-11,18.2,1014.77,On-time,False
SH000948,W03,ST04,CR05,2024-01-13,2024-01-14,2024-01-14,8.3,629.33,On-time,False
SH000949,W03,ST04,CR05,2024-01-17,2024-01-18,2024-01-18,17.5,,On-time,False
SH000950,W03,ST04,CR05,2024-01-20,2024-01-21,2024-01-21,8.8,993.39,On-time,False
SH000951,W03,ST04,CR01,2024-01-24,2024-01-25,2024-01-25,30.6,1985.25,On-time,False
SH000952,W03,ST04,CR03,2024-01-27,2024-01-28,2024-01-28,26.5,1685.48,On-time,False
SH000953,W03,ST04,CR05,2024-01-30,2024-01-31,2024-01-31,18.8,992.05,On-time,False
SH000954,W03,ST04,CR01,2024-02-03,2024-02-04,2024-02-04,16.1,1040.33,Damaged,False
SH000955,W03,ST04,CR02,2024-02-07,2024-02-08,2024-02-08,30.1,1789.8,On-time,False
SH000956,W03,ST04,CR02,2024-02-09,2024-02-10,2024-02-13,9.7,1085.59,Delayed,False
SH000957,W03,ST04,CR01,2024-02-13,2024-02-14,2024-02-14,15.8,,On-time,False
SH000958,W03,ST04,CR05,2024-02-16,2024-02-17,2024-02-17,18.6,1603.49,On-time,False
SH000959,W03,ST04,CR04,2024-02-20,2024-02-21,2024-02-21,14.9,1557.45,On-time,False
SH000960,W03,ST04,CR01,2024-02-24,2024-02-25,2024-02-25,33.5,1716.29,On-time,False
SH000961,W03,ST04,CR05,2024-02-27,2024-02-28,2024-03-02,12.0,1018.98,Delayed,False
SH000962,W03,ST04,CR03,2024-03-02,2024-03-03,2024-03-03,15.1,825.1,On-time,False
SH000963,W01,ST04,CR05,2024-03-05,2024-03-07,2024-03-09,210.3,10036.87,Delayed,False
SH000964,W03,ST04,CR02,2024-03-09,2024-03-10,2024-03-10,18.1,1192.61,On-time,False
SH000965,W03,ST04,CR03,2024-03-13,2024-03-14,2024-03-14,9.4,1055.66,On-time,False
SH000966,W03,ST04,CR02,2024-03-17,2024-03-18,2024-03-18,32.6,1685.25,On-time,False
SH000967,W03,ST04,CR02,2024-03-21,2024-03-22,2024-03-25,13.6,1010.65,Delayed,False
SH000968,W03,ST04,CR03,2024-03-24,2024-03-25,2024-03-25,23.8,1339.41,On-time,False
SH000969,W03,ST04,CR02,2024-03-26,2024-03-27,2024-03-27,28.4,1607.22,On-time,False
SH000970,W03,ST04,CR03,2024-03-29,2024-03-30,2024-03-30,24.1,1213.44,On-time,False
SH000971,W03,ST04,CR01,2024-03-31,2024-04-01,2024-04-01,9.2,867.93,On-time,False
SH000972,W01,ST04,CR01,2024-04-04,2024-04-06,2024-04-06,210.3,,On-time,False
SH000973,W03,ST04,CR05,2024-04-07,2024-04-08,2024-04-08,13.0,1119.55,On-time,False
SH000974,W03,ST04,CR01,2024-04-11,2024-04-12,2024-04-12,30.8,1507.36,On-time,False
SH000975,W03,ST04,CR05,2024-04-14,2024-04-15,2024-04-15,14.4,,On-time,False
SH000976,W03,ST04,CR01,2024-04-19,2024-04-20,2024-04-20,9.8,855.76,On-time,False
SH000977,W03,ST04,CR01,2024-04-23,2024-04-24,2024-04-28,28.9,1857.5,Delayed,False
SH000978,W03,ST04,CR01,2024-04-26,2024-04-27,2024-04-30,20.6,1169.35,Delayed,False
SH000979,W03,ST04,CR05,2024-04-29,2024-04-30,2024-04-30,19.6,2152.15,On-time,False
SH000980,W03,ST04,CR01,2024-05-03,2024-05-04,2024-05-04,14.6,1156.24,On-time,False
SH000981,W03,ST04,CR04,2024-05-06,2024-05-07,2024-05-08,10.9,1133.48,Delayed,False
SH000982,W03,ST04,CR01,2024-05-10,2024-05-11,2024-05-11,22.2,1447.58,On-time,False
SH000983,W03,ST04,CR05,2024-05-13,2024-05-14,2024-05-14,21.4,1331.82,On-time,False
SH000984,W03,ST04,CR03,2024-05-16,2024-05-17,2024-05-17,20.7,1324.03,On-time,False
SH000985,W03,ST04,CR01,2024-05-20,2024-05-21,2024-05-21,21.6,1453.23,Lost,False
SH000986,W03,ST04,CR01,2024-05-23,2024-05-24,2024-05-24,31.5,1548.95,On-time,False
SH000987,W02,ST04,CR02,2024-05-26,2024-05-29,2024-05-29,417.6,17720.24,On-time,False
SH000988,W01,ST04,CR05,2024-05-28,2024-05-30,2024-05-30,210.3,10787.67,On-time,False
SH000989,W03,ST04,CR02,2024-05-31,2024-06-01,2024-06-01,12.2,901.39,On-time,False
SH000990,W01,ST04,CR03,2024-06-02,2024-06-04,2024-06-08,210.3,10373.52,Delayed,False
SH000991,W03,ST04,CR02,2024-06-04,2024-06-05,2024-06-06,29.0,1224.39,Delayed,False
SH000992,W03,ST04,CR05,2024-06-08,2024-06-09,2024-06-09,26.8,,On-time,False
SH000993,W03,ST04,CR03,2024-06-12,2024-06-13,2024-06-13,13.4,1762.16,On-time,False
SH000994,W03,ST04,CR04,2024-06-16,2024-06-17,2024-06-17,13.1,773.44,On-time,False
SH000995,W03,ST04,CR05,2024-06-20,2024-06-21,2024-06-24,19.6,1524.43,Delayed,False
SH000996,W03,ST04,CR03,2024-06-24,2024-06-25,2024-06-25,20.0,1434.9,On-time,False
SH000997,W03,ST04,CR02,2024-06-27,2024-06-28,2024-06-28,9.7,1246.95,On-time,False
SH000998,W03,ST04,CR03,2024-07-01,2024-07-02,2024-07-02,11.5,,On-time,False
SH000999,W03,ST04,CR05,2024-07-03,2024-07-04,2024-07-04,18.6,1239.24,On-time,False
SH001000,W03,ST04,CR03,2024-07-07,2024-07-08,2024-07-08,24.7,1533.93,On-time,False
SH001001,W03,ST04,CR04,2024-07-09,2024-07-10,2024-07-10,9.8,990.92,On-time,False
SH001002,W03,ST04,CR03,2024-07-13,2024-07-14,2024-07-14,33.5,2033.13,On-time,False
SH001003,W03,ST04,CR03,2024-07-17,2024-07-18,2024-07-18,28.0,2012.3,On-time,False
SH001004,W03,ST04,CR01,2024-07-19,2024-07-20,2024-07-20,23.3,1451.02,On-time,False
SH001005,W03,ST04,CR02,2024-07-23,2024-07-24,2024-07-24,10.0,876.99,On-time,False
SH001006,W03,ST04,CR03,2024-07-27,2024-07-28,2024-07-29,30.3,1559.32,Delayed,False
SH001007,W03,ST04,CR01,2024-07-30,2024-07-31,2024-07-31,16.4,1316.63,On-time,False
SH001008,W03,ST04,CR03,2024-08-03,2024-08-04,2024-08-04,5.4,753.64,On-time,False
SH001009,W01,ST04,CR01,2024-08-07,2024-08-09,2024-08-11,210.3,13269.92,Delayed,False
SH001010,W03,ST04,CR05,2024-08-11,2024-08-12,2024-08-12,12.1,1230.31,On-time,False
SH001011,W03,ST04,CR04,2024-08-13,2024-08-14,2024-08-14,33.5,2329.25,On-time,False
SH001012,W03,ST04,CR05,2024-08-16,2024-08-17,2024-08-17,29.9,1438.08,On-time,False
SH001013,W03,ST04,CR01,2024-08-19,2024-08-20,2024-08-20,12.0,,On-time,False
SH001014,W03,ST04,CR05,2024-08-22,2024-08-23,2024-08-24,15.6,,Delayed,False
SH001015,W03,ST04,CR02,2024-08-24,2024-08-25,2024-08-26,33.1,1754.53,Delayed,False
SH001016,W03,ST04,CR04,2024-08-28,2024-08-29,2024-08-29,18.2,1264.15,On-time,False
SH001017,W03,ST04,CR02,2024-08-31,2024-09-01,2024-09-01,16.2,950.18,On-time,False
SH001018,W03,ST04,CR03,2024-09-04,2024-09-05,2024-09-07,28.3,1656.6,Delayed,False
SH001019,W03,ST04,CR01,2024-09-07,2024-09-08,2024-09-08,10.4,957.18,On-time,False
SH001020,W03,ST04,CR02,2024-09-10,2024-09-11,2024-09-11,27.8,1353.35,On-time,False
SH001021,W03,ST04,CR03,2024-09-14,2024-09-15,2024-09-15,28.6,1540.61,On-time,False
SH001022,W03,ST04,CR02,2024-09-16,2024-09-17,2024-09-21,15.9,1144.65,Delayed,False
SH001023,W03,ST04,CR01,2024-09-20,2024-09-21,2024-09-21,27.0,1743.45,Damaged,False
SH001024,W03,ST04,CR02,2024-09-23,2024-09-24,2024-09-24,24.4,1290.56,On-time,False
SH001025,W03,ST04,CR05,2024-09-25,2024-09-26,2024-09-26,26.7,1499.71,Damaged,False
SH001026,W02,ST04,CR01,2024-09-28,2024-10-01,2024-10-01,417.6,21010.58,On-time,False
SH001027,W01,ST04,CR02,2024-09-30,2024-10-02,2024-10-04,210.3,9364.18,Delayed,False
SH001028,W03,ST04,CR01,2024-10-03,2024-10-04,2024-10-04,19.6,1420.07,On-time,False
SH001029,W03,ST04,CR03,2024-10-07,2024-10-08,2024-10-08,14.7,1065.99,On-time,False
SH001030,W03,ST04,CR03,2024-10-10,2024-10-11,2024-10-11,32.9,1755.57,On-time,False
SH001031,W03,ST04,CR05,2024-10-14,2024-10-15,2024-10-15,13.5,840.81,On-time,False
SH001032,W03,ST04,CR01,2024-10-17,2024-10-18,2024-10-18,34.1,1914.66,On-time,False
SH001033,W03,ST04,CR04,2024-10-19,2024-10-20,2024-10-20,31.2,1693.33,On-time,False
SH001034,W02,ST04,CR01,2024-10-23,2024-10-26,2024-10-26,417.6,17956.32,On-time,False
SH001035,W03,ST04,CR03,2024-10-26,2024-10-27,2024-10-31,27.9,1494.99,Delayed,False
SH001036,W03,ST04,CR03,2024-10-30,2024-10-31,2024-11-02,17.6,1015.21,Delayed,False
SH001037,W03,ST04,CR02,2024-11-02,2024-11-03,2024-11-03,31.9,2067.82,On-time,False
SH001038,W03,ST04,CR02,2024-11-04,2024-11-05,2024-11-05,29.6,1726.24,On-time,False
SH001039,W01,ST04,CR04,2024-11-08,2024-11-10,2024-11-10,210.3,13137.06,On-time,False
SH001040,W03,ST04,CR04,2024-11-10,2024-11-11,2024-11-15,8.9,734.24,Delayed,False
SH001041,W03,ST04,CR03,2024-11-14,2024-11-15,2024-11-15,21.0,,On-time,False
SH001042,W03,ST04,CR01,2024-11-16,2024-11-17,2024-11-17,16.7,1125.6,On-time,False
SH001043,W02,ST04,CR03,2024-11-19,2024-11-22,2024-11-22,417.6,18294.29,On-time,False
SH001044,W03,ST04,CR05,2024-11-21,2024-11-22,2024-11-22,22.4,1307.91,On-time,False
SH001045,W03,ST04,CR02,2024-11-25,2024-11-26,2024-11-26,29.7,1945.76,On-time,False
SH001046,W03,ST04,CR02,2024-11-28,2024-11-29,2024-11-30,13.6,974.56,Delayed,False
SH001047,W03,ST04,CR02,2024-12-01,2024-12-02,2024-12-02,30.3,1505.47,On-time,False
SH001048,W03,ST04,CR02,2024-12-05,2024-12-06,2024-12-09,33.5,2032.64,Delayed,False
SH001049,W03,ST04,CR01,2024-12-09,2024-12-10,2024-12-10,12.8,1217.79,On-time,False
SH001050,W03,ST04,CR05,2024-12-13,2024-12-14,2024-12-14,24.7,1472.29,On-time,False
SH001051,W03,ST04,CR04,2024-12-16,2024-12-17,2024-12-17,14.1,1014.81,On-time,False
SH001052,W03,ST04,CR03,2024-12-19,2024-12-20,2024-12-20,10.8,1095.58,On-time,False
SH001053,W03,ST04,CR04,2024-12-23,2024-12-24,2024-12-24,14.6,1033.11,On-time,False
SH001054,W03,ST04,CR05,2024-12-25,2024-12-26,2024-12-26,26.7,1822.66,On-time,False
SH001055,W03,ST04,CR01,2024-12-29,2024-12-30,2024-12-30,6.3,583.74,On-time,False
SH001056,W03,ST04,CR04,2025-01-01,2025-01-02,2025-01-02,23.7,1217.85,On-time,False
SH001057,W03,ST04,CR01,2025-01-04,2025-01-05,2025-01-05,26.0,1399.13,On-time,False
SH001058,W01,ST04,CR03,2025-01-08,2025-01-10,2025-01-10,210.3,11895.63,On-time,False
SH001059,W03,ST04,CR04,2025-01-11,2025-01-12,2025-01-12,29.7,1429.66,On-time,False
SH001060,W03,ST04,CR03,2025-01-14,2025-01-15,2025-01-15,28.7,1288.39,On-time,False
SH001061,W03,ST04,CR03,2025-01-18,2025-01-19,2025-01-21,17.2,1751.42,Delayed,False
SH001062,W03,ST04,CR05,2025-01-20,2025-01-21,2025-01-21,23.3,,On-time,False
SH001063,W03,ST04,CR03,2025-01-23,2025-01-24,2025-01-24,34.3,2323.09,On-time,False
SH001064,W03,ST04,CR04,2025-01-27,2025-01-28,2025-01-28,28.8,1819.41,On-time,False
SH001065,W03,ST04,CR05,2025-01-31,2025-02-01,2025-02-05,23.6,1348.81,Delayed,False
SH001066,W03,ST04,CR04,2025-02-02,2025-02-03,2025-02-03,19.9,1187.83,On-time,False
SH001067,W01,ST04,CR02,2025-02-05,2025-02-07,2025-02-07,210.3,,On-time,False
SH001068,W03,ST04,CR01,2025-02-08,2025-02-09,2025-02-09,24.4,1559.56,On-time,False
SH001069,W03,ST04,CR03,2025-02-11,2025-02-12,2025-02-12,5.3,750.18,On-time,False
SH001070,W03,ST04,CR05,2025-02-14,2025-02-15,2025-02-15,23.7,1888.21,On-time,False
SH001071,W01,ST04,CR04,2025-02-17,2025-02-19,2025-02-19,210.3,8047.98,On-time,False
SH001072,W03,ST04,CR01,2025-02-19,2025-02-20,2025-02-20,24.6,1651.79,Damaged,False
SH001073,W03,ST04,CR03,2025-02-21,2025-02-22,2025-02-24,30.1,2181.88,Delayed,False
SH001074,W03,ST04,CR05,2025-02-24,2025-02-25,2025-02-25,18.5,1043.55,On-time,False
SH001075,W03,ST04,CR05,2025-02-27,2025-02-28,2025-02-28,7.1,890.67,On-time,False
SH001076,W02,ST04,CR03,2025-03-03,2025-03-06,2025-03-06,417.6,20670.89,On-time,False
SH001077,W03,ST04,CR04,2025-03-07,2025-03-08,2025-03-08,13.4,1250.73,On-time,False
SH001078,W03,ST04,CR01,2025-03-11,2025-03-12,2025-03-12,19.9,1444.19,On-time,False
SH001079,W03,ST04,CR05,2025-03-15,2025-03-16,2025-03-16,16.2,1293.47,On-time,False
SH001080,W01,ST04,CR02,2025-03-17,2025-03-19,2025-03-23,210.3,8574.95,Delayed,False
SH001081,W03,ST04,CR04,2025-03-20,2025-03-21,2025-03-23,11.8,665.61,Delayed,False
SH001082,W03,ST04,CR03,2025-03-22,2025-03-23,2025-03-23,34.8,2028.65,On-time,False
SH001083,W03,ST04,CR03,2025-03-26,2025-03-27,2025-03-27,19.1,1172.42,On-time,False
SH001084,W03,ST04,CR02,2025-03-29,2025-03-30,2025-03-30,15.1,1327.22,Damaged,False
SH001085,W03,ST04,CR05,2025-04-02,2025-04-03,2025-04-03,18.6,1093.85,On-time,False
SH001086,W03,ST04,CR02,2025-04-04,2025-04-05,2025-04-05,8.7,701.15,On-time,False
SH001087,W03,ST04,CR04,2025-04-08,2025-04-09,2025-04-10,20.8,948.88,Lost,False
SH001088,W02,ST04,CR02,2025-04-10,2025-04-13,2025-04-13,417.6,13634.21,Damaged,False
SH001089,W03,ST04,CR02,2025-04-12,2025-04-13,2025-04-13,10.3,871.81,On-time,False
SH001090,W03,ST04,CR01,2025-04-15,2025-04-16,2025-04-16,33.2,1901.51,On-time,False
SH001091,W03,ST04,CR03,2025-04-19,2025-04-20,2025-04-20,33.3,,On-time,False
SH001092,W03,ST04,CR05,2025-04-23,2025-04-24,2025-04-24,33.8,1526.61,On-time,False
SH001093,W03,ST04,CR02,2025-04-26,2025-04-27,2025-04-27,14.0,1058.52,On-time,False
SH001094,W03,ST04,CR01,2025-04-30,2025-05-01,2025-05-01,7.7,1122.33,On-time,False
SH001095,W03,ST04,CR02,2025-05-04,2025-05-05,2025-05-05,17.0,1057.79,On-time,False
SH001096,W03,ST04,CR01,2025-05-08,2025-05-09,2025-05-09,15.5,1104.5,On-time,False
SH001097,W03,ST04,CR04,2025-05-11,2025-05-12,2025-05-15,16.3,1314.4,Delayed,False
SH001098,W03,ST04,CR03,2025-05-15,2025-05-16,2025-05-16,28.3,,On-time,False
SH001099,W03,ST04,CR01,2025-05-17,2025-05-18,2025-05-18,33.7,1873.78,On-time,False
SH001100,W03,ST04,CR02,2025-05-19,2025-05-20,2025-05-20,17.0,992.05,On-time,False
SH001101,W03,ST04,CR03,2025-05-23,2025-05-24,2025-05-24,17.7,1028.33,On-time,False
SH001102,W03,ST04,CR04,2025-05-27,2025-05-28,2025-05-28,21.4,2207.21,On-time,False
SH001103,W03,ST04,CR04,2025-05-29,2025-05-30,2025-05-30,24.0,1620.19,On-time,False
SH001104,W03,ST04,CR03,2025-06-02,2025-06-03,2025-06-07,14.0,1310.46,Delayed,False
SH001105,W03,ST04,CR02,2025-06-04,2025-06-05,2025-06-09,27.1,1360.48,Delayed,False
SH001106,W03,ST04,CR01,2025-06-08,2025-06-09,2025-06-12,16.3,1148.57,Delayed,False
SH001107,W03,ST04,CR04,2025-06-10,2025-06-11,2025-06-12,14.5,1135.46,Delayed,False
SH001108,W03,ST04,CR05,2025-06-14,2025-06-15,2025-06-15,10.1,827.75,On-time,False
SH001109,W03,ST04,CR03,2025-06-18,2025-06-19,2025-06-23,34.0,1874.45,Delayed,False
SH001110,W03,ST04,CR03,2025-06-22,2025-06-23,2025-06-23,11.3,936.65,On-time,False
SH001111,W03,ST04,CR01,2025-06-25,2025-06-26,2025-06-26,30.4,1522.22,On-time,False
SH001112,W03,ST04,CR03,2025-06-29,2025-06-30,2025-07-02,15.7,1098.69,Delayed,False
SH001113,W03,ST04,CR02,2025-07-02,2025-07-03,2025-07-04,17.1,1246.15,Delayed,False
SH001114,W03,ST04,CR01,2025-07-06,2025-07-07,2025-07-07,7.0,811.69,On-time,False
SH001115,W03,ST04,CR03,2025-07-10,2025-07-11,2025-07-11,27.5,1541.63,On-time,False
SH001116,W03,ST04,CR05,2025-07-12,2025-07-13,2025-07-13,15.3,1135.65,On-time,False
SH001117,W03,ST04,CR01,2025-07-15,2025-07-16,2025-07-16,25.3,1300.83,On-time,False
SH001118,W03,ST04,CR01,2025-07-17,2025-07-18,2025-07-18,13.3,1033.78,On-time,False
SH001119,W03,ST04,CR02,2025-07-21,2025-07-22,2025-07-25,18.4,1121.37,Delayed,False
SH001120,W03,ST04,CR01,2025-07-24,2025-07-25,2025-07-28,30.6,1728.31,Delayed,False
SH001121,W03,ST04,CR05,2025-07-28,2025-07-29,2025-07-29,26.4,1762.78,On-time,False
SH001122,W03,ST04,CR04,2025-08-01,2025-08-02,2025-08-02,24.7,1678.2,On-time,False
SH001123,W01,ST04,CR02,2025-08-04,2025-08-06,2025-08-06,210.3,9136.26,On-time,False
SH001124,W03,ST04,CR01,2025-08-07,2025-08-08,2025-08-12,21.6,1461.85,Delayed,False
SH001125,W03,ST04,CR05,2025-08-10,2025-08-11,2025-08-11,26.8,1815.79,On-time,False
SH001126,W03,ST04,CR01,2025-08-13,2025-08-14,2025-08-17,27.8,1552.68,Damaged,False
SH001127,W03,ST04,CR01,2025-08-17,2025-08-18,2025-08-18,24.8,1688.1,On-time,False
SH001128,W03,ST04,CR03,2025-08-20,2025-08-21,2025-08-23,9.8,1141.92,Delayed,False
SH001129,W03,ST04,CR03,2025-08-24,2025-08-25,2025-08-29,18.9,1504.63,Delayed,False
SH001130,W03,ST04,CR05,2025-08-27,2025-08-28,2025-08-28,24.5,1620.8,On-time,False
SH001131,W03,ST04,CR03,2025-08-29,2025-08-30,2025-08-30,9.7,778.91,On-time,False
SH001132,W03,ST04,CR03,2025-09-02,2025-09-03,2025-09-03,34.7,1589.06,On-time,False
SH001133,W03,ST04,CR02,2025-09-06,2025-09-07,2025-09-07,12.3,1331.53,On-time,False
SH001134,W03,ST04,CR01,2025-09-09,2025-09-10,2025-09-10,26.5,1440.23,On-time,False
SH001135,W03,ST04,CR01,2025-09-12,2025-09-13,2025-09-13,7.6,846.44,On-time,False
SH001136,W03,ST04,CR03,2025-09-16,2025-09-17,2025-09-17,26.8,1792.93,On-time,False
SH001137,W03,ST04,CR01,2025-09-19,2025-09-20,2025-09-20,19.2,1428.14,On-time,False
SH001138,W03,ST04,CR02,2025-09-23,2025-09-24,2025-09-28,28.1,2058.53,Delayed,False
SH001139,W03,ST04,CR05,2025-09-27,2025-09-28,2025-09-28,9.6,898.58,On-time,False
SH001140,W03,ST04,CR04,2025-10-01,2025-10-02,2025-10-02,16.4,1213.38,On-time,False
SH001141,W03,ST04,CR01,2025-10-05,2025-10-06,2025-10-06,34.3,1644.96,On-time,False
SH001142,W03,ST04,CR02,2025-10-09,2025-10-10,2025-10-10,19.5,2208.3,On-time,False
SH001143,W03,ST04,CR02,2025-10-13,2025-10-14,2025-10-14,11.7,792.74,On-time,False
SH001144,W02,ST04,CR02,2025-10-16,2025-10-19,2025-10-20,417.6,20582.39,Delayed,False
SH001145,W03,ST04,CR01,2025-10-20,2025-10-21,2025-10-21,27.8,,On-time,False
SH001146,W03,ST04,CR01,2025-10-24,2025-10-25,2025-10-25,15.8,1170.79,On-time,False
SH001147,W03,ST04,CR03,2025-10-28,2025-10-29,2025-10-29,32.0,1958.65,On-time,False
SH001148,W01,ST04,CR01,2025-10-31,2025-11-02,2025-11-02,210.3,11202.98,On-time,False
SH001149,W03,ST04,CR01,2025-11-04,2025-11-05,2025-11-05,21.8,1397.51,On-time,False
SH001150,W03,ST04,CR05,2025-11-06,2025-11-07,2025-11-07,14.0,985.21,On-time,False
SH001151,W03,ST04,CR03,2025-11-08,2025-11-09,2025-11-11,35.0,1994.75,Delayed,False
SH001152,W03,ST04,CR05,2025-11-12,2025-11-13,2025-11-13,31.3,,On-time,False
SH001153,W03,ST04,CR03,2025-11-15,2025-11-16,2025-11-16,34.8,,On-time,False
SH001154,W03,ST04,CR04,2025-11-19,2025-11-20,2025-11-20,20.9,,On-time,False
SH001155,W03,ST04,CR05,2025-11-21,2025-11-22,2025-11-22,14.2,1108.4,On-time,False
SH001156,W03,ST04,CR01,2025-11-23,2025-11-24,2025-11-24,6.7,945.49,On-time,False
SH001157,W03,ST04,CR02,2025-11-27,2025-11-28,2025-11-29,34.9,2033.51,Delayed,False
SH001158,W03,ST04,CR03,2025-12-01,2025-12-02,2025-12-02,23.9,1595.32,On-time,False
SH001159,W03,ST04,CR04,2025-12-03,2025-12-04,2025-12-04,19.6,1239.54,On-time,False
SH001160,W03,ST04,CR04,2025-12-07,2025-12-08,2025-12-10,33.1,1595.04,Delayed,False
SH001161,W03,ST04,CR02,2025-12-10,2025-12-11,2025-12-11,20.8,1524.18,On-time,False
SH001162,W03,ST04,CR04,2025-12-14,2025-12-15,2025-12-15,10.8,752.99,On-time,False
SH001163,W03,ST04,CR03,2025-12-17,2025-12-18,2025-12-18,20.4,2145.62,On-time,False
SH001164,W03,ST04,CR03,2025-12-21,2025-12-22,2025-12-22,27.5,1531.71,On-time,False
SH001165,W03,ST04,CR04,2025-12-23,2025-12-24,2025-12-27,8.8,819.76,Delayed,False
SH001166,W03,ST04,CR01,2025-12-25,2025-12-26,2025-12-26,21.2,1652.98,On-time,False
SH001167,W03,ST04,CR02,2025-12-27,2025-12-28,2025-12-28,12.3,,On-time,False
SH001168,W03,ST04,CR04,2025-12-31,2026-01-01,,14.7,1430.67,In-Transit,False
SH001169,W01,ST05,CR01,2024-01-01,2024-01-02,2024-01-02,20.2,1542.67,On-time,False
SH001170,W01,ST05,CR05,2024-01-02,2024-01-03,2024-01-03,20.9,1111.31,On-time,False
SH001171,W01,ST05,CR03,2024-01-04,2024-01-05,2024-01-08,10.2,778.72,Delayed,False
SH001172,W01,ST05,CR02,2024-01-06,2024-01-07,2024-01-07,25.4,1418.34,On-time,False
SH001173,W01,ST05,CR04,2024-01-08,2024-01-09,2024-01-12,15.4,1705.89,Delayed,False
SH001174,W01,ST05,CR03,2024-01-10,2024-01-11,2024-01-11,22.4,1667.35,On-time,False
SH001175,W01,ST05,CR02,2024-01-12,2024-01-13,2024-01-13,10.6,1092.06,On-time,False
SH001176,W01,ST05,CR05,2024-01-14,2024-01-15,2024-01-15,34.3,1893.54,On-time,False
SH001177,W01,ST05,CR03,2024-01-15,2024-01-16,2024-01-16,25.6,1963.17,On-time,False
SH001178,W01,ST05,CR02,2024-01-17,2024-01-18,2024-01-18,21.7,1320.72,On-time,False
SH001179,W01,ST05,CR05,2024-01-19,2024-01-20,2024-01-20,8.0,955.37,On-time,False
SH001180,W01,ST05,CR04,2024-01-20,2024-01-21,2024-01-21,11.9,833.79,On-time,False
SH001181,W01,ST05,CR01,2024-01-21,2024-01-22,2024-01-22,13.1,903.47,On-time,False
SH001182,W01,ST05,CR03,2024-01-23,2024-01-24,2024-01-24,22.2,1608.14,On-time,False
SH001183,W01,ST05,CR02,2024-01-24,2024-01-25,2024-01-25,22.1,1537.75,On-time,False
SH001184,W01,ST05,CR05,2024-01-25,2024-01-26,2024-01-26,11.7,,On-time,False
SH001185,W01,ST05,CR01,2024-01-27,2024-01-28,2024-01-28,15.5,1219.45,On-time,False
SH001186,W01,ST05,CR05,2024-01-28,2024-01-29,2024-01-29,27.1,1687.59,On-time,False
SH001187,W01,ST05,CR03,2024-01-29,2024-01-30,2024-01-30,24.3,1694.11,On-time,False
SH001188,W01,ST05,CR05,2024-01-31,2024-02-01,2024-02-01,31.3,1354.76,On-time,False
SH001189,W01,ST05,CR05,2024-02-02,2024-02-03,2024-02-03,12.0,,On-time,False
SH001190,W01,ST05,CR05,2024-02-04,2024-02-05,2024-02-05,16.6,998.66,On-time,False
SH001191,W01,ST05,CR02,2024-02-06,2024-02-07,2024-02-07,31.9,1726.55,On-time,False
SH001192,W01,ST05,CR05,2024-02-08,2024-02-09,2024-02-09,21.3,,On-time,False
SH001193,W01,ST05,CR05,2024-02-09,2024-02-10,2024-02-10,16.9,1206.61,On-time,False
SH001194,W01,ST05,CR02,2024-02-11,2024-02-12,2024-02-12,22.0,1587.65,On-time,False
SH001195,W01,ST05,CR04,2024-02-13,2024-02-14,2024-02-17,23.6,1737.72,Delayed,False
SH001196,W01,ST05,CR05,2024-02-15,2024-02-16,2024-02-16,12.1,1083.46,On-time,False
SH001197,W01,ST05,CR03,2024-02-16,2024-02-17,2024-02-17,33.1,2063.81,On-time,False
SH001198,W01,ST05,CR03,2024-02-17,2024-02-18,2024-02-18,32.6,2031.08,On-time,False
SH001199,W01,ST05,CR02,2024-02-19,2024-02-20,2024-02-20,14.8,845.44,On-time,False
SH001200,W02,ST05,CR03,2024-02-21,2024-02-23,2024-02-23,221.4,11115.56,On-time,False
SH001201,W01,ST05,CR03,2024-02-22,2024-02-23,2024-02-23,23.9,1103.3,On-time,False
SH001202,W01,ST05,CR04,2024-02-23,2024-02-24,2024-02-24,15.1,1001.0,Damaged,False
SH001203,W01,ST05,CR01,2024-02-25,2024-02-26,2024-02-26,23.1,1213.71,On-time,False
SH001204,W01,ST05,CR05,2024-02-26,2024-02-27,2024-02-27,12.3,731.99,On-time,False
SH001205,W01,ST05,CR05,2024-02-28,2024-02-29,2024-02-29,19.3,1077.29,On-time,False
SH001206,W01,ST05,CR04,2024-03-01,2024-03-02,2024-03-02,21.9,1301.51,On-time,False
SH001207,W01,ST05,CR04,2024-03-03,2024-03-04,2024-03-04,12.2,823.41,On-time,False
SH001208,W03,ST05,CR02,2024-03-05,2024-03-07,2024-03-07,210.3,10513.75,On-time,False
SH001209,W01,ST05,CR02,2024-03-07,2024-03-08,2024-03-09,24.5,1402.83,Delayed,False
SH001210,W01,ST05,CR01,2024-03-08,2024-03-09,2024-03-09,13.9,977.05,On-time,False
SH001211,W01,ST05,CR01,2024-03-10,2024-03-11,2024-03-11,13.1,1019.09,On-time,False
SH001212,W01,ST05,CR05,2024-03-12,2024-03-13,2024-03-13,10.0,1140.1,On-time,False
SH001213,W01,ST05,CR01,2024-03-14,2024-03-15,2024-03-15,15.5,1104.87,On-time,False
SH001214,W01,ST05,CR05,2024-03-16,2024-03-17,2024-03-17,8.4,830.15,On-time,False
SH001215,W01,ST05,CR04,2024-03-17,2024-03-18,2024-03-18,25.5,1646.92,On-time,False
SH001216,W01,ST05,CR05,2024-03-18,2024-03-19,2024-03-19,13.9,1220.02,On-time,False
SH001217,W01,ST05,CR01,2024-03-19,2024-03-20,2024-03-20,14.7,1660.14,On-time,False
SH001218,W01,ST05,CR04,2024-03-21,2024-03-22,2024-03-22,5.8,914.57,On-time,False
SH001219,W01,ST05,CR04,2024-03-23,2024-03-24,2024-03-24,15.4,1145.56,On-time,False
SH001220,W01,ST05,CR04,2024-03-26,2024-03-27,2024-03-31,15.7,1122.64,Delayed,False
SH001221,W01,ST05,CR01,2024-03-28,2024-03-29,2024-04-01,18.5,1105.79,Delayed,False
SH001222,W01,ST05,CR02,2024-03-30,2024-03-31,2024-03-31,15.5,902.36,On-time,False
SH001223,W01,ST05,CR01,2024-04-01,2024-04-02,2024-04-02,18.2,1450.74,On-time,False
SH001224,W01,ST05,CR03,2024-04-03,2024-04-04,2024-04-06,29.6,2001.38,Delayed,False
SH001225,W01,ST05,CR03,2024-04-05,2024-04-06,2024-04-06,22.5,1311.73,On-time,False
SH001226,W01,ST05,CR05,2024-04-07,2024-04-08,2024-04-08,20.3,1958.19,On-time,False
SH001227,W01,ST05,CR05,2024-04-08,2024-04-09,2024-04-09,27.1,1799.3,On-time,False
SH001228,W01,ST05,CR03,2024-04-10,2024-04-11,2024-04-11,20.5,1382.14,On-time,False
SH001229,W01,ST05,CR01,2024-04-11,2024-04-12,2024-04-12,20.8,1579.89,On-time,False
SH001230,W01,ST05,CR01,2024-04-13,2024-04-14,2024-04-14,8.0,928.28,On-time,False
SH001231,W01,ST05,CR05,2024-04-15,2024-04-16,2024-04-16,21.7,,On-time,False
SH001232,W02,ST05,CR01,2024-04-16,2024-04-18,2024-04-18,221.4,11688.34,On-time,False
SH001233,W01,ST05,CR03,2024-04-18,2024-04-19,2024-04-19,10.0,758.79,On-time,False
SH001234,W02,ST05,CR01,2024-04-20,2024-04-22,2024-04-22,221.4,,On-time,False
SH001235,W01,ST05,CR03,2024-04-22,2024-04-23,2024-04-26,34.3,1688.92,Delayed,False
SH001236,W01,ST05,CR03,2024-04-24,2024-04-25,2024-04-25,13.0,1074.76,On-time,False
SH001237,W01,ST05,CR01,2024-04-26,2024-04-27,2024-04-27,11.3,962.04,On-time,False
SH001238,W01,ST05,CR04,2024-04-27,2024-04-28,2024-04-28,32.7,1633.24,On-time,False
SH001239,W01,ST05,CR01,2024-04-28,2024-04-29,2024-04-29,33.0,1798.04,On-time,False
SH001240,W01,ST05,CR01,2024-04-30,2024-05-01,2024-05-01,13.6,1212.72,On-time,False
SH001241,W01,ST05,CR02,2024-05-02,2024-05-03,2024-05-07,32.4,1922.16,Delayed,False
SH001242,W01,ST05,CR04,2024-05-04,2024-05-05,2024-05-05,30.4,1782.58,On-time,False
SH001243,W01,ST05,CR03,2024-05-06,2024-05-07,2024-05-07,21.3,1717.65,On-time,False
SH001244,W01,ST05,CR01,2024-05-08,2024-05-09,2024-05-09,8.0,887.69,On-time,False
SH001245,W01,ST05,CR01,2024-05-09,2024-05-10,2024-05-10,28.4,1697.16,On-time,False
SH001246,W01,ST05,CR01,2024-05-10,2024-05-11,2024-05-11,10.1,1284.92,On-time,False
SH001247,W01,ST05,CR02,2024-05-12,2024-05-13,2024-05-13,21.8,1180.31,On-time,False
SH001248,W01,ST05,CR04,2024-05-14,2024-05-15,2024-05-15,11.2,1466.26,On-time,False
SH001249,W01,ST05,CR03,2024-05-16,2024-05-17,2024-05-17,9.9,741.67,On-time,False
SH001250,W01,ST05,CR02,2024-05-18,2024-05-19,2024-05-21,28.8,2108.59,Delayed,False
SH001251,W01,ST05,CR04,2024-05-21,2024-05-22,2024-05-22,17.9,959.61,On-time,False
SH001252,W02,ST05,CR04,2024-05-23,2024-05-25,2024-05-27,221.4,8255.0,Lost,False
SH001253,W02,ST05,CR04,2024-05-25,2024-05-27,2024-05-27,221.4,11523.75,On-time,False
SH001254,W02,ST05,CR03,2024-05-27,2024-05-29,2024-05-29,221.4,8409.65,On-time,False
SH001255,W01,ST05,CR05,2024-05-28,2024-05-29,2024-05-29,32.1,1399.81,On-time,False
SH001256,W03,ST05,CR01,2024-05-30,2024-06-01,2024-06-01,210.3,10946.72,Damaged,False
SH001257,W01,ST05,CR01,2024-06-01,2024-06-02,2024-06-02,16.0,1576.37,On-time,False
SH001258,W02,ST05,CR02,2024-06-03,2024-06-05,2024-06-05,221.4,13003.04,Lost,False
SH001259,W01,ST05,CR02,2024-06-05,2024-06-06,2024-06-06,13.1,728.37,On-time,False
SH001260,W01,ST05,CR05,2024-06-07,2024-06-08,2024-06-08,34.3,1695.62,On-time,False
SH001261,W01,ST05,CR02,2024-06-09,2024-06-10,2024-06-10,23.0,1253.33,On-time,False
SH001262,W01,ST05,CR02,2024-06-10,2024-06-11,2024-06-11,11.1,1021.42,On-time,False
SH001263,W01,ST05,CR04,2024-06-12,2024-06-13,2024-06-16,34.2,2144.48,Delayed,False
SH001264,W01,ST05,CR01,2024-06-14,2024-06-15,2024-06-15,16.5,1276.24,On-time,False
SH001265,W01,ST05,CR01,2024-06-15,2024-06-16,2024-06-16,10.3,951.73,On-time,False
SH001266,W01,ST05,CR01,2024-06-17,2024-06-18,2024-06-18,17.0,1016.66,On-time,False
SH001267,W01,ST05,CR03,2024-06-19,2024-06-20,2024-06-24,22.6,1471.93,Delayed,False
SH001268,W01,ST05,CR05,2024-06-21,2024-06-22,2024-06-26,23.7,1059.82,Delayed,False
SH001269,W03,ST05,CR04,2024-06-22,2024-06-24,2024-06-27,210.3,9390.07,Delayed,False
SH001270,W01,ST05,CR04,2024-06-23,2024-06-24,2024-06-26,23.5,1205.24,Delayed,False
SH001271,W02,ST05,CR05,2024-06-25,2024-06-27,2024-06-27,221.4,11758.72,On-time,False
SH001272,W01,ST05,CR03,2024-06-27,2024-06-28,2024-07-01,11.9,806.06,Delayed,False
SH001273,W01,ST05,CR04,2024-06-29,2024-06-30,2024-06-30,8.5,833.34,On-time,False
SH001274,W01,ST05,CR05,2024-06-30,2024-07-01,2024-07-04,13.7,810.34,Delayed,False
SH001275,W01,ST05,CR03,2024-07-02,2024-07-03,2024-07-03,14.6,993.75,On-time,False
SH001276,W02,ST05,CR02,2024-07-03,2024-07-05,2024-07-05,221.4,10422.71,On-time,False
SH001277,W01,ST05,CR03,2024-07-05,2024-07-06,2024-07-07,8.0,902.87,Delayed,False
SH001278,W01,ST05,CR03,2024-07-06,2024-07-07,2024-07-07,30.2,1630.13,On-time,False
SH001279,W01,ST05,CR02,2024-07-08,2024-07-09,2024-07-09,23.7,1237.85,On-time,False
SH001280,W01,ST05,CR05,2024-07-09,2024-07-10,2024-07-10,11.4,958.96,On-time,False
SH001281,W02,ST05,CR04,2024-07-11,2024-07-13,2024-07-14,221.4,8463.51,Delayed,False
SH001282,W01,ST05,CR03,2024-07-13,2024-07-14,2024-07-14,23.0,1353.47,On-time,False
SH001283,W01,ST05,CR01,2024-07-15,2024-07-16,2024-07-16,16.7,1275.95,On-time,False
SH001284,W01,ST05,CR03,2024-07-17,2024-07-18,2024-07-22,29.5,1631.69,Delayed,False
SH001285,W03,ST05,CR05,2024-07-19,2024-07-21,2024-07-21,210.3,10817.34,On-time,False
SH001286,W01,ST05,CR05,2024-07-21,2024-07-22,2024-07-22,26.7,1531.94,On-time,False
SH001287,W01,ST05,CR01,2024-07-23,2024-07-24,2024-07-24,28.1,1660.05,On-time,False
SH001288,W01,ST05,CR05,2024-07-25,2024-07-26,2024-07-26,8.5,1001.55,Damaged,False
SH001289,W01,ST05,CR02,2024-07-27,2024-07-28,2024-07-28,27.7,1731.32,On-time,False
SH001290,W01,ST05,CR04,2024-07-29,2024-07-30,2024-08-03,33.5,1806.72,Delayed,False
SH001291,W01,ST05,CR02,2024-07-31,2024-08-01,2024-08-01,9.1,913.37,On-time,False
SH001292,W01,ST05,CR02,2024-08-02,2024-08-03,2024-08-03,22.0,1457.99,On-time,False
SH001293,W01,ST05,CR02,2024-08-03,2024-08-04,2024-08-04,15.4,1341.06,On-time,False
SH001294,W01,ST05,CR02,2024-08-06,2024-08-07,2024-08-07,9.5,1078.17,On-time,False
SH001295,W01,ST05,CR05,2024-08-08,2024-08-09,2024-08-09,25.9,1516.89,On-time,False
SH001296,W01,ST05,CR01,2024-08-11,2024-08-12,2024-08-12,31.8,,On-time,False
SH001297,W03,ST05,CR05,2024-08-13,2024-08-15,2024-08-15,210.3,10165.97,On-time,False
SH001298,W01,ST05,CR04,2024-08-15,2024-08-16,2024-08-16,23.4,,On-time,False
SH001299,W01,ST05,CR04,2024-08-17,2024-08-18,2024-08-20,16.9,1171.49,Delayed,False
SH001300,W01,ST05,CR05,2024-08-19,2024-08-20,2024-08-20,29.3,1573.32,On-time,False
SH001301,W01,ST05,CR01,2024-08-21,2024-08-22,2024-08-22,15.1,1353.03,On-time,False
SH001302,W01,ST05,CR01,2024-08-23,2024-08-24,2024-08-24,19.5,1751.42,On-time,False
SH001303,W01,ST05,CR03,2024-08-24,2024-08-25,2024-08-25,25.9,1311.01,On-time,False
SH001304,W01,ST05,CR01,2024-08-26,2024-08-27,2024-08-29,10.6,1013.3,Delayed,False
SH001305,W01,ST05,CR05,2024-08-28,2024-08-29,2024-08-29,31.7,,On-time,False
SH001306,W01,ST05,CR01,2024-08-29,2024-08-30,2024-09-02,11.4,838.92,Delayed,False
SH001307,W01,ST05,CR03,2024-08-30,2024-08-31,2024-08-31,30.8,1700.25,On-time,False
SH001308,W02,ST05,CR03,2024-08-31,2024-09-02,2024-09-05,221.4,9906.8,Delayed,False
SH001309,W01,ST05,CR05,2024-09-02,2024-09-03,2024-09-03,15.7,1321.01,On-time,False
SH001310,W01,ST05,CR04,2024-09-03,2024-09-04,2024-09-04,17.9,1096.22,On-time,False
SH001311,W03,ST05,CR05,2024-09-05,2024-09-07,2024-09-07,210.3,8500.81,On-time,False
SH001312,W01,ST05,CR02,2024-09-08,2024-09-09,2024-09-09,23.7,1319.49,On-time,False
SH001313,W01,ST05,CR01,2024-09-10,2024-09-11,2024-09-15,26.7,1689.56,Delayed,False
SH001314,W01,ST05,CR03,2024-09-12,2024-09-13,2024-09-13,29.9,1470.34,On-time,False
SH001315,W01,ST05,CR02,2024-09-13,2024-09-14,2024-09-14,27.5,2161.76,On-time,False
SH001316,W01,ST05,CR03,2024-09-15,2024-09-16,2024-09-16,10.5,1173.25,On-time,False
SH001317,W01,ST05,CR02,2024-09-17,2024-09-18,2024-09-18,12.5,1031.37,On-time,False
SH001318,W01,ST05,CR02,2024-09-19,2024-09-20,2024-09-21,8.3,997.84,Delayed,False
SH001319,W01,ST05,CR02,2024-09-21,2024-09-22,2024-09-24,24.1,1678.18,Delayed,False
SH001320,W02,ST05,CR01,2024-09-23,2024-09-25,2024-09-25,221.4,,On-time,False
SH001321,W01,ST05,CR03,2024-09-25,2024-09-26,2024-09-26,11.2,719.69,On-time,False
SH001322,W01,ST05,CR05,2024-09-28,2024-09-29,2024-09-29,29.9,1611.64,On-time,False
SH001323,W01,ST05,CR04,2024-09-30,2024-10-01,2024-10-01,30.5,1770.61,Damaged,False
SH001324,W01,ST05,CR03,2024-10-02,2024-10-03,2024-10-03,14.5,824.64,On-time,False
SH001325,W02,ST05,CR01,2024-10-04,2024-10-06,2024-10-06,221.4,8841.84,On-time,False
SH001326,W01,ST05,CR05,2024-10-06,2024-10-07,2024-10-07,6.5,1152.37,On-time,False
SH001327,W01,ST05,CR03,2024-10-08,2024-10-09,2024-10-09,29.7,1568.46,On-time,False
SH001328,W01,ST05,CR05,2024-10-10,2024-10-11,2024-10-11,14.9,845.83,On-time,False
SH001329,W01,ST05,CR03,2024-10-11,2024-10-12,2024-10-12,17.6,1502.06,On-time,False
SH001330,W01,ST05,CR03,2024-10-13,2024-10-14,2024-10-14,10.3,,On-time,False
SH001331,W01,ST05,CR01,2024-10-15,2024-10-16,2024-10-16,28.1,1925.02,On-time,False
SH001332,W01,ST05,CR04,2024-10-17,2024-10-18,2024-10-21,26.2,1776.98,Delayed,False
SH001333,W01,ST05,CR05,2024-10-18,2024-10-19,2024-10-19,12.4,824.93,On-time,False
SH001334,W02,ST05,CR02,2024-10-20,2024-10-22,2024-10-22,221.4,9753.59,On-time,False
SH001335,W01,ST05,CR02,2024-10-21,2024-10-22,2024-10-22,25.9,1216.54,On-time,False
SH001336,W01,ST05,CR05,2024-10-23,2024-10-24,2024-10-24,5.5,807.8,On-time,False
SH001337,W01,ST05,CR04,2024-10-25,2024-10-26,2024-10-26,32.4,1777.17,On-time,False
SH001338,W01,ST05,CR05,2024-10-26,2024-10-27,2024-10-27,24.4,1691.77,On-time,False
SH001339,W01,ST05,CR02,2024-10-27,2024-10-28,2024-10-30,33.6,2032.42,Delayed,False
SH001340,W01,ST05,CR03,2024-10-29,2024-10-30,2024-10-30,8.1,729.13,On-time,False
SH001341,W01,ST05,CR03,2024-10-31,2024-11-01,2024-11-01,34.3,2421.39,On-time,False
SH001342,W01,ST05,CR02,2024-11-02,2024-11-03,2024-11-03,10.3,1469.36,On-time,False
SH001343,W01,ST05,CR05,2024-11-03,2024-11-04,2024-11-04,21.2,1570.21,On-time,False
SH001344,W01,ST05,CR01,2024-11-04,2024-11-05,2024-11-05,14.6,1462.52,On-time,False
SH001345,W01,ST05,CR05,2024-11-06,2024-11-07,2024-11-07,27.7,1494.55,On-time,False
SH001346,W01,ST05,CR01,2024-11-08,2024-11-09,2024-11-09,19.4,1207.97,On-time,False
SH001347,W01,ST05,CR04,2024-11-10,2024-11-11,2024-11-15,17.8,1096.81,Delayed,False
SH001348,W01,ST05,CR04,2024-11-11,2024-11-12,2024-11-12,15.0,1326.29,On-time,False
SH001349,W01,ST05,CR01,2024-11-13,2024-11-14,2024-11-14,31.0,1699.75,On-time,False
SH001350,W01,ST05,CR02,2024-11-14,2024-11-15,2024-11-15,25.5,1916.83,On-time,False
SH001351,W01,ST05,CR05,2024-11-16,2024-11-17,2024-11-17,8.4,814.83,On-time,False
SH001352,W01,ST05,CR05,2024-11-17,2024-11-18,2024-11-18,31.1,1685.37,On-time,False
SH001353,W01,ST05,CR01,2024-11-19,2024-11-20,2024-11-20,15.0,1359.48,On-time,False
SH001354,W01,ST05,CR03,2024-11-21,2024-11-22,2024-11-22,28.6,,On-time,False
SH001355,W01,ST05,CR04,2024-11-23,2024-11-24,2024-11-24,24.4,1388.45,On-time,False
SH001356,W01,ST05,CR05,2024-11-25,2024-11-26,2024-11-26,34.8,1694.1,On-time,False
SH001357,W01,ST05,CR01,2024-11-27,2024-11-28,2024-11-28,24.2,1709.12,On-time,False
SH001358,W01,ST05,CR01,2024-11-28,2024-11-29,2024-11-29,29.2,1532.52,On-time,False
SH001359,W01,ST05,CR02,2024-11-29,2024-11-30,2024-12-03,23.3,1293.33,Delayed,False
SH001360,W01,ST05,CR05,2024-11-30,2024-12-01,2024-12-03,30.3,1764.77,Delayed,False
SH001361,W01,ST05,CR05,2024-12-01,2024-12-02,2024-12-02,15.5,1548.54,On-time,False
SH001362,W01,ST05,CR01,2024-12-03,2024-12-04,2024-12-06,17.3,1153.05,Delayed,False
SH001363,W01,ST05,CR03,2024-12-05,2024-12-06,2024-12-06,13.3,1201.65,On-time,False
SH001364,W03,ST05,CR05,2024-12-07,2024-12-09,2024-12-09,210.3,9369.53,On-time,False
SH001365,W01,ST05,CR01,2024-12-09,2024-12-10,2024-12-11,34.4,1852.84,Delayed,False
SH001366,W01,ST05,CR04,2024-12-11,2024-12-12,2024-12-12,22.3,1251.19,On-time,False
SH001367,W01,ST05,CR04,2024-12-13,2024-12-14,2024-12-16,16.3,962.78,Delayed,False
SH001368,W03,ST05,CR03,2024-12-16,2024-12-18,2024-12-21,210.3,11648.92,Delayed,False
SH001369,W01,ST05,CR04,2024-12-18,2024-12-19,2024-12-19,11.2,745.76,On-time,False
SH001370,W03,ST05,CR02,2024-12-21,2024-12-23,2024-12-26,210.3,10281.77,Delayed,False
SH001371,W01,ST05,CR01,2024-12-23,2024-12-24,2024-12-24,5.7,814.3,On-time,False
SH001372,W01,ST05,CR05,2024-12-25,2024-12-26,2024-12-27,9.3,762.41,Delayed,False
SH001373,W01,ST05,CR01,2024-12-27,2024-12-28,2024-12-28,23.9,1453.68,On-time,False
SH001374,W01,ST05,CR05,2024-12-29,2024-12-30,2024-12-30,27.1,1734.5,On-time,False
SH001375,W01,ST05,CR03,2024-12-30,2024-12-31,2024-12-31,15.0,1105.52,On-time,False
SH001376,W01,ST05,CR05,2025-01-01,2025-01-02,2025-01-02,21.6,1095.36,On-time,False
SH001377,W01,ST05,CR03,2025-01-03,2025-01-04,2025-01-04,27.7,1324.02,On-time,False
SH001378,W01,ST05,CR01,2025-01-04,2025-01-05,2025-01-05,26.8,1824.13,On-time,False
SH001379,W01,ST05,CR04,2025-01-05,2025-01-06,2025-01-06,34.2,1853.68,On-time,False
SH001380,W01,ST05,CR04,2025-01-06,2025-01-07,2025-01-07,22.4,1727.33,On-time,False
SH001381,W01,ST05,CR03,2025-01-08,2025-01-09,2025-01-12,32.3,1930.6,Delayed,False
SH001382,W01,ST05,CR03,2025-01-09,2025-01-10,2025-01-10,13.7,1085.71,On-time,False
SH001383,W01,ST05,CR05,2025-01-11,2025-01-12,2025-01-12,27.7,1385.15,On-time,False
SH001384,W01,ST05,CR01,2025-01-13,2025-01-14,2025-01-14,22.2,1197.44,On-time,False
SH001385,W01,ST05,CR05,2025-01-14,2025-01-15,2025-01-18,16.2,1135.99,Lost,False
SH001386,W01,ST05,CR01,2025-01-16,2025-01-17,2025-01-17,16.9,1134.54,On-time,False
SH001387,W02,ST05,CR03,2025-01-18,2025-01-20,2025-01-20,221.4,12814.95,On-time,False
SH001388,W01,ST05,CR03,2025-01-20,2025-01-21,2025-01-21,25.3,1314.36,On-time,False
SH001389,W01,ST05,CR03,2025-01-22,2025-01-23,2025-01-23,33.4,1574.4,On-time,False
SH001390,W01,ST05,CR01,2025-01-23,2025-01-24,2025-01-24,23.6,1762.36,On-time,False
SH001391,W01,ST05,CR05,2025-01-25,2025-01-26,2025-01-26,9.9,1290.01,On-time,False
SH001392,W01,ST05,CR03,2025-01-27,2025-01-28,2025-01-29,31.1,1951.31,Delayed,False
SH001393,W01,ST05,CR03,2025-01-29,2025-01-30,2025-01-30,24.1,1415.89,On-time,False
SH001394,W01,ST05,CR01,2025-01-31,2025-02-01,2025-02-01,15.3,1147.41,On-time,False
SH001395,W01,ST05,CR04,2025-02-02,2025-02-03,2025-02-03,30.1,1729.79,On-time,False
SH001396,W01,ST05,CR05,2025-02-04,2025-02-05,2025-02-05,13.7,850.02,On-time,False
SH001397,W01,ST05,CR01,2025-02-06,2025-02-07,2025-02-09,26.2,1211.42,Delayed,False
SH001398,W01,ST05,CR05,2025-02-08,2025-02-09,2025-02-09,10.2,1232.0,On-time,False
SH001399,W01,ST05,CR04,2025-02-10,2025-02-11,2025-02-15,16.5,1269.01,Damaged,False
SH001400,W01,ST05,CR01,2025-02-11,2025-02-12,2025-02-12,19.1,1490.94,Damaged,False
SH001401,W01,ST05,CR04,2025-02-12,2025-02-13,2025-02-14,32.2,2115.55,Delayed,False
SH001402,W01,ST05,CR05,2025-02-14,2025-02-15,2025-02-15,22.0,,On-time,False
SH001403,W01,ST05,CR01,2025-02-16,2025-02-17,2025-02-17,17.3,985.09,On-time,False
SH001404,W01,ST05,CR02,2025-02-18,2025-02-19,2025-02-19,29.3,1914.03,On-time,False
SH001405,W01,ST05,CR05,2025-02-20,2025-02-21,2025-02-21,10.3,1115.58,On-time,False
SH001406,W01,ST05,CR01,2025-02-22,2025-02-23,2025-02-23,23.2,1756.69,On-time,False
SH001407,W01,ST05,CR03,2025-02-24,2025-02-25,2025-02-25,9.5,717.82,On-time,False
SH001408,W01,ST05,CR03,2025-02-25,2025-02-26,2025-02-26,24.8,1627.28,On-time,False
SH001409,W02,ST05,CR03,2025-02-28,2025-03-02,2025-03-02,221.4,10268.55,On-time,False
SH001410,W01,ST05,CR01,2025-03-02,2025-03-03,2025-03-03,28.1,1500.62,On-time,False
SH001411,W01,ST05,CR04,2025-03-03,2025-03-04,2025-03-04,16.6,1225.59,On-time,False
SH001412,W01,ST05,CR02,2025-03-05,2025-03-06,2025-03-06,29.2,1605.07,On-time,False
SH001413,W01,ST05,CR04,2025-03-07,2025-03-08,2025-03-09,21.4,2211.83,Delayed,False
SH001414,W02,ST05,CR03,2025-03-09,2025-03-11,2025-03-11,221.4,12517.09,On-time,False
SH001415,W01,ST05,CR03,2025-03-10,2025-03-11,2025-03-11,8.3,1049.97,On-time,False
SH001416,W01,ST05,CR02,2025-03-11,2025-03-12,2025-03-14,23.6,,Delayed,False
SH001417,W01,ST05,CR05,2025-03-13,2025-03-14,2025-03-14,25.7,1596.89,On-time,False
SH001418,W01,ST05,CR05,2025-03-15,2025-03-16,2025-03-16,12.2,1427.04,On-time,False
SH001419,W01,ST05,CR02,2025-03-17,2025-03-18,2025-03-18,20.8,1291.11,On-time,False
SH001420,W01,ST05,CR02,2025-03-20,2025-03-21,2025-03-21,16.7,1208.94,On-time,False
SH001421,W01,ST05,CR05,2025-03-22,2025-03-23,2025-03-23,20.9,1391.56,On-time,False
SH001422,W01,ST05,CR01,2025-03-24,2025-03-25,2025-03-25,24.3,,On-time,False
SH001423,W01,ST05,CR03,2025-03-26,2025-03-27,2025-03-27,30.9,,On-time,False
SH001424,W01,ST05,CR01,2025-03-28,2025-03-29,2025-03-29,28.2,1835.53,On-time,False
SH001425,W01,ST05,CR03,2025-03-30,2025-03-31,2025-03-31,15.7,1619.14,On-time,False
SH001426,W03,ST05,CR05,2025-04-01,2025-04-03,2025-04-04,210.3,10805.21,Delayed,False
SH001427,W01,ST05,CR02,2025-04-02,2025-04-03,2025-04-06,14.0,824.24,Delayed,False
SH001428,W01,ST05,CR05,2025-04-04,2025-04-05,2025-04-05,30.4,1956.87,On-time,False
SH001429,W01,ST05,CR03,2025-04-06,2025-04-07,2025-04-07,11.6,841.63,On-time,False
SH001430,W01,ST05,CR04,2025-04-08,2025-04-09,2025-04-11,17.7,1325.3,Delayed,False
SH001431,W01,ST05,CR01,2025-04-10,2025-04-11,2025-04-11,26.3,2034.24,On-time,False
SH001432,W01,ST05,CR01,2025-04-12,2025-04-13,2025-04-13,15.2,1035.16,On-time,False
SH001433,W01,ST05,CR05,2025-04-14,2025-04-15,2025-04-15,8.4,,On-time,False
SH001434,W01,ST05,CR03,2025-04-16,2025-04-17,2025-04-17,10.4,1087.51,On-time,False
SH001435,W01,ST05,CR02,2025-04-18,2025-04-19,2025-04-19,12.3,737.58,On-time,False
SH001436,W01,ST05,CR03,2025-04-19,2025-04-20,2025-04-20,19.8,1185.0,On-time,False
SH001437,W01,ST05,CR03,2025-04-21,2025-04-22,2025-04-22,19.8,1490.28,On-time,False
SH001438,W02,ST05,CR05,2025-04-23,2025-04-25,2025-04-25,221.4,8144.66,On-time,False
SH001439,W01,ST05,CR04,2025-04-25,2025-04-26,2025-04-30,14.8,1130.54,Delayed,False
SH001440,W01,ST05,CR01,2025-04-26,2025-04-27,2025-04-27,21.3,1530.94,On-time,False
SH001441,W01,ST05,CR02,2025-04-28,2025-04-29,2025-04-29,29.7,1757.14,On-time,False
SH001442,W01,ST05,CR03,2025-04-29,2025-04-30,2025-05-01,7.5,1060.91,Delayed,False
SH001443,W01,ST05,CR05,2025-05-01,2025-05-02,2025-05-02,8.9,609.68,On-time,False
SH001444,W01,ST05,CR05,2025-05-02,2025-05-03,2025-05-03,13.3,976.07,On-time,False
SH001445,W03,ST05,CR03,2025-05-03,2025-05-05,2025-05-09,210.3,9611.69,Delayed,False
SH001446,W02,ST05,CR03,2025-05-06,2025-05-08,2025-05-08,221.4,10962.52,On-time,False
SH001447,W01,ST05,CR05,2025-05-07,2025-05-08,2025-05-08,21.1,2230.6,On-time,False
SH001448,W01,ST05,CR01,2025-05-09,2025-05-10,2025-05-10,21.9,1209.72,On-time,False
SH001449,W01,ST05,CR05,2025-05-10,2025-05-11,2025-05-11,19.6,1260.94,On-time,False
SH001450,W01,ST05,CR05,2025-05-12,2025-05-13,2025-05-16,19.9,1104.84,Delayed,False
SH001451,W01,ST05,CR05,2025-05-13,2025-05-14,2025-05-14,31.8,1999.62,On-time,False
SH001452,W01,ST05,CR01,2025-05-15,2025-05-16,2025-05-16,28.5,1806.11,On-time,False
SH001453,W01,ST05,CR04,2025-05-17,2025-05-18,2025-05-21,9.7,733.01,Delayed,False
SH001454,W01,ST05,CR01,2025-05-18,2025-05-19,2025-05-19,25.3,1750.66,On-time,False
SH001455,W02,ST05,CR04,2025-05-20,2025-05-22,2025-05-25,221.4,11132.86,Delayed,False
SH001456,W01,ST05,CR02,2025-05-22,2025-05-23,2025-05-23,16.2,1493.75,On-time,False
SH001457,W01,ST05,CR01,2025-05-23,2025-05-24,2025-05-24,24.6,1631.73,On-time,False
SH001458,W01,ST05,CR05,2025-05-25,2025-05-26,2025-05-26,13.5,1481.14,On-time,False
SH001459,W01,ST05,CR05,2025-05-27,2025-05-28,2025-05-28,22.1,1529.96,On-time,False
SH001460,W01,ST05,CR01,2025-05-29,2025-05-30,2025-05-30,33.8,2616.45,On-time,False
SH001461,W01,ST05,CR05,2025-05-31,2025-06-01,2025-06-01,12.2,991.62,On-time,False
SH001462,W01,ST05,CR01,2025-06-01,2025-06-02,2025-06-02,32.9,1934.49,On-time,False
SH001463,W01,ST05,CR05,2025-06-03,2025-06-04,2025-06-04,25.9,1662.3,On-time,False
SH001464,W01,ST05,CR03,2025-06-06,2025-06-07,2025-06-10,23.5,1484.61,Delayed,False
SH001465,W01,ST05,CR05,2025-06-08,2025-06-09,2025-06-09,7.1,1015.85,On-time,False
SH001466,W02,ST05,CR02,2025-06-10,2025-06-12,2025-06-15,221.4,9938.2,Delayed,False
SH001467,W01,ST05,CR01,2025-06-11,2025-06-12,2025-06-12,16.7,1272.67,On-time,False
SH001468,W01,ST05,CR03,2025-06-13,2025-06-14,2025-06-14,21.2,1284.34,On-time,False
SH001469,W01,ST05,CR05,2025-06-15,2025-06-16,2025-06-17,19.5,1300.73,Delayed,False
SH001470,W01,ST05,CR01,2025-06-17,2025-06-18,2025-06-18,34.4,1776.72,On-time,False
SH001471,W01,ST05,CR04,2025-06-18,2025-06-19,2025-06-21,10.9,977.04,Delayed,False
SH001472,W01,ST05,CR02,2025-06-20,2025-06-21,2025-06-23,33.2,2088.93,Delayed,False
SH001473,W01,ST05,CR03,2025-06-22,2025-06-23,2025-06-25,30.0,1899.36,Delayed,False
SH001474,W03,ST05,CR01,2025-06-24,2025-06-26,2025-06-30,210.3,9797.62,Delayed,False
SH001475,W01,ST05,CR04,2025-06-25,2025-06-26,2025-06-29,8.8,631.44,Delayed,False
SH001476,W01,ST05,CR01,2025-06-28,2025-06-29,2025-07-01,8.7,768.44,Delayed,False
SH001477,W01,ST05,CR01,2025-06-30,2025-07-01,2025-07-01,30.6,2260.51,On-time,False
SH001478,W01,ST05,CR03,2025-07-01,2025-07-02,2025-07-02,30.6,1804.92,On-time,False
SH001479,W01,ST05,CR01,2025-07-03,2025-07-04,2025-07-06,32.5,,Delayed,False
SH001480,W01,ST05,CR01,2025-07-05,2025-07-06,2025-07-06,13.1,1094.37,On-time,False
SH001481,W01,ST05,CR03,2025-07-07,2025-07-08,2025-07-08,14.7,1033.5,On-time,False
SH001482,W01,ST05,CR05,2025-07-09,2025-07-10,2025-07-10,29.0,1682.49,On-time,False
SH001483,W01,ST05,CR02,2025-07-11,2025-07-12,2025-07-12,20.2,1612.59,On-time,False
SH001484,W03,ST05,CR03,2025-07-13,2025-07-15,2025-07-15,210.3,8663.45,On-time,False
SH001485,W01,ST05,CR03,2025-07-15,2025-07-16,2025-07-16,8.1,613.63,On-time,False
SH001486,W01,ST05,CR03,2025-07-16,2025-07-17,2025-07-17,13.7,971.78,On-time,False
SH001487,W02,ST05,CR03,2025-07-18,2025-07-20,2025-07-21,221.4,,Delayed,False
SH001488,W01,ST05,CR02,2025-07-20,2025-07-21,2025-07-21,24.0,1466.63,On-time,False
SH001489,W01,ST05,CR01,2025-07-21,2025-07-22,2025-07-24,19.8,1572.53,Delayed,False
SH001490,W01,ST05,CR05,2025-07-23,2025-07-24,2025-07-24,9.2,986.29,On-time,False
SH001491,W01,ST05,CR04,2025-07-25,2025-07-26,2025-07-26,16.0,1089.47,On-time,False
SH001492,W01,ST05,CR05,2025-07-27,2025-07-28,2025-07-31,12.8,977.32,Delayed,False
SH001493,W01,ST05,CR05,2025-07-29,2025-07-30,2025-08-03,25.9,1835.89,Delayed,False
SH001494,W01,ST05,CR03,2025-07-31,2025-08-01,2025-08-01,19.8,1296.83,On-time,False
SH001495,W01,ST05,CR03,2025-08-02,2025-08-03,2025-08-03,8.7,784.0,On-time,False
SH001496,W03,ST05,CR05,2025-08-03,2025-08-05,2025-08-08,210.3,8795.28,Delayed,False
SH001497,W01,ST05,CR01,2025-08-05,2025-08-06,2025-08-06,15.4,1110.22,On-time,False
SH001498,W01,ST05,CR02,2025-08-07,2025-08-08,2025-08-08,29.9,1777.55,On-time,False
SH001499,W01,ST05,CR03,2025-08-09,2025-08-10,2025-08-12,17.3,1629.57,Delayed,False
SH001500,W01,ST05,CR01,2025-08-11,2025-08-12,2025-08-12,24.7,1771.76,On-time,False
SH001501,W01,ST05,CR01,2025-08-14,2025-08-15,2025-08-15,18.5,1569.6,On-time,False
SH001502,W01,ST05,CR04,2025-08-16,2025-08-17,2025-08-17,18.7,1135.6,On-time,False
SH001503,W01,ST05,CR01,2025-08-18,2025-08-19,2025-08-19,24.0,1341.02,On-time,False
SH001504,W01,ST05,CR03,2025-08-20,2025-08-21,2025-08-21,18.9,,On-time,False
SH001505,W01,ST05,CR01,2025-08-21,2025-08-22,2025-08-22,16.7,1250.81,On-time,False
SH001506,W01,ST05,CR05,2025-08-23,2025-08-24,2025-08-24,23.4,1645.38,On-time,False
SH001507,W01,ST05,CR01,2025-08-25,2025-08-26,2025-08-26,21.4,1686.16,On-time,False
SH001508,W01,ST05,CR03,2025-08-26,2025-08-27,2025-08-27,12.5,935.95,On-time,False
SH001509,W01,ST05,CR03,2025-08-28,2025-08-29,2025-09-02,32.2,1791.23,Delayed,False
SH001510,W01,ST05,CR01,2025-08-29,2025-08-30,2025-08-30,34.0,1922.22,On-time,False
SH001511,W01,ST05,CR01,2025-08-31,2025-09-01,2025-09-02,19.4,1105.43,Delayed,False
SH001512,W01,ST05,CR02,2025-09-02,2025-09-03,2025-09-03,24.5,1766.32,On-time,False
SH001513,W01,ST05,CR05,2025-09-04,2025-09-05,2025-09-05,13.3,1072.96,On-time,False
SH001514,W01,ST05,CR01,2025-09-05,2025-09-06,2025-09-06,21.2,,On-time,False
SH001515,W01,ST05,CR05,2025-09-06,2025-09-07,2025-09-07,14.1,921.94,Damaged,False
SH001516,W01,ST05,CR01,2025-09-08,2025-09-09,2025-09-10,26.9,1626.95,Delayed,False
SH001517,W01,ST05,CR05,2025-09-10,2025-09-11,2025-09-11,19.8,1101.28,On-time,False
SH001518,W01,ST05,CR01,2025-09-12,2025-09-13,2025-09-13,9.5,901.12,On-time,False
SH001519,W01,ST05,CR03,2025-09-14,2025-09-15,2025-09-15,18.2,1124.51,On-time,False
SH001520,W01,ST05,CR05,2025-09-16,2025-09-17,2025-09-17,16.2,1089.13,On-time,False
SH001521,W01,ST05,CR05,2025-09-17,2025-09-18,2025-09-18,33.3,1807.85,On-time,False
SH001522,W01,ST05,CR02,2025-09-19,2025-09-20,2025-09-24,12.6,1677.5,Delayed,False
SH001523,W01,ST05,CR03,2025-09-21,2025-09-22,2025-09-22,16.8,,On-time,False
SH001524,W01,ST05,CR03,2025-09-23,2025-09-24,2025-09-28,21.9,1242.59,Delayed,False
SH001525,W01,ST05,CR01,2025-09-24,2025-09-25,2025-09-27,13.4,1008.72,Delayed,False
SH001526,W01,ST05,CR02,2025-09-26,2025-09-27,2025-10-01,10.9,849.03,Delayed,False
SH001527,W01,ST05,CR01,2025-09-27,2025-09-28,2025-09-28,34.5,2090.88,On-time,False
SH001528,W02,ST05,CR02,2025-09-29,2025-10-01,2025-10-01,221.4,11019.95,On-time,False
SH001529,W01,ST05,CR03,2025-10-01,2025-10-02,2025-10-02,27.4,1520.46,On-time,False
SH001530,W01,ST05,CR02,2025-10-03,2025-10-04,2025-10-04,27.8,1890.94,On-time,False
SH001531,W01,ST05,CR02,2025-10-05,2025-10-06,2025-10-06,23.3,1511.88,On-time,False
SH001532,W01,ST05,CR02,2025-10-06,2025-10-07,2025-10-07,26.4,2130.84,On-time,False
SH001533,W01,ST05,CR04,2025-10-08,2025-10-09,2025-10-09,13.6,1165.53,On-time,False
SH001534,W01,ST05,CR04,2025-10-10,2025-10-11,2025-10-11,30.2,1696.0,On-time,False
SH001535,W01,ST05,CR04,2025-10-12,2025-10-13,2025-10-13,34.3,2231.7,On-time,False
SH001536,W03,ST05,CR05,2025-10-13,2025-10-15,2025-10-15,210.3,11074.94,On-time,False
SH001537,W01,ST05,CR03,2025-10-15,2025-10-16,2025-10-16,8.5,673.43,On-time,False
SH001538,W01,ST05,CR02,2025-10-16,2025-10-17,2025-10-17,12.7,1092.67,On-time,False
SH001539,W01,ST05,CR03,2025-10-18,2025-10-19,2025-10-19,33.6,1847.72,On-time,False
SH001540,W01,ST05,CR04,2025-10-19,2025-10-20,2025-10-20,27.9,1416.75,On-time,False
SH001541,W01,ST05,CR03,2025-10-21,2025-10-22,2025-10-22,26.5,1413.08,On-time,False
SH001542,W01,ST05,CR04,2025-10-23,2025-10-24,2025-10-26,14.7,877.89,Delayed,False
SH001543,W01,ST05,CR03,2025-10-24,2025-10-25,2025-10-25,14.2,991.92,On-time,False
SH001544,W01,ST05,CR01,2025-10-26,2025-10-27,2025-10-27,8.5,813.34,On-time,False
SH001545,W01,ST05,CR01,2025-10-28,2025-10-29,2025-10-29,31.7,1993.06,On-time,False
SH001546,W01,ST05,CR05,2025-10-29,2025-10-30,2025-10-30,16.8,1119.74,On-time,False
SH001547,W02,ST05,CR04,2025-10-31,2025-11-02,2025-11-02,221.4,8880.54,On-time,False
SH001548,W01,ST05,CR02,2025-11-01,2025-11-02,2025-11-02,25.5,1335.49,On-time,False
SH001549,W01,ST05,CR01,2025-11-02,2025-11-03,2025-11-03,18.0,1431.2,On-time,False
SH001550,W01,ST05,CR02,2025-11-04,2025-11-05,2025-11-05,10.0,783.62,On-time,False
SH001551,W01,ST05,CR04,2025-11-06,2025-11-07,2025-11-07,11.6,1366.45,On-time,False
SH001552,W03,ST05,CR02,2025-11-08,2025-11-10,2025-11-14,210.3,10062.59,Delayed,False
SH001553,W01,ST05,CR03,2025-11-10,2025-11-11,2025-11-11,22.1,1859.86,On-time,False
SH001554,W01,ST05,CR02,2025-11-11,2025-11-12,2025-11-12,14.5,1223.58,On-time,False
SH001555,W01,ST05,CR05,2025-11-13,2025-11-14,2025-11-14,20.5,1463.67,On-time,False
SH001556,W01,ST05,CR01,2025-11-14,2025-11-15,2025-11-15,8.6,907.04,On-time,False
SH001557,W01,ST05,CR03,2025-11-16,2025-11-17,2025-11-17,21.7,1176.18,On-time,False
SH001558,W01,ST05,CR01,2025-11-18,2025-11-19,2025-11-19,24.8,1609.82,On-time,False
SH001559,W01,ST05,CR05,2025-11-19,2025-11-20,2025-11-20,22.9,1884.57,On-time,False
SH001560,W01,ST05,CR03,2025-11-21,2025-11-22,2025-11-22,31.6,1994.7,On-time,False
SH001561,W01,ST05,CR05,2025-11-23,2025-11-24,2025-11-24,9.8,933.59,On-time,False
SH001562,W01,ST05,CR01,2025-11-25,2025-11-26,2025-11-26,22.9,1471.5,On-time,False
SH001563,W01,ST05,CR02,2025-11-27,2025-11-28,2025-11-28,9.8,1037.41,On-time,False
SH001564,W01,ST05,CR02,2025-11-29,2025-11-30,2025-11-30,19.5,1377.03,On-time,False
SH001565,W01,ST05,CR03,2025-12-01,2025-12-02,2025-12-02,19.1,1284.88,On-time,False
SH001566,W01,ST05,CR01,2025-12-02,2025-12-03,2025-12-03,21.3,1358.75,On-time,False
SH001567,W01,ST05,CR05,2025-12-04,2025-12-05,2025-12-05,15.8,1134.48,On-time,False
SH001568,W01,ST05,CR02,2025-12-06,2025-12-07,2025-12-07,7.3,983.94,On-time,False
SH001569,W01,ST05,CR03,2025-12-08,2025-12-09,2025-12-09,8.6,815.39,On-time,False
SH001570,W01,ST05,CR05,2025-12-10,2025-12-11,2025-12-11,24.5,1443.3,On-time,False
SH001571,W02,ST05,CR01,2025-12-13,2025-12-15,2025-12-15,221.4,8902.95,On-time,False
SH001572,W01,ST05,CR03,2025-12-15,2025-12-16,2025-12-19,18.8,1380.18,Delayed,False
SH001573,W01,ST05,CR03,2025-12-17,2025-12-18,2025-12-18,18.1,1172.58,On-time,False
SH001574,W01,ST05,CR03,2025-12-19,2025-12-20,2025-12-20,12.4,962.76,On-time,False
SH001575,W01,ST05,CR02,2025-12-21,2025-12-22,2025-12-22,8.8,815.73,On-time,False
SH001576,W01,ST05,CR05,2025-12-23,2025-12-24,2025-12-25,14.8,842.63,Delayed,False
SH001577,W01,ST05,CR04,2025-12-25,2025-12-26,2025-12-30,26.7,1650.69,Delayed,False
SH001578,W01,ST05,CR01,2025-12-27,2025-12-28,2025-12-29,7.5,1079.78,Delayed,False
SH001579,W01,ST05,CR02,2025-12-29,2025-12-30,2025-12-30,17.6,1194.23,On-time,False
SH001580,W01,ST05,CR05,2025-12-31,2026-01-01,,26.6,1699.11,In-Transit,False
SH001581,W01,ST06,CR03,2024-01-03,2024-01-04,2024-01-07,123.3,6117.84,Delayed,False
SH001582,W01,ST06,CR04,2024-01-05,2024-01-06,2024-01-06,123.3,6498.04,On-time,False
SH001583,W01,ST06,CR03,2024-01-07,2024-01-08,2024-01-08,123.3,5643.65,On-time,False
SH001584,W01,ST06,CR03,2024-01-09,2024-01-10,2024-01-10,123.3,5677.92,On-time,False
SH001585,W01,ST06,CR01,2024-01-11,2024-01-12,2024-01-12,123.3,7973.63,On-time,False
SH001586,W01,ST06,CR02,2024-01-13,2024-01-14,2024-01-14,123.3,6574.44,On-time,False
SH001587,W01,ST06,CR05,2024-01-16,2024-01-17,2024-01-17,123.3,5749.92,On-time,False
SH001588,W01,ST06,CR05,2024-01-18,2024-01-19,2024-01-19,123.3,5057.07,On-time,False
SH001589,W01,ST06,CR03,2024-01-21,2024-01-22,2024-01-24,123.3,,Delayed,False
SH001590,W01,ST06,CR01,2024-01-24,2024-01-25,2024-01-25,123.3,5437.74,On-time,False
SH001591,W01,ST06,CR02,2024-01-26,2024-01-27,2024-01-27,123.3,7040.4,On-time,False
SH001592,W01,ST06,CR05,2024-01-29,2024-01-30,2024-01-30,123.3,,On-time,False
SH001593,W01,ST06,CR01,2024-02-01,2024-02-02,2024-02-02,123.3,6320.75,On-time,False
SH001594,W01,ST06,CR03,2024-02-03,2024-02-04,2024-02-04,123.3,6675.87,On-time,False
SH001595,W01,ST06,CR02,2024-02-05,2024-02-06,2024-02-06,123.3,6440.75,On-time,False
SH001596,W01,ST06,CR03,2024-02-07,2024-02-08,2024-02-08,123.3,5586.87,On-time,False
SH001597,W03,ST06,CR01,2024-02-10,2024-02-12,2024-02-12,270.1,14879.47,On-time,False
SH001598,W01,ST06,CR01,2024-02-13,2024-02-14,2024-02-14,123.3,7359.12,On-time,False
SH001599,W03,ST06,CR03,2024-02-15,2024-02-17,2024-02-20,270.1,13875.6,Delayed,False
SH001600,W02,ST06,CR05,2024-02-18,2024-02-20,2024-02-20,161.0,8058.61,On-time,False
SH001601,W01,ST06,CR05,2024-02-20,2024-02-21,2024-02-21,123.3,7516.67,On-time,False
SH001602,W01,ST06,CR05,2024-02-23,2024-02-24,2024-02-24,123.3,6818.98,On-time,False
SH001603,W01,ST06,CR05,2024-02-26,2024-02-27,2024-02-27,123.3,5296.57,Damaged,False
SH001604,W01,ST06,CR01,2024-02-29,2024-03-01,2024-03-01,123.3,6664.77,On-time,False
SH001605,W01,ST06,CR05,2024-03-03,2024-03-04,2024-03-04,123.3,7902.33,Damaged,False
SH001606,W01,ST06,CR01,2024-03-06,2024-03-07,2024-03-07,123.3,7236.92,On-time,False
SH001607,W02,ST06,CR01,2024-03-08,2024-03-10,2024-03-10,161.0,7461.08,On-time,False
SH001608,W01,ST06,CR02,2024-03-10,2024-03-11,2024-03-11,123.3,5869.36,On-time,False
SH001609,W01,ST06,CR03,2024-03-12,2024-03-13,2024-03-13,123.3,6766.03,On-time,False
SH001610,W01,ST06,CR03,2024-03-15,2024-03-16,2024-03-16,123.3,4776.52,On-time,False
SH001611,W01,ST06,CR01,2024-03-18,2024-03-19,2024-03-19,123.3,7079.83,On-time,False
SH001612,W02,ST06,CR05,2024-03-21,2024-03-23,2024-03-23,161.0,7967.15,On-time,False
SH001613,W01,ST06,CR02,2024-03-23,2024-03-24,2024-03-24,123.3,6520.07,On-time,False
SH001614,W02,ST06,CR01,2024-03-25,2024-03-27,2024-03-27,161.0,8849.29,On-time,False
SH001615,W01,ST06,CR02,2024-03-28,2024-03-29,2024-03-29,123.3,6623.34,Lost,False
SH001616,W01,ST06,CR05,2024-03-30,2024-03-31,2024-03-31,123.3,5258.21,On-time,False
SH001617,W03,ST06,CR03,2024-04-01,2024-04-03,2024-04-03,270.1,10887.33,On-time,False
SH001618,W01,ST06,CR04,2024-04-04,2024-04-05,2024-04-05,123.3,6529.55,On-time,False
SH001619,W01,ST06,CR05,2024-04-06,2024-04-07,2024-04-07,123.3,8046.0,On-time,False
SH001620,W03,ST06,CR01,2024-04-08,2024-04-10,2024-04-13,270.1,16702.32,Delayed,False
SH001621,W01,ST06,CR04,2024-04-11,2024-04-12,2024-04-12,123.3,7187.66,On-time,False
SH001622,W01,ST06,CR01,2024-04-13,2024-04-14,2024-04-17,123.3,6362.22,Delayed,False
SH001623,W02,ST06,CR03,2024-04-15,2024-04-17,2024-04-17,161.0,7454.02,On-time,False
SH001624,W01,ST06,CR02,2024-04-17,2024-04-18,2024-04-18,123.3,5380.41,On-time,False
SH001625,W01,ST06,CR05,2024-04-20,2024-04-21,2024-04-21,123.3,6197.82,On-time,False
SH001626,W01,ST06,CR02,2024-04-22,2024-04-23,2024-04-23,123.3,5314.85,On-time,False
SH001627,W01,ST06,CR02,2024-04-25,2024-04-26,2024-04-26,123.3,5585.01,Damaged,False
SH001628,W01,ST06,CR05,2024-04-28,2024-04-29,2024-04-29,123.3,6576.41,On-time,False
SH001629,W01,ST06,CR03,2024-05-01,2024-05-02,2024-05-02,123.3,7166.5,On-time,False
SH001630,W01,ST06,CR02,2024-05-04,2024-05-05,2024-05-05,123.3,7215.65,On-time,False
SH001631,W01,ST06,CR04,2024-05-06,2024-05-07,2024-05-08,123.3,6299.39,Delayed,False
SH001632,W02,ST06,CR02,2024-05-09,2024-05-11,2024-05-11,161.0,7258.78,On-time,False
SH001633,W01,ST06,CR03,2024-05-11,2024-05-12,2024-05-12,123.3,6442.74,On-time,False
SH001634,W01,ST06,CR03,2024-05-13,2024-05-14,2024-05-14,123.3,7766.83,On-time,False
SH001635,W01,ST06,CR04,2024-05-15,2024-05-16,2024-05-19,123.3,5163.8,Delayed,False
SH001636,W03,ST06,CR02,2024-05-18,2024-05-20,2024-05-23,270.1,11831.16,Delayed,False
SH001637,W01,ST06,CR01,2024-05-21,2024-05-22,2024-05-22,123.3,7275.19,On-time,False
SH001638,W01,ST06,CR02,2024-05-24,2024-05-25,2024-05-25,123.3,5734.92,On-time,False
SH001639,W01,ST06,CR02,2024-05-26,2024-05-27,2024-05-31,123.3,5406.72,Delayed,False
SH001640,W01,ST06,CR05,2024-05-28,2024-05-29,2024-05-29,123.3,6651.28,On-time,False
SH001641,W02,ST06,CR02,2024-05-30,2024-06-01,2024-06-01,161.0,,On-time,False
SH001642,W01,ST06,CR02,2024-06-01,2024-06-02,2024-06-02,123.3,4534.16,On-time,False
SH001643,W01,ST06,CR01,2024-06-03,2024-06-04,2024-06-06,123.3,5304.33,Delayed,False
SH001644,W01,ST06,CR04,2024-06-05,2024-06-06,2024-06-06,123.3,7466.92,On-time,False
SH001645,W01,ST06,CR05,2024-06-08,2024-06-09,2024-06-13,123.3,6838.77,Delayed,False
SH001646,W02,ST06,CR05,2024-06-10,2024-06-12,2024-06-12,161.0,6611.79,On-time,False
SH001647,W01,ST06,CR01,2024-06-12,2024-06-13,2024-06-15,123.3,5298.75,Delayed,False
SH001648,W01,ST06,CR02,2024-06-14,2024-06-15,2024-06-19,123.3,7532.97,Delayed,False
SH001649,W01,ST06,CR03,2024-06-16,2024-06-17,2024-06-17,123.3,5655.34,On-time,False
SH001650,W01,ST06,CR02,2024-06-19,2024-06-20,2024-06-22,123.3,6297.29,Delayed,False
SH001651,W01,ST06,CR04,2024-06-21,2024-06-22,2024-06-22,123.3,5859.55,Lost,False
SH001652,W01,ST06,CR05,2024-06-23,2024-06-24,2024-06-24,123.3,5666.05,On-time,False
SH001653,W01,ST06,CR05,2024-06-25,2024-06-26,2024-06-26,123.3,6190.51,On-time,False
SH001654,W01,ST06,CR03,2024-06-27,2024-06-28,2024-06-28,123.3,,On-time,False
SH001655,W01,ST06,CR02,2024-06-30,2024-07-01,2024-07-01,123.3,5867.55,On-time,False
SH001656,W01,ST06,CR05,2024-07-02,2024-07-03,2024-07-03,123.3,7754.09,On-time,False
SH001657,W01,ST06,CR03,2024-07-05,2024-07-06,2024-07-06,123.3,5272.66,On-time,False
SH001658,W01,ST06,CR04,2024-07-08,2024-07-09,2024-07-09,123.3,5998.14,On-time,False
SH001659,W01,ST06,CR04,2024-07-11,2024-07-12,2024-07-12,123.3,5967.67,On-time,False
SH001660,W01,ST06,CR03,2024-07-14,2024-07-15,2024-07-15,123.3,6343.9,On-time,False
SH001661,W01,ST06,CR02,2024-07-17,2024-07-18,2024-07-18,123.3,7739.93,On-time,False
SH001662,W01,ST06,CR01,2024-07-20,2024-07-21,2024-07-21,123.3,5035.79,On-time,False
SH001663,W01,ST06,CR04,2024-07-23,2024-07-24,2024-07-28,123.3,5052.1,Delayed,False
SH001664,W01,ST06,CR02,2024-07-25,2024-07-26,2024-07-27,123.3,5999.13,Delayed,False
SH001665,W01,ST06,CR01,2024-07-28,2024-07-29,2024-07-29,123.3,6059.13,On-time,False
SH001666,W01,ST06,CR04,2024-07-30,2024-07-31,2024-08-03,123.3,7549.56,Damaged,False
SH001667,W02,ST06,CR01,2024-08-02,2024-08-04,2024-08-04,161.0,9174.36,Lost,False
SH001668,W01,ST06,CR02,2024-08-05,2024-08-06,2024-08-06,123.3,5378.58,On-time,False
SH001669,W01,ST06,CR03,2024-08-07,2024-08-08,2024-08-08,123.3,4830.82,On-time,False
SH001670,W01,ST06,CR02,2024-08-10,2024-08-11,2024-08-11,123.3,6120.21,On-time,False
SH001671,W01,ST06,CR05,2024-08-12,2024-08-13,2024-08-13,123.3,5915.39,On-time,False
SH001672,W02,ST06,CR02,2024-08-15,2024-08-17,2024-08-19,161.0,8526.12,Delayed,False
SH001673,W01,ST06,CR03,2024-08-17,2024-08-18,2024-08-18,123.3,6635.03,On-time,False
SH001674,W01,ST06,CR01,2024-08-19,2024-08-20,2024-08-20,123.3,4858.09,On-time,False
SH001675,W01,ST06,CR02,2024-08-22,2024-08-23,2024-08-23,123.3,6975.51,On-time,False
SH001676,W01,ST06,CR02,2024-08-24,2024-08-25,2024-08-25,123.3,6135.42,On-time,False
SH001677,W01,ST06,CR04,2024-08-26,2024-08-27,2024-08-30,123.3,5221.35,Delayed,False
SH001678,W01,ST06,CR05,2024-08-28,2024-08-29,2024-08-29,123.3,7078.55,On-time,False
SH001679,W03,ST06,CR05,2024-08-30,2024-09-01,2024-09-01,270.1,12133.84,On-time,False
SH001680,W01,ST06,CR03,2024-09-01,2024-09-02,2024-09-02,123.3,4584.44,On-time,False
SH001681,W01,ST06,CR05,2024-09-04,2024-09-05,2024-09-05,123.3,7517.15,On-time,False
SH001682,W01,ST06,CR03,2024-09-06,2024-09-07,2024-09-07,123.3,7799.1,On-time,False
SH001683,W01,ST06,CR04,2024-09-09,2024-09-10,2024-09-10,123.3,5849.99,On-time,False
SH001684,W01,ST06,CR01,2024-09-12,2024-09-13,2024-09-15,123.3,7624.55,Delayed,False
SH001685,W01,ST06,CR05,2024-09-14,2024-09-15,2024-09-15,123.3,6743.94,On-time,False
SH001686,W01,ST06,CR02,2024-09-17,2024-09-18,2024-09-22,123.3,7383.75,Delayed,False
SH001687,W01,ST06,CR03,2024-09-20,2024-09-21,2024-09-21,123.3,7260.61,On-time,False
SH001688,W01,ST06,CR02,2024-09-23,2024-09-24,2024-09-24,123.3,6788.08,On-time,False
SH001689,W02,ST06,CR03,2024-09-26,2024-09-28,2024-09-28,161.0,6748.09,On-time,False
SH001690,W03,ST06,CR01,2024-09-28,2024-09-30,2024-10-01,270.1,12399.81,Delayed,False
SH001691,W01,ST06,CR04,2024-09-30,2024-10-01,2024-10-01,123.3,7081.83,On-time,False
SH001692,W01,ST06,CR02,2024-10-03,2024-10-04,2024-10-04,123.3,5613.8,On-time,False
SH001693,W01,ST06,CR05,2024-10-05,2024-10-06,2024-10-06,123.3,6470.79,On-time,False
SH001694,W01,ST06,CR01,2024-10-07,2024-10-08,2024-10-09,123.3,6043.31,Delayed,False
SH001695,W01,ST06,CR01,2024-10-10,2024-10-11,2024-10-11,123.3,7936.98,On-time,False
SH001696,W01,ST06,CR05,2024-10-13,2024-10-14,2024-10-14,123.3,6333.55,On-time,False
SH001697,W01,ST06,CR04,2024-10-16,2024-10-17,2024-10-20,123.3,5363.84,Delayed,False
SH001698,W01,ST06,CR03,2024-10-18,2024-10-19,2024-10-19,123.3,5687.08,On-time,False
SH001699,W01,ST06,CR04,2024-10-20,2024-10-21,2024-10-21,123.3,4939.26,On-time,False
SH001700,W01,ST06,CR03,2024-10-22,2024-10-23,2024-10-23,123.3,6962.57,On-time,False
SH001701,W01,ST06,CR05,2024-10-25,2024-10-26,2024-10-26,123.3,6182.77,On-time,False
SH001702,W01,ST06,CR02,2024-10-28,2024-10-29,2024-10-29,123.3,6987.23,On-time,False
SH001703,W01,ST06,CR04,2024-10-31,2024-11-01,2024-11-01,123.3,6375.55,On-time,False
SH001704,W01,ST06,CR01,2024-11-02,2024-11-03,2024-11-03,123.3,6758.84,On-time,False
SH001705,W01,ST06,CR05,2024-11-05,2024-11-06,2024-11-06,123.3,7417.13,On-time,False
SH001706,W01,ST06,CR05,2024-11-08,2024-11-09,2024-11-09,123.3,6679.07,On-time,False
SH001707,W01,ST06,CR02,2024-11-10,2024-11-11,2024-11-11,123.3,5458.03,On-time,False
SH001708,W01,ST06,CR05,2024-11-13,2024-11-14,2024-11-14,123.3,7081.82,On-time,False
SH001709,W01,ST06,CR03,2024-11-14,2024-11-15,2024-11-15,123.3,6110.67,On-time,False
SH001710,W01,ST06,CR02,2024-11-16,2024-11-17,2024-11-17,123.3,5987.58,On-time,False
SH001711,W01,ST06,CR04,2024-11-18,2024-11-19,2024-11-22,123.3,4977.75,Delayed,False
SH001712,W01,ST06,CR01,2024-11-20,2024-11-21,2024-11-21,123.3,5542.08,On-time,False
SH001713,W01,ST06,CR01,2024-11-22,2024-11-23,2024-11-23,123.3,7171.36,On-time,False
SH001714,W01,ST06,CR05,2024-11-24,2024-11-25,2024-11-25,123.3,6370.51,On-time,False
SH001715,W01,ST06,CR02,2024-11-26,2024-11-27,2024-11-27,123.3,7405.52,On-time,False
SH001716,W01,ST06,CR05,2024-11-29,2024-11-30,2024-12-01,123.3,6803.35,Delayed,False
SH001717,W01,ST06,CR05,2024-12-02,2024-12-03,2024-12-03,123.3,5378.95,On-time,False
SH001718,W01,ST06,CR05,2024-12-04,2024-12-05,2024-12-05,123.3,6529.04,On-time,False
SH001719,W01,ST06,CR01,2024-12-05,2024-12-06,2024-12-06,123.3,6106.95,On-time,False
SH001720,W01,ST06,CR03,2024-12-08,2024-12-09,2024-12-09,123.3,6481.0,On-time,False
SH001721,W01,ST06,CR02,2024-12-10,2024-12-11,2024-12-11,123.3,4902.71,On-time,False
SH001722,W01,ST06,CR01,2024-12-12,2024-12-13,2024-12-13,123.3,6589.83,On-time,False
SH001723,W01,ST06,CR02,2024-12-15,2024-12-16,2024-12-16,123.3,5474.43,On-time,False
SH001724,W02,ST06,CR01,2024-12-18,2024-12-20,2024-12-20,161.0,8894.43,On-time,False
SH001725,W01,ST06,CR02,2024-12-21,2024-12-22,2024-12-22,123.3,6493.07,On-time,False
SH001726,W03,ST06,CR05,2024-12-23,2024-12-25,2024-12-25,270.1,15218.57,On-time,False
SH001727,W01,ST06,CR04,2024-12-26,2024-12-27,2024-12-27,123.3,7458.79,On-time,False
SH001728,W01,ST06,CR01,2024-12-29,2024-12-30,2024-12-30,123.3,5211.03,On-time,False
SH001729,W01,ST06,CR03,2024-12-31,2025-01-01,2025-01-01,123.3,7570.71,On-time,False
SH001730,W01,ST06,CR04,2025-01-03,2025-01-04,2025-01-06,123.3,5938.79,Delayed,False
SH001731,W01,ST06,CR02,2025-01-05,2025-01-06,2025-01-06,123.3,6834.78,On-time,False
SH001732,W01,ST06,CR05,2025-01-08,2025-01-09,2025-01-09,123.3,6067.6,On-time,False
SH001733,W03,ST06,CR02,2025-01-10,2025-01-12,2025-01-12,270.1,16473.82,On-time,False
SH001734,W01,ST06,CR03,2025-01-12,2025-01-13,2025-01-13,123.3,5380.67,On-time,False
SH001735,W01,ST06,CR02,2025-01-15,2025-01-16,2025-01-16,123.3,7007.7,On-time,False
SH001736,W01,ST06,CR04,2025-01-17,2025-01-18,2025-01-19,123.3,6600.81,Delayed,False
SH001737,W01,ST06,CR01,2025-01-20,2025-01-21,2025-01-21,123.3,5412.87,On-time,False
SH001738,W01,ST06,CR01,2025-01-22,2025-01-23,2025-01-23,123.3,7587.78,On-time,False
SH001739,W01,ST06,CR03,2025-01-24,2025-01-25,2025-01-25,123.3,,On-time,False
SH001740,W01,ST06,CR01,2025-01-26,2025-01-27,2025-01-27,123.3,5705.02,On-time,False
SH001741,W01,ST06,CR05,2025-01-28,2025-01-29,2025-01-29,123.3,4779.17,On-time,False
SH001742,W01,ST06,CR01,2025-01-30,2025-01-31,2025-01-31,123.3,6080.4,On-time,False
SH001743,W01,ST06,CR02,2025-02-01,2025-02-02,2025-02-02,123.3,5737.54,Lost,False
SH001744,W02,ST06,CR01,2025-02-03,2025-02-05,2025-02-05,161.0,9017.87,On-time,False
SH001745,W01,ST06,CR01,2025-02-06,2025-02-07,2025-02-07,123.3,6293.09,On-time,False
SH001746,W01,ST06,CR05,2025-02-08,2025-02-09,2025-02-10,123.3,6438.97,Delayed,False
SH001747,W01,ST06,CR04,2025-02-10,2025-02-11,2025-02-13,123.3,,Delayed,False
SH001748,W01,ST06,CR02,2025-02-13,2025-02-14,2025-02-14,123.3,6645.67,On-time,False
SH001749,W01,ST06,CR02,2025-02-16,2025-02-17,2025-02-17,123.3,4893.5,On-time,False
SH001750,W01,ST06,CR03,2025-02-19,2025-02-20,2025-02-20,123.3,5754.4,On-time,False
SH001751,W02,ST06,CR02,2025-02-21,2025-02-23,2025-02-23,161.0,7875.68,On-time,False
SH001752,W01,ST06,CR04,2025-02-24,2025-02-25,2025-02-25,123.3,4800.27,On-time,False
SH001753,W01,ST06,CR03,2025-02-26,2025-02-27,2025-02-27,123.3,6848.35,On-time,False
SH001754,W01,ST06,CR05,2025-02-28,2025-03-01,2025-03-01,123.3,6078.79,On-time,False
SH001755,W01,ST06,CR04,2025-03-03,2025-03-04,2025-03-08,123.3,7845.11,Delayed,False
SH001756,W01,ST06,CR03,2025-03-06,2025-03-07,2025-03-10,123.3,5464.1,Delayed,False
SH001757,W01,ST06,CR01,2025-03-09,2025-03-10,2025-03-10,123.3,6086.17,On-time,False
SH001758,W01,ST06,CR01,2025-03-12,2025-03-13,2025-03-13,123.3,,On-time,False
SH001759,W01,ST06,CR05,2025-03-15,2025-03-16,2025-03-16,123.3,6246.49,On-time,False
SH001760,W01,ST06,CR04,2025-03-17,2025-03-18,2025-03-18,123.3,5130.46,On-time,False
SH001761,W01,ST06,CR05,2025-03-20,2025-03-21,2025-03-21,123.3,7274.6,On-time,False
SH001762,W01,ST06,CR03,2025-03-23,2025-03-24,2025-03-24,123.3,6606.9,On-time,False
SH001763,W01,ST06,CR01,2025-03-25,2025-03-26,2025-03-26,123.3,6012.65,On-time,False
SH001764,W01,ST06,CR01,2025-03-28,2025-03-29,2025-03-29,123.3,6677.71,On-time,False
SH001765,W01,ST06,CR03,2025-03-30,2025-03-31,2025-03-31,123.3,5656.92,On-time,False
SH001766,W01,ST06,CR01,2025-04-01,2025-04-02,2025-04-02,123.3,6920.67,On-time,False
SH001767,W01,ST06,CR03,2025-04-03,2025-04-04,2025-04-04,123.3,6950.8,On-time,False
SH001768,W01,ST06,CR03,2025-04-06,2025-04-07,2025-04-07,123.3,5016.37,On-time,False
SH001769,W01,ST06,CR01,2025-04-09,2025-04-10,2025-04-10,123.3,5316.7,On-time,False
SH001770,W01,ST06,CR01,2025-04-12,2025-04-13,2025-04-17,123.3,6817.02,Delayed,False
SH001771,W01,ST06,CR03,2025-04-15,2025-04-16,2025-04-16,123.3,5194.86,On-time,False
SH001772,W01,ST06,CR05,2025-04-17,2025-04-18,2025-04-18,123.3,5747.96,On-time,False
SH001773,W01,ST06,CR03,2025-04-19,2025-04-20,2025-04-20,123.3,7691.83,On-time,False
SH001774,W01,ST06,CR02,2025-04-22,2025-04-23,2025-04-23,123.3,4948.42,On-time,False
SH001775,W01,ST06,CR05,2025-04-25,2025-04-26,2025-04-26,123.3,,On-time,False
SH001776,W01,ST06,CR02,2025-04-28,2025-04-29,2025-04-29,123.3,5412.46,On-time,False
SH001777,W01,ST06,CR04,2025-04-30,2025-05-01,2025-05-04,123.3,5983.34,Delayed,False
SH001778,W01,ST06,CR04,2025-05-02,2025-05-03,2025-05-06,123.3,5935.0,Delayed,False
SH001779,W03,ST06,CR05,2025-05-05,2025-05-07,2025-05-07,270.1,13629.8,On-time,False
SH001780,W01,ST06,CR04,2025-05-07,2025-05-08,2025-05-08,123.3,7255.87,On-time,False
SH001781,W01,ST06,CR05,2025-05-10,2025-05-11,2025-05-11,123.3,5791.03,On-time,False
SH001782,W01,ST06,CR03,2025-05-13,2025-05-14,2025-05-14,123.3,6289.42,On-time,False
SH001783,W01,ST06,CR01,2025-05-15,2025-05-16,2025-05-19,123.3,6096.45,Delayed,False
SH001784,W01,ST06,CR01,2025-05-17,2025-05-18,2025-05-18,123.3,7198.03,On-time,False
SH001785,W01,ST06,CR03,2025-05-20,2025-05-21,2025-05-21,123.3,,On-time,False
SH001786,W01,ST06,CR05,2025-05-22,2025-05-23,2025-05-23,123.3,5198.92,On-time,False
SH001787,W01,ST06,CR03,2025-05-25,2025-05-26,2025-05-26,123.3,6271.65,On-time,False
SH001788,W01,ST06,CR02,2025-05-28,2025-05-29,2025-05-29,123.3,5274.7,On-time,False
SH001789,W01,ST06,CR05,2025-05-31,2025-06-01,2025-06-01,123.3,4831.25,Lost,False
SH001790,W01,ST06,CR03,2025-06-03,2025-06-04,2025-06-04,123.3,5715.07,On-time,False
SH001791,W02,ST06,CR01,2025-06-06,2025-06-08,2025-06-08,161.0,8489.08,On-time,False
SH001792,W01,ST06,CR02,2025-06-07,2025-06-08,2025-06-08,123.3,6316.15,On-time,False
SH001793,W01,ST06,CR04,2025-06-09,2025-06-10,2025-06-10,123.3,5124.21,On-time,False
SH001794,W01,ST06,CR05,2025-06-12,2025-06-13,2025-06-13,123.3,5802.69,On-time,False
SH001795,W01,ST06,CR01,2025-06-14,2025-06-15,2025-06-15,123.3,6426.72,On-time,False
SH001796,W01,ST06,CR01,2025-06-16,2025-06-17,2025-06-17,123.3,5938.98,On-time,False
SH001797,W01,ST06,CR04,2025-06-18,2025-06-19,2025-06-19,123.3,6627.86,On-time,False
SH001798,W01,ST06,CR03,2025-06-20,2025-06-21,2025-06-21,123.3,4553.45,On-time,False
SH001799,W01,ST06,CR01,2025-06-22,2025-06-23,2025-06-23,123.3,7677.34,On-time,False
SH001800,W03,ST06,CR04,2025-06-25,2025-06-27,2025-06-29,270.1,15563.32,Delayed,False
SH001801,W01,ST06,CR02,2025-06-27,2025-06-28,2025-06-28,123.3,5672.71,On-time,False
SH001802,W01,ST06,CR01,2025-06-29,2025-06-30,2025-07-03,123.3,5657.48,Delayed,False
SH001803,W01,ST06,CR03,2025-07-02,2025-07-03,2025-07-03,123.3,7142.27,On-time,False
SH001804,W03,ST06,CR02,2025-07-04,2025-07-06,2025-07-06,270.1,12426.7,On-time,False
SH001805,W01,ST06,CR03,2025-07-06,2025-07-07,2025-07-07,123.3,7009.34,On-time,False
SH001806,W01,ST06,CR04,2025-07-08,2025-07-09,2025-07-09,123.3,7672.98,On-time,False
SH001807,W01,ST06,CR05,2025-07-10,2025-07-11,2025-07-11,123.3,6254.71,On-time,False
SH001808,W01,ST06,CR03,2025-07-13,2025-07-14,2025-07-17,123.3,4562.01,Delayed,False
SH001809,W01,ST06,CR01,2025-07-16,2025-07-17,2025-07-17,123.3,6065.05,On-time,False
SH001810,W01,ST06,CR03,2025-07-19,2025-07-20,2025-07-20,123.3,6929.89,On-time,False
SH001811,W01,ST06,CR04,2025-07-22,2025-07-23,2025-07-23,123.3,6151.8,On-time,False
SH001812,W01,ST06,CR03,2025-07-24,2025-07-25,2025-07-25,123.3,6284.71,On-time,False
SH001813,W01,ST06,CR03,2025-07-27,2025-07-28,2025-07-28,123.3,5094.05,On-time,False
SH001814,W01,ST06,CR01,2025-07-30,2025-07-31,2025-07-31,123.3,5502.77,On-time,False
SH001815,W01,ST06,CR03,2025-08-01,2025-08-02,2025-08-02,123.3,,On-time,False
SH001816,W01,ST06,CR05,2025-08-04,2025-08-05,2025-08-07,123.3,,Delayed,False
SH001817,W01,ST06,CR04,2025-08-07,2025-08-08,2025-08-12,123.3,5747.91,Damaged,False
SH001818,W01,ST06,CR01,2025-08-10,2025-08-11,2025-08-11,123.3,5389.72,On-time,False
SH001819,W01,ST06,CR03,2025-08-12,2025-08-13,2025-08-13,123.3,6788.93,On-time,False
SH001820,W01,ST06,CR03,2025-08-14,2025-08-15,2025-08-15,123.3,5765.18,On-time,False
SH001821,W02,ST06,CR05,2025-08-16,2025-08-18,2025-08-18,161.0,7724.29,On-time,False
SH001822,W01,ST06,CR01,2025-08-18,2025-08-19,2025-08-19,123.3,,On-time,False
SH001823,W01,ST06,CR05,2025-08-21,2025-08-22,2025-08-25,123.3,6594.53,Delayed,False
SH001824,W01,ST06,CR02,2025-08-24,2025-08-25,2025-08-25,123.3,6529.26,On-time,False
SH001825,W01,ST06,CR01,2025-08-27,2025-08-28,2025-08-28,123.3,7533.12,On-time,False
SH001826,W01,ST06,CR05,2025-08-29,2025-08-30,2025-08-30,123.3,7358.17,On-time,False
SH001827,W01,ST06,CR01,2025-08-31,2025-09-01,2025-09-01,123.3,5896.43,On-time,False
SH001828,W01,ST06,CR01,2025-09-02,2025-09-03,2025-09-07,123.3,4654.43,Delayed,False
SH001829,W01,ST06,CR05,2025-09-04,2025-09-05,2025-09-05,123.3,7319.21,Lost,False
SH001830,W01,ST06,CR04,2025-09-06,2025-09-07,2025-09-07,123.3,5849.39,On-time,False
SH001831,W01,ST06,CR01,2025-09-09,2025-09-10,2025-09-10,123.3,,On-time,False
SH001832,W01,ST06,CR05,2025-09-11,2025-09-12,2025-09-12,123.3,6066.66,On-time,False
SH001833,W01,ST06,CR03,2025-09-13,2025-09-14,2025-09-16,123.3,6080.35,Delayed,False
SH001834,W01,ST06,CR04,2025-09-14,2025-09-15,2025-09-17,123.3,5260.57,Delayed,False
SH001835,W01,ST06,CR05,2025-09-16,2025-09-17,2025-09-17,123.3,6236.02,On-time,False
SH001836,W01,ST06,CR04,2025-09-18,2025-09-19,2025-09-23,123.3,5523.08,Delayed,False
SH001837,W01,ST06,CR03,2025-09-20,2025-09-21,2025-09-23,123.3,5189.76,Delayed,False
SH001838,W01,ST06,CR04,2025-09-23,2025-09-24,2025-09-27,123.3,6848.03,Delayed,False
SH001839,W01,ST06,CR01,2025-09-26,2025-09-27,2025-09-27,123.3,5911.22,On-time,False
SH001840,W01,ST06,CR03,2025-09-29,2025-09-30,2025-10-02,123.3,6703.86,Delayed,False
SH001841,W01,ST06,CR01,2025-10-02,2025-10-03,2025-10-03,123.3,7020.98,On-time,False
SH001842,W01,ST06,CR05,2025-10-04,2025-10-05,2025-10-05,123.3,7750.84,On-time,False
SH001843,W01,ST06,CR01,2025-10-06,2025-10-07,2025-10-10,123.3,6681.71,Delayed,False
SH001844,W01,ST06,CR03,2025-10-08,2025-10-09,2025-10-09,123.3,6304.33,On-time,False
SH001845,W01,ST06,CR03,2025-10-10,2025-10-11,2025-10-11,123.3,5530.29,On-time,False
SH001846,W01,ST06,CR03,2025-10-12,2025-10-13,2025-10-13,123.3,6184.23,On-time,False
SH001847,W01,ST06,CR01,2025-10-15,2025-10-16,2025-10-16,123.3,7505.76,On-time,False
SH001848,W01,ST06,CR03,2025-10-18,2025-10-19,2025-10-19,123.3,5373.08,On-time,False
SH001849,W01,ST06,CR03,2025-10-21,2025-10-22,2025-10-22,123.3,5195.96,On-time,False
SH001850,W01,ST06,CR04,2025-10-24,2025-10-25,2025-10-25,123.3,5989.54,On-time,False
SH001851,W01,ST06,CR04,2025-10-26,2025-10-27,2025-10-27,123.3,5690.49,On-time,False
SH001852,W01,ST06,CR02,2025-10-28,2025-10-29,2025-10-29,123.3,4889.02,On-time,False
SH001853,W01,ST06,CR04,2025-10-31,2025-11-01,2025-11-03,123.3,,Delayed,False
SH001854,W02,ST06,CR05,2025-11-03,2025-11-05,2025-11-07,161.0,,Delayed,False
SH001855,W01,ST06,CR03,2025-11-05,2025-11-06,2025-11-06,123.3,5940.26,On-time,False
SH001856,W01,ST06,CR03,2025-11-08,2025-11-09,2025-11-09,123.3,7490.1,On-time,False
SH001857,W01,ST06,CR03,2025-11-10,2025-11-11,2025-11-11,123.3,7788.42,On-time,False
SH001858,W01,ST06,CR02,2025-11-12,2025-11-13,2025-11-13,123.3,6257.17,On-time,False
SH001859,W01,ST06,CR02,2025-11-15,2025-11-16,2025-11-16,123.3,6332.49,On-time,False
SH001860,W01,ST06,CR01,2025-11-17,2025-11-18,2025-11-18,123.3,5313.05,On-time,False
SH001861,W01,ST06,CR03,2025-11-19,2025-11-20,2025-11-20,123.3,,On-time,False
SH001862,W03,ST06,CR03,2025-11-22,2025-11-24,2025-11-27,270.1,9498.31,Delayed,False
SH001863,W01,ST06,CR05,2025-11-24,2025-11-25,2025-11-25,123.3,5066.41,On-time,False
SH001864,W01,ST06,CR05,2025-11-27,2025-11-28,2025-11-28,123.3,6849.96,On-time,False
SH001865,W01,ST06,CR03,2025-11-29,2025-11-30,2025-12-03,123.3,5724.51,Delayed,False
SH001866,W01,ST06,CR05,2025-12-02,2025-12-03,2025-12-03,123.3,,On-time,False
SH001867,W01,ST06,CR02,2025-12-05,2025-12-06,2025-12-06,123.3,7194.49,On-time,False
SH001868,W02,ST06,CR03,2025-12-07,2025-12-09,2025-12-09,161.0,,On-time,False
SH001869,W03,ST06,CR01,2025-12-10,2025-12-12,2025-12-12,270.1,9371.55,On-time,False
SH001870,W01,ST06,CR03,2025-12-13,2025-12-14,2025-12-14,123.3,5308.39,Lost,False
SH001871,W01,ST06,CR05,2025-12-15,2025-12-16,2025-12-18,123.3,5497.17,Delayed,False
SH001872,W01,ST06,CR03,2025-12-17,2025-12-18,2025-12-18,123.3,5760.5,Damaged,False
SH001873,W02,ST06,CR02,2025-12-19,2025-12-21,2025-12-25,161.0,8164.03,Delayed,False
SH001874,W01,ST06,CR03,2025-12-22,2025-12-23,2025-12-26,123.3,4746.82,Delayed,False
SH001875,W03,ST06,CR03,2025-12-24,2025-12-26,2025-12-27,270.1,11160.68,Delayed,False
SH001876,W01,ST06,CR05,2025-12-26,2025-12-27,2025-12-27,123.3,7328.19,On-time,False
SH001877,W01,ST06,CR01,2025-12-28,2025-12-29,,123.3,5275.27,In-Transit,False
SH001878,W01,ST06,CR03,2025-12-30,2025-12-31,2025-12-31,123.3,5575.21,On-time,False
SH001879,W03,ST07,CR02,2024-01-04,2024-01-05,2024-01-08,19.3,1422.51,Delayed,False
SH001880,W03,ST07,CR01,2024-01-06,2024-01-07,2024-01-07,17.8,1132.48,On-time,False
SH001881,W03,ST07,CR03,2024-01-08,2024-01-09,2024-01-09,30.3,1647.81,On-time,False
SH001882,W03,ST07,CR03,2024-01-10,2024-01-11,2024-01-11,11.5,1067.95,On-time,False
SH001883,W03,ST07,CR02,2024-01-11,2024-01-12,2024-01-12,16.8,1063.51,On-time,False
SH001884,W03,ST07,CR05,2024-01-12,2024-01-13,2024-01-13,17.0,,On-time,False
SH001885,W03,ST07,CR04,2024-01-14,2024-01-15,2024-01-18,35.0,1790.38,Delayed,False
SH001886,W03,ST07,CR03,2024-01-16,2024-01-17,2024-01-17,16.5,874.02,On-time,False
SH001887,W03,ST07,CR01,2024-01-17,2024-01-18,2024-01-22,30.4,1549.88,Delayed,False
SH001888,W02,ST07,CR05,2024-01-19,2024-01-22,2024-01-22,417.6,24076.02,On-time,False
SH001889,W01,ST07,CR03,2024-01-21,2024-01-23,2024-01-23,210.3,9824.86,On-time,False
SH001890,W03,ST07,CR02,2024-01-22,2024-01-23,2024-01-24,13.8,943.81,Lost,False
SH001891,W03,ST07,CR03,2024-01-23,2024-01-24,2024-01-24,34.7,2182.75,On-time,False
SH001892,W03,ST07,CR05,2024-01-25,2024-01-26,2024-01-26,15.3,912.6,On-time,False
SH001893,W03,ST07,CR02,2024-01-27,2024-01-28,2024-01-28,32.5,,On-time,False
SH001894,W03,ST07,CR02,2024-01-29,2024-01-30,2024-01-30,12.6,1365.19,On-time,False
SH001895,W03,ST07,CR03,2024-01-30,2024-01-31,2024-01-31,28.0,2046.68,On-time,False
SH001896,W03,ST07,CR01,2024-02-01,2024-02-02,2024-02-02,8.9,,On-time,False
SH001897,W03,ST07,CR05,2024-02-03,2024-02-04,2024-02-04,13.9,990.37,On-time,False
SH001898,W03,ST07,CR03,2024-02-04,2024-02-05,2024-02-05,9.7,977.97,On-time,False
SH001899,W03,ST07,CR05,2024-02-05,2024-02-06,2024-02-06,20.0,1705.89,On-time,False
SH001900,W03,ST07,CR03,2024-02-06,2024-02-07,2024-02-07,13.4,1513.89,On-time,False
SH001901,W03,ST07,CR04,2024-02-07,2024-02-08,2024-02-12,17.5,933.85,Delayed,False
SH001902,W03,ST07,CR05,2024-02-09,2024-02-10,2024-02-10,34.1,2432.82,On-time,False
SH001903,W03,ST07,CR02,2024-02-11,2024-02-12,2024-02-12,13.7,1565.02,On-time,False
SH001904,W03,ST07,CR03,2024-02-13,2024-02-14,2024-02-14,26.7,1584.18,Lost,False
SH001905,W03,ST07,CR01,2024-02-15,2024-02-16,2024-02-16,23.2,1660.04,On-time,False
SH001906,W03,ST07,CR01,2024-02-17,2024-02-18,2024-02-18,32.2,,On-time,False
SH001907,W03,ST07,CR04,2024-02-18,2024-02-19,2024-02-19,19.8,1813.96,On-time,False
SH001908,W03,ST07,CR01,2024-02-20,2024-02-21,2024-02-21,10.6,1176.7,On-time,False
SH001909,W03,ST07,CR05,2024-02-21,2024-02-22,2024-02-22,12.5,822.61,On-time,False
SH001910,W03,ST07,CR01,2024-02-23,2024-02-24,2024-02-24,26.1,1780.17,On-time,False
SH001911,W03,ST07,CR01,2024-02-24,2024-02-25,2024-02-25,13.0,1257.42,On-time,False
SH001912,W03,ST07,CR01,2024-02-26,2024-02-27,2024-02-27,28.8,1712.81,On-time,False
SH001913,W03,ST07,CR03,2024-02-28,2024-02-29,2024-02-29,32.8,2061.4,On-time,False
SH001914,W03,ST07,CR05,2024-03-01,2024-03-02,2024-03-02,29.0,2043.91,Lost,False
SH001915,W03,ST07,CR05,2024-03-03,2024-03-04,2024-03-04,23.5,1474.45,On-time,False
SH001916,W03,ST07,CR05,2024-03-05,2024-03-06,2024-03-06,22.9,1217.17,On-time,False
SH001917,W03,ST07,CR01,2024-03-07,2024-03-08,2024-03-08,14.3,1093.02,On-time,False
SH001918,W03,ST07,CR02,2024-03-09,2024-03-10,2024-03-10,32.1,1848.12,On-time,False
SH001919,W03,ST07,CR01,2024-03-11,2024-03-12,2024-03-12,10.6,966.08,On-time,False
SH001920,W03,ST07,CR02,2024-03-13,2024-03-14,2024-03-14,13.2,841.04,On-time,False
SH001921,W03,ST07,CR05,2024-03-14,2024-03-15,2024-03-15,10.1,1124.22,On-time,False
SH001922,W03,ST07,CR03,2024-03-16,2024-03-17,2024-03-17,6.9,806.12,On-time,False
SH001923,W03,ST07,CR05,2024-03-18,2024-03-19,2024-03-19,18.2,1023.71,On-time,False
SH001924,W01,ST07,CR02,2024-03-20,2024-03-22,2024-03-22,210.3,10957.8,On-time,False
SH001925,W03,ST07,CR02,2024-03-22,2024-03-23,2024-03-23,18.3,,On-time,False
SH001926,W03,ST07,CR01,2024-03-24,2024-03-25,2024-03-25,23.5,1400.82,On-time,False
SH001927,W03,ST07,CR03,2024-03-26,2024-03-27,2024-03-27,32.4,1835.27,On-time,False
SH001928,W03,ST07,CR02,2024-03-27,2024-03-28,2024-03-28,34.2,1772.18,On-time,False
SH001929,W03,ST07,CR03,2024-03-29,2024-03-30,2024-04-02,19.7,1536.6,Delayed,False
SH001930,W03,ST07,CR01,2024-03-30,2024-03-31,2024-03-31,15.9,1142.74,On-time,False
SH001931,W03,ST07,CR01,2024-04-01,2024-04-02,2024-04-02,8.0,1077.88,Damaged,False
SH001932,W03,ST07,CR02,2024-04-03,2024-04-04,2024-04-04,17.5,1212.83,On-time,False
SH001933,W03,ST07,CR02,2024-04-05,2024-04-06,2024-04-06,18.6,1483.63,On-time,False
SH001934,W02,ST07,CR03,2024-04-07,2024-04-10,2024-04-10,417.6,13951.65,On-time,False
SH001935,W03,ST07,CR01,2024-04-09,2024-04-10,2024-04-10,8.9,743.7,Damaged,False
SH001936,W01,ST07,CR01,2024-04-11,2024-04-13,2024-04-13,210.3,8558.71,On-time,False
SH001937,W03,ST07,CR03,2024-04-13,2024-04-14,2024-04-14,10.8,753.95,On-time,False
SH001938,W03,ST07,CR03,2024-04-15,2024-04-16,2024-04-16,17.2,1126.11,On-time,False
SH001939,W03,ST07,CR02,2024-04-17,2024-04-18,2024-04-18,21.5,1527.15,On-time,False
SH001940,W03,ST07,CR04,2024-04-19,2024-04-20,2024-04-21,19.8,1392.26,Delayed,False
SH001941,W03,ST07,CR02,2024-04-20,2024-04-21,2024-04-21,14.0,1396.48,On-time,False
SH001942,W03,ST07,CR03,2024-04-22,2024-04-23,2024-04-23,23.8,1733.82,On-time,False
SH001943,W03,ST07,CR03,2024-04-23,2024-04-24,2024-04-24,10.3,745.29,On-time,False
SH001944,W01,ST07,CR05,2024-04-25,2024-04-27,2024-04-27,210.3,8680.19,On-time,False
SH001945,W03,ST07,CR03,2024-04-27,2024-04-28,2024-04-28,31.4,2281.13,On-time,False
SH001946,W01,ST07,CR05,2024-04-29,2024-05-01,2024-05-01,210.3,9045.31,On-time,False
SH001947,W01,ST07,CR02,2024-05-01,2024-05-03,2024-05-04,210.3,9906.3,Delayed,False
SH001948,W03,ST07,CR02,2024-05-02,2024-05-03,2024-05-03,26.0,1466.1,On-time,False
SH001949,W03,ST07,CR04,2024-05-04,2024-05-05,2024-05-07,10.0,800.52,Delayed,False
SH001950,W03,ST07,CR02,2024-05-06,2024-05-07,2024-05-08,26.2,1447.54,Delayed,False
SH001951,W03,ST07,CR01,2024-05-08,2024-05-09,2024-05-09,24.6,1833.03,On-time,False
SH001952,W03,ST07,CR02,2024-05-09,2024-05-10,2024-05-13,12.8,914.68,Delayed,False
SH001953,W03,ST07,CR02,2024-05-11,2024-05-12,2024-05-12,21.4,1286.0,On-time,False
SH001954,W03,ST07,CR02,2024-05-13,2024-05-14,2024-05-14,23.9,1418.04,On-time,False
SH001955,W03,ST07,CR05,2024-05-14,2024-05-15,2024-05-15,8.1,,On-time,False
SH001956,W03,ST07,CR02,2024-05-16,2024-05-17,2024-05-17,13.0,1177.92,On-time,False
SH001957,W03,ST07,CR01,2024-05-18,2024-05-19,2024-05-19,13.5,1173.0,On-time,False
SH001958,W03,ST07,CR01,2024-05-20,2024-05-21,2024-05-21,21.6,1347.88,On-time,False
SH001959,W03,ST07,CR05,2024-05-21,2024-05-22,2024-05-22,34.2,,On-time,False
SH001960,W03,ST07,CR03,2024-05-23,2024-05-24,2024-05-28,8.2,1020.45,Delayed,False
SH001961,W03,ST07,CR04,2024-05-25,2024-05-26,2024-05-26,12.0,1131.84,On-time,False
SH001962,W03,ST07,CR03,2024-05-26,2024-05-27,2024-05-27,20.5,1222.51,On-time,False
SH001963,W03,ST07,CR01,2024-05-28,2024-05-29,2024-05-29,10.9,845.9,On-time,False
SH001964,W03,ST07,CR03,2024-05-29,2024-05-30,2024-05-30,9.9,932.98,On-time,False
SH001965,W03,ST07,CR01,2024-05-30,2024-05-31,2024-05-31,33.5,2327.32,On-time,False
SH001966,W03,ST99,CR05,2024-06-01,2024-06-02,2024-06-02,17.0,1072.15,On-time,True
SH001967,W03,ST07,CR01,2024-06-03,2024-06-04,2024-06-04,13.6,1473.3,Damaged,False
SH001968,W03,ST07,CR01,2024-06-05,2024-06-06,2024-06-08,16.2,982.3,Delayed,False
SH001969,W03,ST07,CR03,2024-06-07,2024-06-08,2024-06-12,7.6,1098.46,Delayed,False
SH001970,W03,ST07,CR03,2024-06-09,2024-06-10,2024-06-10,27.4,1832.43,On-time,False
SH001971,W03,ST07,CR03,2024-06-10,2024-06-11,2024-06-15,9.3,1140.61,Delayed,False
SH001972,W03,ST07,CR02,2024-06-12,2024-06-13,2024-06-13,8.7,830.61,Damaged,False
SH001973,W03,ST07,CR01,2024-06-14,2024-06-15,2024-06-15,27.9,2221.47,Damaged,False
SH001974,W03,ST07,CR05,2024-06-15,2024-06-16,2024-06-16,28.3,2056.02,On-time,False
SH001975,W03,ST07,CR05,2024-06-17,2024-06-18,2024-06-18,23.7,1355.73,On-time,False
SH001976,W03,ST07,CR05,2024-06-19,2024-06-20,2024-06-23,16.4,1039.34,Delayed,False
SH001977,W03,ST07,CR03,2024-06-21,2024-06-22,2024-06-25,21.3,1409.58,Delayed,False
SH001978,W03,ST07,CR02,2024-06-22,2024-06-23,2024-06-23,26.6,1405.12,On-time,False
SH001979,W03,ST07,CR05,2024-06-23,2024-06-24,2024-06-24,33.0,1968.57,On-time,False
SH001980,W03,ST07,CR05,2024-06-25,2024-06-26,2024-06-29,9.3,758.77,Delayed,False
SH001981,W03,ST07,CR03,2024-06-27,2024-06-28,2024-07-01,12.7,1593.62,Delayed,False
SH001982,W03,ST07,CR03,2024-06-28,2024-06-29,2024-06-29,24.2,,On-time,False
SH001983,W03,ST07,CR05,2024-06-29,2024-06-30,2024-06-30,27.1,1777.37,On-time,False
SH001984,W03,ST07,CR05,2024-07-01,2024-07-02,2024-07-02,29.4,1767.35,On-time,False
SH001985,W03,ST07,CR05,2024-07-02,2024-07-03,2024-07-03,28.5,1744.05,On-time,False
SH001986,W03,ST07,CR05,2024-07-04,2024-07-05,2024-07-05,15.5,1743.37,On-time,False
SH001987,W02,ST07,CR01,2024-07-05,2024-07-08,2024-07-09,417.6,23250.73,Delayed,False
SH001988,W01,ST07,CR02,2024-07-06,2024-07-08,2024-07-08,210.3,10771.33,On-time,False
SH001989,W03,ST07,CR03,2024-07-07,2024-07-08,2024-07-08,33.9,1792.02,Damaged,False
SH001990,W03,ST07,CR05,2024-07-08,2024-07-09,2024-07-09,33.2,1875.76,On-time,False
SH001991,W03,ST07,CR02,2024-07-10,2024-07-11,2024-07-11,32.4,1998.54,On-time,False
SH001992,W01,ST07,CR03,2024-07-11,2024-07-13,2024-07-13,210.3,7758.2,On-time,False
SH001993,W03,ST07,CR04,2024-07-12,2024-07-13,2024-07-16,31.0,1631.2,Damaged,False
SH001994,W03,ST07,CR01,2024-07-13,2024-07-14,2024-07-15,26.8,1266.85,Delayed,False
SH001995,W03,ST07,CR03,2024-07-14,2024-07-15,2024-07-15,32.9,1957.77,On-time,False
SH001996,W03,ST07,CR05,2024-07-16,2024-07-17,2024-07-17,12.2,1024.71,On-time,False
SH001997,W03,ST07,CR04,2024-07-18,2024-07-19,2024-07-23,8.0,921.93,Delayed,False
SH001998,W03,ST07,CR04,2024-07-20,2024-07-21,2024-07-21,26.9,1731.47,On-time,False
SH001999,W03,ST07,CR05,2024-07-22,2024-07-23,2024-07-23,35.0,1880.56,On-time,False
SH002000,W01,ST07,CR01,2024-07-24,2024-07-26,2024-07-26,210.3,11615.14,On-time,False
SH002001,W03,ST07,CR04,2024-07-25,2024-07-26,2024-07-29,15.7,1416.48,Delayed,False
SH002002,W03,ST07,CR03,2024-07-26,2024-07-27,2024-07-27,33.1,1761.68,On-time,False
SH002003,W03,ST07,CR04,2024-07-28,2024-07-29,2024-07-29,19.9,1302.6,On-time,False
SH002004,W03,ST07,CR02,2024-07-30,2024-07-31,2024-07-31,11.7,1203.95,On-time,False
SH002005,W03,ST07,CR01,2024-08-01,2024-08-02,2024-08-02,33.9,2348.02,On-time,False
SH002006,W03,ST07,CR04,2024-08-03,2024-08-04,2024-08-04,15.4,939.22,Lost,False
SH002007,W03,ST07,CR05,2024-08-05,2024-08-06,2024-08-06,28.8,1415.64,On-time,False
SH002008,W03,ST07,CR01,2024-08-07,2024-08-08,2024-08-08,28.7,1937.74,On-time,False
SH002009,W03,ST07,CR01,2024-08-09,2024-08-10,2024-08-10,34.4,2086.74,On-time,False
SH002010,W03,ST07,CR03,2024-08-11,2024-08-12,2024-08-12,16.8,1118.85,On-time,False
SH002011,W03,ST07,CR02,2024-08-13,2024-08-14,2024-08-14,12.2,1026.73,On-time,False
SH002012,W03,ST07,CR05,2024-08-14,2024-08-15,2024-08-15,22.3,1440.05,On-time,False
SH002013,W03,ST07,CR01,2024-08-16,2024-08-17,2024-08-17,17.3,1645.11,On-time,False
SH002014,W03,ST07,CR01,2024-08-17,2024-08-18,2024-08-18,13.2,1083.99,On-time,False
SH002015,W03,ST07,CR03,2024-08-19,2024-08-20,2024-08-20,11.8,1172.28,Damaged,False
SH002016,W03,ST07,CR02,2024-08-20,2024-08-21,2024-08-21,10.1,989.55,On-time,False
SH002017,W03,ST07,CR03,2024-08-22,2024-08-23,2024-08-23,24.7,,On-time,False
SH002018,W03,ST07,CR01,2024-08-23,2024-08-24,2024-08-24,27.2,1853.38,On-time,False
SH002019,W03,ST07,CR05,2024-08-25,2024-08-26,2024-08-26,32.6,2307.06,On-time,False
SH002020,W03,ST07,CR02,2024-08-27,2024-08-28,2024-08-31,22.7,1213.08,Delayed,False
SH002021,W03,ST07,CR01,2024-08-29,2024-08-30,2024-08-30,28.9,2156.54,On-time,False
SH002022,W03,ST07,CR05,2024-08-30,2024-08-31,2024-08-31,34.9,1844.34,On-time,False
SH002023,W01,ST07,CR01,2024-09-01,2024-09-03,2024-09-06,210.3,9445.61,Delayed,False
SH002024,W03,ST07,CR02,2024-09-03,2024-09-04,2024-09-04,17.8,1583.36,On-time,False
SH002025,W03,ST07,CR04,2024-09-05,2024-09-06,2024-09-06,34.5,2052.44,On-time,False
SH002026,W03,ST07,CR05,2024-09-07,2024-09-08,2024-09-08,32.2,1651.58,On-time,False
SH002027,W03,ST07,CR02,2024-09-09,2024-09-10,2024-09-11,26.4,1573.27,Delayed,False
SH002028,W03,ST07,CR03,2024-09-11,2024-09-12,2024-09-12,19.6,1390.32,On-time,False
SH002029,W03,ST07,CR01,2024-09-13,2024-09-14,2024-09-17,26.7,1345.7,Delayed,False
SH002030,W02,ST07,CR02,2024-09-15,2024-09-18,2024-09-18,417.6,20796.34,On-time,False
SH002031,W03,ST07,CR02,2024-09-17,2024-09-18,2024-09-21,9.4,1005.35,Delayed,False
SH002032,W03,ST07,CR01,2024-09-19,2024-09-20,2024-09-20,10.6,675.06,On-time,False
SH002033,W03,ST07,CR05,2024-09-21,2024-09-22,2024-09-22,33.2,,On-time,False
SH002034,W03,ST07,CR05,2024-09-23,2024-09-24,2024-09-24,11.4,708.71,On-time,False
SH002035,W03,ST07,CR02,2024-09-25,2024-09-26,2024-09-26,11.5,1110.26,On-time,False
SH002036,W03,ST07,CR02,2024-09-27,2024-09-28,2024-09-28,33.6,2507.56,On-time,False
SH002037,W03,ST07,CR02,2024-09-29,2024-09-30,2024-09-30,29.2,1647.7,On-time,False
SH002038,W03,ST07,CR02,2024-10-01,2024-10-02,2024-10-06,5.7,959.03,Delayed,False
SH002039,W01,ST07,CR01,2024-10-02,2024-10-04,2024-10-08,210.3,11588.25,Delayed,False
SH002040,W03,ST07,CR05,2024-10-03,2024-10-04,2024-10-04,28.2,1801.93,On-time,False
SH002041,W03,ST07,CR04,2024-10-05,2024-10-06,2024-10-10,19.8,1072.76,Delayed,False
SH002042,W03,ST07,CR02,2024-10-07,2024-10-08,2024-10-08,31.5,1754.18,On-time,False
SH002043,W01,ST07,CR04,2024-10-08,2024-10-10,2024-10-13,210.3,9952.0,Delayed,False
SH002044,W03,ST99,CR05,2024-10-09,2024-10-10,2024-10-10,33.5,2020.64,On-time,True
SH002045,W03,ST07,CR01,2024-10-11,2024-10-12,2024-10-12,20.8,1401.1,On-time,False
SH002046,W03,ST07,CR05,2024-10-13,2024-10-14,2024-10-14,20.2,,On-time,False
SH002047,W03,ST07,CR01,2024-10-15,2024-10-16,2024-10-20,20.5,1386.77,Delayed,False
SH002048,W03,ST07,CR04,2024-10-17,2024-10-18,2024-10-20,8.5,1000.9,Delayed,False
SH002049,W03,ST07,CR01,2024-10-18,2024-10-19,2024-10-19,13.2,1004.77,On-time,False
SH002050,W03,ST07,CR04,2024-10-20,2024-10-21,2024-10-21,19.3,919.35,On-time,False
SH002051,W03,ST07,CR05,2024-10-22,2024-10-23,2024-10-23,18.5,1164.36,On-time,False
SH002052,W03,ST07,CR03,2024-10-23,2024-10-24,2024-10-28,25.0,1582.62,Delayed,False
SH002053,W03,ST07,CR05,2024-10-25,2024-10-26,2024-10-30,11.4,908.83,Delayed,False
SH002054,W03,ST07,CR05,2024-10-26,2024-10-27,2024-10-27,21.6,1627.32,On-time,False
SH002055,W03,ST07,CR03,2024-10-28,2024-10-29,2024-10-29,28.4,1632.36,On-time,False
SH002056,W03,ST07,CR05,2024-10-29,2024-10-30,2024-10-30,11.2,1069.48,Lost,False
SH002057,W03,ST07,CR04,2024-10-30,2024-10-31,2024-11-03,12.6,1261.53,Delayed,False
SH002058,W03,ST07,CR01,2024-11-01,2024-11-02,2024-11-02,28.9,2115.64,On-time,False
SH002059,W03,ST07,CR05,2024-11-03,2024-11-04,2024-11-04,33.5,2056.73,On-time,False
SH002060,W03,ST07,CR02,2024-11-05,2024-11-06,2024-11-06,18.2,1492.52,On-time,False
SH002061,W03,ST07,CR01,2024-11-07,2024-11-08,2024-11-08,6.7,1146.2,On-time,False
SH002062,W03,ST07,CR02,2024-11-08,2024-11-09,2024-11-09,20.0,1028.96,On-time,False
SH002063,W01,ST07,CR02,2024-11-10,2024-11-12,2024-11-12,210.3,8949.01,On-time,False
SH002064,W03,ST07,CR02,2024-11-12,2024-11-13,2024-11-15,28.4,1400.8,Delayed,False
SH002065,W03,ST07,CR01,2024-11-14,2024-11-15,2024-11-15,29.9,1554.43,On-time,False
SH002066,W03,ST07,CR04,2024-11-16,2024-11-17,2024-11-17,23.0,1395.12,On-time,False
SH002067,W03,ST07,CR01,2024-11-18,2024-11-19,2024-11-20,26.0,2000.73,Delayed,False
SH002068,W03,ST07,CR02,2024-11-20,2024-11-21,2024-11-21,34.8,1645.53,On-time,False
SH002069,W03,ST07,CR03,2024-11-21,2024-11-22,2024-11-22,9.9,842.18,On-time,False
SH002070,W03,ST07,CR05,2024-11-22,2024-11-23,2024-11-24,15.5,1257.34,Delayed,False
SH002071,W03,ST07,CR04,2024-11-24,2024-11-25,2024-11-25,24.3,1297.67,On-time,False
SH002072,W03,ST07,CR03,2024-11-25,2024-11-26,2024-11-26,31.1,2080.41,On-time,False
SH002073,W03,ST07,CR03,2024-11-26,2024-11-27,2024-11-29,19.4,1369.13,Delayed,False
SH002074,W03,ST07,CR02,2024-11-27,2024-11-28,2024-11-28,19.4,1158.09,On-time,False
SH002075,W03,ST07,CR03,2024-11-28,2024-11-29,2024-11-29,13.8,960.93,On-time,False
SH002076,W03,ST07,CR01,2024-11-29,2024-11-30,2024-11-30,29.5,1818.01,On-time,False
SH002077,W03,ST07,CR03,2024-12-01,2024-12-02,2024-12-02,17.3,1404.74,On-time,False
SH002078,W03,ST07,CR01,2024-12-03,2024-12-04,2024-12-04,15.2,1172.45,On-time,False
SH002079,W03,ST07,CR02,2024-12-05,2024-12-06,2024-12-06,25.0,1298.17,On-time,False
SH002080,W03,ST07,CR05,2024-12-06,2024-12-07,2024-12-07,24.3,1497.81,On-time,False
SH002081,W03,ST07,CR03,2024-12-08,2024-12-09,2024-12-09,21.9,1360.29,On-time,False
SH002082,W02,ST07,CR01,2024-12-09,2024-12-12,2024-12-14,417.6,18580.28,Delayed,False
SH002083,W03,ST07,CR01,2024-12-11,2024-12-12,2024-12-12,31.1,2172.47,On-time,False
SH002084,W03,ST07,CR03,2024-12-13,2024-12-14,2024-12-14,17.9,935.63,On-time,False
SH002085,W03,ST07,CR03,2024-12-15,2024-12-16,2024-12-16,13.8,857.61,On-time,False
SH002086,W03,ST07,CR01,2024-12-17,2024-12-18,2024-12-19,29.3,1636.4,Delayed,False
SH002087,W03,ST07,CR05,2024-12-18,2024-12-19,2024-12-19,23.0,1653.73,On-time,False
SH002088,W03,ST07,CR04,2024-12-20,2024-12-21,2024-12-21,14.3,1114.28,On-time,False
SH002089,W03,ST07,CR02,2024-12-22,2024-12-23,2024-12-23,8.4,742.34,On-time,False
SH002090,W03,ST07,CR02,2024-12-23,2024-12-24,2024-12-24,33.2,2035.5,On-time,False
SH002091,W03,ST07,CR01,2024-12-25,2024-12-26,2024-12-27,21.5,1454.53,Delayed,False
SH002092,W03,ST07,CR02,2024-12-27,2024-12-28,2024-12-28,18.5,1859.64,On-time,False
SH002093,W03,ST07,CR03,2024-12-29,2024-12-30,2024-12-30,23.1,1275.76,On-time,False
SH002094,W03,ST07,CR01,2024-12-30,2024-12-31,2024-12-31,8.5,629.92,On-time,False
SH002095,W01,ST07,CR05,2025-01-01,2025-01-03,2025-01-03,210.3,11198.69,On-time,False
SH002096,W03,ST07,CR04,2025-01-02,2025-01-03,2025-01-05,9.1,965.91,Delayed,False
SH002097,W03,ST07,CR03,2025-01-04,2025-01-05,2025-01-07,21.5,2033.67,Delayed,False
SH002098,W03,ST07,CR05,2025-01-06,2025-01-07,2025-01-07,26.7,1525.59,On-time,False
SH002099,W03,ST07,CR02,2025-01-08,2025-01-09,2025-01-12,20.8,1494.9,Delayed,False
SH002100,W03,ST07,CR05,2025-01-10,2025-01-11,2025-01-11,10.7,671.51,On-time,False
SH002101,W03,ST07,CR03,2025-01-12,2025-01-13,2025-01-13,14.5,951.46,On-time,False
SH002102,W03,ST07,CR04,2025-01-14,2025-01-15,2025-01-15,5.9,1046.34,On-time,False
SH002103,W03,ST07,CR02,2025-01-16,2025-01-17,2025-01-20,31.0,1892.26,Delayed,False
SH002104,W03,ST07,CR02,2025-01-17,2025-01-18,2025-01-19,19.8,1560.85,Delayed,False
SH002105,W03,ST07,CR01,2025-01-19,2025-01-20,2025-01-20,26.1,1624.03,On-time,False
SH002106,W03,ST07,CR05,2025-01-21,2025-01-22,2025-01-22,32.2,1670.64,On-time,False
SH002107,W03,ST07,CR04,2025-01-23,2025-01-24,2025-01-26,23.8,1628.19,Delayed,False
SH002108,W03,ST07,CR05,2025-01-25,2025-01-26,2025-01-27,7.5,1007.88,Delayed,False
SH002109,W03,ST07,CR03,2025-01-27,2025-01-28,2025-01-28,28.5,1565.4,On-time,False
SH002110,W03,ST07,CR05,2025-01-29,2025-01-30,2025-01-30,25.7,1188.87,On-time,False
SH002111,W03,ST07,CR01,2025-01-31,2025-02-01,2025-02-01,34.3,1981.12,On-time,False
SH002112,W03,ST07,CR04,2025-02-02,2025-02-03,2025-02-04,12.8,907.7,Delayed,False
SH002113,W03,ST07,CR05,2025-02-04,2025-02-05,2025-02-05,10.1,922.75,On-time,False
SH002114,W03,ST07,CR03,2025-02-06,2025-02-07,2025-02-10,8.6,695.92,Damaged,False
SH002115,W03,ST07,CR02,2025-02-08,2025-02-09,2025-02-09,11.4,1207.79,On-time,False
SH002116,W03,ST07,CR05,2025-02-09,2025-02-10,2025-02-10,25.7,1525.08,On-time,False
SH002117,W01,ST07,CR04,2025-02-10,2025-02-12,2025-02-12,210.3,11129.91,On-time,False
SH002118,W03,ST07,CR03,2025-02-12,2025-02-13,2025-02-17,12.8,985.28,Delayed,False
SH002119,W03,ST07,CR05,2025-02-14,2025-02-15,2025-02-15,8.8,777.95,On-time,False
SH002120,W03,ST07,CR03,2025-02-16,2025-02-17,2025-02-20,15.4,1158.16,Delayed,False
SH002121,W03,ST07,CR01,2025-02-18,2025-02-19,2025-02-19,33.2,1607.02,On-time,False
SH002122,W03,ST07,CR04,2025-02-20,2025-02-21,2025-02-24,34.3,1748.1,Delayed,False
SH002123,W03,ST07,CR04,2025-02-22,2025-02-23,2025-02-25,13.0,1110.06,Delayed,False
SH002124,W03,ST07,CR04,2025-02-23,2025-02-24,2025-02-24,18.2,1202.28,On-time,False
SH002125,W03,ST07,CR03,2025-02-25,2025-02-26,2025-02-26,19.0,1361.81,On-time,False
SH002126,W01,ST07,CR01,2025-02-27,2025-03-01,2025-03-02,210.3,9854.11,Delayed,False
SH002127,W03,ST07,CR01,2025-03-01,2025-03-02,2025-03-02,11.6,862.59,On-time,False
SH002128,W03,ST07,CR05,2025-03-03,2025-03-04,2025-03-04,27.4,1668.14,On-time,False
SH002129,W03,ST07,CR01,2025-03-05,2025-03-06,2025-03-10,20.4,1483.38,Delayed,False
SH002130,W02,ST07,CR01,2025-03-06,2025-03-09,2025-03-09,417.6,18344.68,On-time,False
SH002131,W03,ST07,CR03,2025-03-08,2025-03-09,2025-03-09,14.4,1006.49,On-time,False
SH002132,W03,ST07,CR03,2025-03-10,2025-03-11,2025-03-11,15.1,1759.27,On-time,False
SH002133,W03,ST07,CR02,2025-03-11,2025-03-12,2025-03-12,22.5,1408.5,On-time,False
SH002134,W03,ST07,CR05,2025-03-12,2025-03-13,2025-03-13,31.9,1815.06,On-time,False
SH002135,W02,ST07,CR05,2025-03-13,2025-03-16,2025-03-16,417.6,18369.43,Damaged,False
SH002136,W03,ST07,CR03,2025-03-15,2025-03-16,2025-03-16,32.6,2503.39,On-time,False
SH002137,W03,ST07,CR04,2025-03-17,2025-03-18,2025-03-18,20.4,1667.65,On-time,False
SH002138,W03,ST07,CR03,2025-03-18,2025-03-19,2025-03-19,11.7,975.4,On-time,False
SH002139,W03,ST07,CR05,2025-03-20,2025-03-21,2025-03-21,12.5,1034.42,On-time,False
SH002140,W03,ST07,CR04,2025-03-21,2025-03-22,2025-03-22,31.1,1589.6,On-time,False
SH002141,W03,ST07,CR04,2025-03-23,2025-03-24,2025-03-24,19.9,1740.85,On-time,False
SH002142,W03,ST07,CR04,2025-03-24,2025-03-25,2025-03-25,10.0,1003.12,On-time,False
SH002143,W03,ST07,CR01,2025-03-26,2025-03-27,2025-03-27,34.5,1342.57,On-time,False
SH002144,W03,ST07,CR01,2025-03-27,2025-03-28,2025-03-30,34.2,2244.49,Delayed,False
SH002145,W03,ST07,CR03,2025-03-29,2025-03-30,2025-03-30,11.3,944.76,On-time,False
SH002146,W03,ST07,CR01,2025-03-30,2025-03-31,2025-03-31,10.8,945.36,On-time,False
SH002147,W03,ST07,CR05,2025-04-01,2025-04-02,2025-04-05,28.8,1672.25,Delayed,False
SH002148,W03,ST07,CR03,2025-04-03,2025-04-04,2025-04-04,17.6,1349.99,On-time,False
SH002149,W03,ST07,CR05,2025-04-04,2025-04-05,2025-04-09,12.1,994.75,Delayed,False
SH002150,W03,ST07,CR04,2025-04-06,2025-04-07,2025-04-07,24.1,,On-time,False
SH002151,W03,ST07,CR02,2025-04-07,2025-04-08,2025-04-08,22.4,1575.42,On-time,False
SH002152,W03,ST07,CR05,2025-04-08,2025-04-09,2025-04-09,21.7,1512.74,On-time,False
SH002153,W03,ST07,CR02,2025-04-09,2025-04-10,2025-04-10,8.9,823.8,On-time,False
SH002154,W03,ST07,CR05,2025-04-10,2025-04-11,2025-04-11,20.4,1256.57,On-time,False
SH002155,W03,ST07,CR03,2025-04-12,2025-04-13,2025-04-15,11.1,1111.59,Delayed,False
SH002156,W03,ST07,CR04,2025-04-14,2025-04-15,2025-04-19,24.2,1656.29,Delayed,False
SH002157,W03,ST07,CR03,2025-04-16,2025-04-17,2025-04-20,8.5,883.59,Delayed,False
SH002158,W03,ST07,CR03,2025-04-18,2025-04-19,2025-04-19,27.1,1485.28,On-time,False
SH002159,W02,ST07,CR02,2025-04-19,2025-04-22,2025-04-22,417.6,20163.52,On-time,False
SH002160,W03,ST07,CR01,2025-04-20,2025-04-21,2025-04-25,13.3,1235.73,Delayed,False
SH002161,W03,ST07,CR04,2025-04-22,2025-04-23,2025-04-25,19.6,1236.48,Delayed,False
SH002162,W03,ST07,CR01,2025-04-24,2025-04-25,2025-04-29,12.2,820.53,Delayed,False
SH002163,W03,ST07,CR04,2025-04-25,2025-04-26,2025-04-26,31.1,2140.88,On-time,False
SH002164,W01,ST07,CR03,2025-04-27,2025-04-29,2025-04-29,210.3,9913.79,On-time,False
SH002165,W03,ST07,CR01,2025-04-29,2025-04-30,2025-05-03,9.4,742.77,Delayed,False
SH002166,W03,ST07,CR02,2025-05-01,2025-05-02,2025-05-05,14.7,1179.79,Delayed,False
SH002167,W03,ST07,CR03,2025-05-03,2025-05-04,2025-05-04,14.4,1105.47,On-time,False
SH002168,W03,ST07,CR05,2025-05-05,2025-05-06,2025-05-06,29.0,,On-time,False
SH002169,W01,ST07,CR03,2025-05-06,2025-05-08,2025-05-08,210.3,10317.57,On-time,False
SH002170,W03,ST07,CR02,2025-05-08,2025-05-09,2025-05-09,12.5,843.19,On-time,False
SH002171,W03,ST07,CR03,2025-05-09,2025-05-10,2025-05-10,34.0,2172.61,On-time,False
SH002172,W03,ST07,CR05,2025-05-11,2025-05-12,2025-05-12,25.0,1446.41,On-time,False
SH002173,W03,ST07,CR03,2025-05-13,2025-05-14,2025-05-17,10.1,1176.46,Delayed,False
SH002174,W03,ST07,CR03,2025-05-15,2025-05-16,2025-05-16,27.3,2004.91,On-time,False
SH002175,W03,ST07,CR03,2025-05-16,2025-05-17,2025-05-21,26.0,1888.95,Delayed,False
SH002176,W03,ST07,CR04,2025-05-17,2025-05-18,2025-05-18,26.0,1285.78,On-time,False
SH002177,W03,ST07,CR03,2025-05-19,2025-05-20,2025-05-20,27.3,1949.51,On-time,False
SH002178,W03,ST07,CR04,2025-05-21,2025-05-22,2025-05-22,28.5,1774.78,On-time,False
SH002179,W03,ST07,CR03,2025-05-23,2025-05-24,2025-05-24,11.5,901.35,On-time,False
SH002180,W03,ST07,CR05,2025-05-25,2025-05-26,2025-05-27,16.9,1413.36,Delayed,False
SH002181,W03,ST07,CR01,2025-05-26,2025-05-27,2025-05-27,6.7,844.02,On-time,False
SH002182,W01,ST07,CR05,2025-05-27,2025-05-29,2025-05-29,210.3,10127.51,On-time,False
SH002183,W03,ST07,CR04,2025-05-28,2025-05-29,2025-05-29,17.8,1123.19,On-time,False
SH002184,W03,ST07,CR03,2025-05-30,2025-05-31,2025-06-02,17.8,1820.46,Delayed,False
SH002185,W03,ST07,CR01,2025-06-01,2025-06-02,2025-06-02,18.9,1522.08,On-time,False
SH002186,W03,ST07,CR02,2025-06-03,2025-06-04,2025-06-04,25.6,,On-time,False
SH002187,W03,ST07,CR05,2025-06-05,2025-06-06,2025-06-06,26.3,1721.03,On-time,False
SH002188,W03,ST07,CR05,2025-06-07,2025-06-08,2025-06-08,27.2,1423.83,On-time,False
SH002189,W03,ST07,CR01,2025-06-09,2025-06-10,2025-06-10,15.3,1174.52,On-time,False
SH002190,W03,ST07,CR04,2025-06-10,2025-06-11,2025-06-11,30.9,2141.18,On-time,False
SH002191,W03,ST07,CR05,2025-06-11,2025-06-12,2025-06-12,14.8,879.1,On-time,False
SH002192,W03,ST07,CR03,2025-06-12,2025-06-13,2025-06-15,28.2,2339.83,Damaged,False
SH002193,W03,ST07,CR03,2025-06-14,2025-06-15,2025-06-15,10.3,933.72,On-time,False
SH002194,W03,ST07,CR03,2025-06-15,2025-06-16,2025-06-16,5.9,704.21,On-time,False
SH002195,W02,ST07,CR02,2025-06-16,2025-06-19,2025-06-21,417.6,23292.14,Damaged,False
SH002196,W03,ST07,CR02,2025-06-18,2025-06-19,2025-06-19,25.7,1313.48,On-time,False
SH002197,W03,ST07,CR03,2025-06-20,2025-06-21,2025-06-21,31.6,1696.28,On-time,False
SH002198,W03,ST07,CR02,2025-06-22,2025-06-23,2025-06-23,13.7,1044.32,On-time,False
SH002199,W03,ST07,CR05,2025-06-24,2025-06-25,2025-06-29,26.7,1652.34,Delayed,False
SH002200,W03,ST07,CR01,2025-06-25,2025-06-26,2025-06-26,22.3,1453.17,On-time,False
SH002201,W02,ST07,CR01,2025-06-26,2025-06-29,2025-07-03,417.6,25154.27,Delayed,False
SH002202,W03,ST07,CR05,2025-06-28,2025-06-29,2025-06-29,6.3,637.88,On-time,False
SH002203,W03,ST07,CR02,2025-06-29,2025-06-30,2025-06-30,19.9,1217.89,On-time,False
SH002204,W03,ST07,CR04,2025-07-01,2025-07-02,2025-07-02,29.6,1994.36,On-time,False
SH002205,W03,ST07,CR05,2025-07-02,2025-07-03,2025-07-03,27.5,1887.79,On-time,False
SH002206,W03,ST07,CR03,2025-07-04,2025-07-05,2025-07-05,29.1,1857.73,On-time,False
SH002207,W03,ST07,CR02,2025-07-06,2025-07-07,2025-07-07,25.3,1505.96,On-time,False
SH002208,W03,ST07,CR03,2025-07-08,2025-07-09,2025-07-09,18.9,1234.51,On-time,False
SH002209,W03,ST07,CR04,2025-07-09,2025-07-10,2025-07-13,22.8,1321.57,Delayed,False
SH002210,W03,ST07,CR02,2025-07-11,2025-07-12,2025-07-12,34.4,1929.31,On-time,False
SH002211,W03,ST07,CR01,2025-07-12,2025-07-13,2025-07-13,22.8,1331.39,On-time,False
SH002212,W03,ST07,CR03,2025-07-14,2025-07-15,2025-07-15,30.8,1649.51,On-time,False
SH002213,W03,ST07,CR01,2025-07-16,2025-07-17,2025-07-17,18.5,1380.13,On-time,False
SH002214,W03,ST07,CR02,2025-07-18,2025-07-19,2025-07-19,13.8,710.9,On-time,False
SH002215,W03,ST07,CR04,2025-07-20,2025-07-21,2025-07-22,33.3,2022.39,Lost,False
SH002216,W01,ST07,CR01,2025-07-21,2025-07-23,2025-07-27,210.3,7720.06,Damaged,False
SH002217,W03,ST07,CR02,2025-07-23,2025-07-24,2025-07-27,23.7,1790.81,Delayed,False
SH002218,W02,ST07,CR03,2025-07-24,2025-07-27,2025-07-27,417.6,17471.46,On-time,False
SH002219,W03,ST07,CR05,2025-07-26,2025-07-27,2025-07-28,15.8,1131.1,Delayed,False
SH002220,W03,ST07,CR01,2025-07-28,2025-07-29,2025-07-29,17.4,930.35,On-time,False
SH002221,W03,ST07,CR01,2025-07-30,2025-07-31,2025-07-31,8.1,1056.21,On-time,False
SH002222,W03,ST07,CR04,2025-08-01,2025-08-02,2025-08-02,26.5,1302.14,On-time,False
SH002223,W03,ST07,CR01,2025-08-03,2025-08-04,2025-08-04,19.7,1425.86,On-time,False
SH002224,W02,ST07,CR03,2025-08-04,2025-08-07,2025-08-07,417.6,15699.94,On-time,False
SH002225,W03,ST07,CR05,2025-08-05,2025-08-06,2025-08-06,34.5,1733.36,On-time,False
SH002226,W03,ST07,CR01,2025-08-07,2025-08-08,2025-08-08,23.0,1370.6,On-time,False
SH002227,W03,ST07,CR01,2025-08-08,2025-08-09,2025-08-09,25.8,1282.64,On-time,False
SH002228,W03,ST07,CR01,2025-08-10,2025-08-11,2025-08-11,24.3,1368.96,On-time,False
SH002229,W03,ST07,CR01,2025-08-12,2025-08-13,2025-08-13,17.7,1245.37,On-time,False
SH002230,W03,ST07,CR03,2025-08-13,2025-08-14,2025-08-16,10.2,810.64,Lost,False
SH002231,W03,ST07,CR01,2025-08-15,2025-08-16,2025-08-16,10.9,612.72,On-time,False
SH002232,W01,ST07,CR03,2025-08-17,2025-08-19,2025-08-20,210.3,9644.72,Delayed,False
SH002233,W03,ST07,CR05,2025-08-19,2025-08-20,2025-08-20,25.0,1400.0,Damaged,False
SH002234,W03,ST07,CR04,2025-08-21,2025-08-22,2025-08-22,16.0,1718.44,On-time,False
SH002235,W02,ST07,CR02,2025-08-23,2025-08-26,2025-08-30,417.6,22153.63,Delayed,False
SH002236,W03,ST07,CR04,2025-08-25,2025-08-26,2025-08-26,22.3,1564.17,On-time,False
SH002237,W03,ST07,CR01,2025-08-26,2025-08-27,2025-08-27,20.6,1389.03,On-time,False
SH002238,W03,ST07,CR02,2025-08-27,2025-08-28,2025-08-30,8.4,559.56,Delayed,False
SH002239,W03,ST07,CR01,2025-08-29,2025-08-30,2025-08-30,18.1,1601.36,On-time,False
SH002240,W03,ST07,CR04,2025-08-31,2025-09-01,2025-09-01,27.1,1650.19,On-time,False
SH002241,W03,ST07,CR01,2025-09-02,2025-09-03,2025-09-06,12.4,1051.33,Delayed,False
SH002242,W03,ST07,CR05,2025-09-04,2025-09-05,2025-09-05,25.1,1450.11,On-time,False
SH002243,W03,ST07,CR01,2025-09-06,2025-09-07,2025-09-07,21.9,1429.55,On-time,False
SH002244,W03,ST07,CR05,2025-09-08,2025-09-09,2025-09-09,24.2,1261.64,On-time,False
SH002245,W03,ST07,CR03,2025-09-09,2025-09-10,2025-09-12,25.6,1734.39,Delayed,False
SH002246,W03,ST07,CR03,2025-09-11,2025-09-12,2025-09-12,14.2,1113.31,On-time,False
SH002247,W02,ST07,CR04,2025-09-13,2025-09-16,2025-09-16,417.6,14850.68,On-time,False
SH002248,W03,ST07,CR04,2025-09-15,2025-09-16,2025-09-18,9.6,829.08,Delayed,False
SH002249,W03,ST07,CR01,2025-09-17,2025-09-18,2025-09-18,25.2,1407.54,On-time,False
SH002250,W03,ST07,CR01,2025-09-19,2025-09-20,2025-09-22,29.1,1740.26,Delayed,False
SH002251,W03,ST07,CR05,2025-09-21,2025-09-22,2025-09-22,11.5,1067.66,On-time,False
SH002252,W03,ST07,CR03,2025-09-22,2025-09-23,2025-09-23,22.1,1092.68,On-time,False
SH002253,W03,ST07,CR02,2025-09-23,2025-09-24,2025-09-24,29.6,1988.1,On-time,False
SH002254,W03,ST07,CR04,2025-09-25,2025-09-26,2025-09-26,31.7,1520.27,On-time,False
SH002255,W03,ST07,CR04,2025-09-27,2025-09-28,2025-10-02,21.6,1411.61,Delayed,False
SH002256,W01,ST07,CR02,2025-09-29,2025-10-01,2025-10-05,210.3,10934.51,Delayed,False
SH002257,W03,ST07,CR02,2025-10-01,2025-10-02,2025-10-05,27.2,1496.22,Delayed,False
SH002258,W03,ST07,CR04,2025-10-03,2025-10-04,2025-10-04,19.4,1084.24,On-time,False
SH002259,W03,ST07,CR03,2025-10-05,2025-10-06,2025-10-08,34.3,2099.94,Delayed,False
SH002260,W03,ST07,CR01,2025-10-07,2025-10-08,2025-10-08,19.6,1585.23,On-time,False
SH002261,W03,ST07,CR01,2025-10-08,2025-10-09,2025-10-09,19.3,1209.13,On-time,False
SH002262,W03,ST07,CR03,2025-10-09,2025-10-10,2025-10-10,28.9,1553.5,On-time,False
SH002263,W03,ST07,CR03,2025-10-11,2025-10-12,2025-10-15,19.4,1289.31,Delayed,False
SH002264,W01,ST07,CR02,2025-10-12,2025-10-14,2025-10-14,210.3,,On-time,False
SH002265,W03,ST07,CR03,2025-10-13,2025-10-14,2025-10-14,24.0,1137.39,On-time,False
SH002266,W03,ST07,CR01,2025-10-15,2025-10-16,2025-10-16,21.5,1491.24,On-time,False
SH002267,W03,ST07,CR03,2025-10-16,2025-10-17,2025-10-20,27.3,1633.18,Delayed,False
SH002268,W03,ST07,CR05,2025-10-18,2025-10-19,2025-10-19,33.3,2095.89,On-time,False
SH002269,W03,ST07,CR04,2025-10-20,2025-10-21,2025-10-23,13.9,1129.73,Delayed,False
SH002270,W03,ST07,CR02,2025-10-22,2025-10-23,2025-10-23,14.6,1055.56,On-time,False
SH002271,W03,ST07,CR01,2025-10-23,2025-10-24,2025-10-24,28.1,1731.78,On-time,False
SH002272,W03,ST07,CR05,2025-10-25,2025-10-26,2025-10-30,16.2,765.28,Delayed,False
SH002273,W03,ST07,CR01,2025-10-27,2025-10-28,2025-10-28,10.6,1249.94,On-time,False
SH002274,W03,ST07,CR01,2025-10-29,2025-10-30,2025-10-30,12.1,1008.45,On-time,False
SH002275,W03,ST07,CR02,2025-10-30,2025-10-31,2025-10-31,31.4,1526.77,On-time,False
SH002276,W03,ST07,CR04,2025-11-01,2025-11-02,2025-11-02,13.5,909.42,On-time,False
SH002277,W03,ST07,CR03,2025-11-03,2025-11-04,2025-11-04,17.9,903.75,On-time,False
SH002278,W03,ST07,CR05,2025-11-05,2025-11-06,2025-11-06,32.5,,On-time,False
SH002279,W03,ST07,CR02,2025-11-07,2025-11-08,2025-11-08,16.5,,On-time,False
SH002280,W03,ST07,CR03,2025-11-09,2025-11-10,2025-11-10,17.3,1200.21,On-time,False
SH002281,W03,ST07,CR03,2025-11-11,2025-11-12,2025-11-12,19.6,1127.8,On-time,False
SH002282,W03,ST07,CR05,2025-11-12,2025-11-13,2025-11-13,28.5,1836.7,Damaged,False
SH002283,W03,ST07,CR01,2025-11-14,2025-11-15,2025-11-15,23.7,1649.77,On-time,False
SH002284,W03,ST07,CR03,2025-11-16,2025-11-17,2025-11-21,25.1,1844.07,Delayed,False
SH002285,W03,ST07,CR03,2025-11-18,2025-11-19,2025-11-19,9.3,764.97,On-time,False
SH002286,W03,ST07,CR05,2025-11-19,2025-11-20,2025-11-20,30.7,2208.63,On-time,False
SH002287,W03,ST07,CR01,2025-11-21,2025-11-22,2025-11-26,13.1,1290.27,Delayed,False
SH002288,W03,ST99,CR02,2025-11-23,2025-11-24,2025-11-24,24.9,1713.54,On-time,True
SH002289,W03,ST07,CR01,2025-11-25,2025-11-26,2025-11-26,29.8,1979.27,On-time,False
SH002290,W03,ST07,CR05,2025-11-27,2025-11-28,2025-11-28,13.6,1169.56,Lost,False
SH002291,W03,ST07,CR01,2025-11-29,2025-11-30,2025-11-30,19.1,1424.23,On-time,False
SH002292,W03,ST07,CR02,2025-12-01,2025-12-02,2025-12-03,19.7,1389.52,Delayed,False
SH002293,W03,ST07,CR03,2025-12-03,2025-12-04,2025-12-04,28.9,1664.29,On-time,False
SH002294,W03,ST07,CR05,2025-12-04,2025-12-05,2025-12-05,25.4,1464.81,On-time,False
SH002295,W03,ST07,CR03,2025-12-06,2025-12-07,2025-12-07,12.8,,On-time,False
SH002296,W03,ST07,CR03,2025-12-08,2025-12-09,2025-12-09,18.5,1048.36,On-time,False
SH002297,W03,ST07,CR03,2025-12-10,2025-12-11,2025-12-11,14.0,1110.09,On-time,False
SH002298,W03,ST07,CR03,2025-12-12,2025-12-13,2025-12-13,29.3,1716.13,On-time,False
SH002299,W03,ST07,CR03,2025-12-13,2025-12-14,2025-12-14,15.6,925.42,On-time,False
SH002300,W03,ST07,CR05,2025-12-15,2025-12-16,2025-12-16,25.1,1211.74,On-time,False
SH002301,W03,ST07,CR03,2025-12-17,2025-12-18,2025-12-18,27.3,1883.15,On-time,False
SH002302,W03,ST07,CR01,2025-12-19,2025-12-20,2025-12-20,11.1,942.69,On-time,False
SH002303,W03,ST07,CR02,2025-12-20,2025-12-21,2025-12-21,15.5,1273.8,On-time,False
SH002304,W03,ST07,CR03,2025-12-21,2025-12-22,2025-12-26,11.2,1157.08,Delayed,False
SH002305,W03,ST07,CR02,2025-12-23,2025-12-24,2025-12-25,27.1,1775.8,Delayed,False
SH002306,W03,ST07,CR03,2025-12-25,2025-12-26,2025-12-26,25.3,1508.47,Damaged,False
SH002307,W03,ST07,CR01,2025-12-26,2025-12-27,2025-12-31,16.7,1648.9,Delayed,False
SH002308,W03,ST07,CR05,2025-12-27,2025-12-28,2025-12-28,32.0,1928.78,Damaged,False
SH002309,W03,ST07,CR05,2025-12-28,2025-12-29,2025-12-29,8.7,720.02,On-time,False
SH002310,W03,ST07,CR05,2025-12-30,2025-12-31,2025-12-31,31.7,1981.58,On-time,False
SH002311,W02,ST08,CR03,2024-01-02,2024-01-05,2024-01-05,417.6,,On-time,False
SH002312,W03,ST08,CR05,2024-01-03,2024-01-04,2024-01-04,24.1,1286.3,On-time,False
SH002313,W03,ST08,CR05,2024-01-04,2024-01-05,2024-01-05,33.7,1990.71,On-time,False
SH002314,W03,ST08,CR05,2024-01-05,2024-01-06,2024-01-06,31.3,1498.11,On-time,False
SH002315,W03,ST08,CR02,2024-01-06,2024-01-07,2024-01-07,22.8,1296.86,On-time,False
SH002316,W03,ST08,CR01,2024-01-07,2024-01-08,2024-01-08,12.6,1082.6,On-time,False
SH002317,W03,ST08,CR03,2024-01-08,2024-01-09,2024-01-09,21.4,1560.41,On-time,False
SH002318,W03,ST08,CR01,2024-01-09,2024-01-10,2024-01-10,20.4,1391.03,On-time,False
SH002319,W03,ST08,CR02,2024-01-10,2024-01-11,2024-01-11,8.4,621.46,On-time,False
SH002320,W03,ST08,CR04,2024-01-11,2024-01-12,2024-01-12,17.6,1097.32,On-time,False
SH002321,W03,ST08,CR04,2024-01-12,2024-01-13,2024-01-13,28.4,1380.99,On-time,False
SH002322,W03,ST08,CR04,2024-01-13,2024-01-14,2024-01-14,14.9,,On-time,False
SH002323,W01,ST08,CR02,2024-01-14,2024-01-16,2024-01-16,210.3,10017.48,On-time,False
SH002324,W03,ST08,CR05,2024-01-15,2024-01-16,2024-01-16,24.0,1628.81,On-time,False
SH002325,W03,ST08,CR03,2024-01-16,2024-01-17,2024-01-17,33.5,1611.81,On-time,False
SH002326,W03,ST08,CR04,2024-01-17,2024-01-18,2024-01-18,12.9,1052.03,On-time,False
SH002327,W01,ST08,CR03,2024-01-18,2024-01-20,2024-01-20,210.3,10190.97,On-time,False
SH002328,W03,ST99,CR02,2024-01-19,2024-01-20,2024-01-20,14.8,1139.95,On-time,True
SH002329,W01,ST08,CR02,2024-01-20,2024-01-22,2024-01-22,210.3,11286.22,On-time,False
SH002330,W03,ST08,CR05,2024-01-21,2024-01-22,2024-01-22,15.2,,On-time,False
SH002331,W03,ST08,CR02,2024-01-22,2024-01-23,2024-01-23,6.3,802.82,On-time,False
SH002332,W03,ST08,CR03,2024-01-23,2024-01-24,2024-01-24,20.3,,On-time,False
SH002333,W03,ST08,CR02,2024-01-24,2024-01-25,2024-01-26,9.2,884.66,Delayed,False
SH002334,W03,ST08,CR04,2024-01-25,2024-01-26,2024-01-26,8.0,796.6,On-time,False
SH002335,W03,ST08,CR03,2024-01-26,2024-01-27,2024-01-27,27.0,1949.97,On-time,False
SH002336,W01,ST08,CR01,2024-01-27,2024-01-29,2024-01-29,210.3,9301.32,On-time,False
SH002337,W03,ST08,CR05,2024-01-28,2024-01-29,2024-02-02,14.6,1162.99,Delayed,False
SH002338,W03,ST08,CR03,2024-01-29,2024-01-30,2024-02-02,21.7,1121.67,Delayed,False
SH002339,W03,ST08,CR01,2024-01-30,2024-01-31,2024-01-31,24.2,1441.23,On-time,False
SH002340,W03,ST08,CR01,2024-01-31,2024-02-01,2024-02-05,22.7,1547.86,Delayed,False
SH002341,W03,ST08,CR04,2024-02-01,2024-02-02,2024-02-02,28.9,1599.22,On-time,False
SH002342,W03,ST08,CR01,2024-02-02,2024-02-03,2024-02-03,11.6,988.61,On-time,False
SH002343,W03,ST08,CR02,2024-02-03,2024-02-04,2024-02-04,29.7,2087.25,On-time,False
SH002344,W03,ST08,CR02,2024-02-04,2024-02-05,2024-02-05,25.9,1953.96,On-time,False
SH002345,W03,ST08,CR03,2024-02-05,2024-02-06,2024-02-06,27.6,1745.54,On-time,False
SH002346,W02,ST08,CR04,2024-02-06,2024-02-09,2024-02-10,417.6,20854.58,Delayed,False
SH002347,W03,ST08,CR02,2024-02-07,2024-02-08,2024-02-11,30.5,,Delayed,False
SH002348,W03,ST08,CR02,2024-02-08,2024-02-09,2024-02-09,23.6,1856.94,On-time,False
SH002349,W03,ST08,CR05,2024-02-09,2024-02-10,2024-02-10,28.4,1392.73,On-time,False
SH002350,W03,ST08,CR02,2024-02-10,2024-02-11,2024-02-12,34.9,1832.63,Delayed,False
SH002351,W02,ST08,CR03,2024-02-11,2024-02-14,2024-02-14,417.6,20592.17,On-time,False
SH002352,W03,ST08,CR03,2024-02-12,2024-02-13,2024-02-13,9.8,1265.24,On-time,False
SH002353,W03,ST08,CR03,2024-02-13,2024-02-14,2024-02-14,10.3,,Damaged,False
SH002354,W03,ST08,CR03,2024-02-14,2024-02-15,2024-02-15,29.2,1747.02,On-time,False
SH002355,W03,ST08,CR03,2024-02-15,2024-02-16,2024-02-16,24.5,1585.15,On-time,False
SH002356,W03,ST08,CR05,2024-02-16,2024-02-17,2024-02-17,12.7,1782.69,On-time,False
SH002357,W03,ST08,CR02,2024-02-17,2024-02-18,2024-02-18,9.1,859.9,On-time,False
SH002358,W03,ST08,CR05,2024-02-18,2024-02-19,2024-02-19,33.2,1810.22,On-time,False
SH002359,W03,ST08,CR02,2024-02-19,2024-02-20,2024-02-20,15.6,1066.24,On-time,False
SH002360,W03,ST08,CR05,2024-02-20,2024-02-21,2024-02-21,11.2,1028.53,On-time,False
SH002361,W03,ST08,CR05,2024-02-21,2024-02-22,2024-02-22,18.1,1168.75,On-time,False
SH002362,W03,ST08,CR01,2024-02-22,2024-02-23,2024-02-23,19.7,1371.31,On-time,False
SH002363,W03,ST08,CR01,2024-02-23,2024-02-24,2024-02-24,14.1,,On-time,False
SH002364,W03,ST08,CR02,2024-02-24,2024-02-25,2024-02-25,29.3,1805.66,On-time,False
SH002365,W03,ST08,CR01,2024-02-25,2024-02-26,2024-02-26,26.9,1940.67,On-time,False
SH002366,W03,ST08,CR02,2024-02-26,2024-02-27,2024-02-27,21.4,1334.29,On-time,False
SH002367,W03,ST08,CR02,2024-02-27,2024-02-28,2024-02-28,8.2,762.5,On-time,False
SH002368,W03,ST08,CR04,2024-02-28,2024-02-29,2024-02-29,18.0,1390.21,On-time,False
SH002369,W03,ST08,CR02,2024-02-29,2024-03-01,2024-03-01,12.8,,On-time,False
SH002370,W03,ST08,CR04,2024-03-01,2024-03-02,2024-03-02,27.1,1623.68,On-time,False
SH002371,W03,ST08,CR01,2024-03-02,2024-03-03,2024-03-03,22.0,1516.58,On-time,False
SH002372,W03,ST08,CR04,2024-03-03,2024-03-04,2024-03-04,10.5,1023.41,On-time,False
SH002373,W03,ST08,CR04,2024-03-04,2024-03-05,2024-03-08,12.6,887.09,Delayed,False
SH002374,W03,ST08,CR05,2024-03-05,2024-03-06,2024-03-06,26.9,1843.89,On-time,False
SH002375,W03,ST08,CR03,2024-03-06,2024-03-07,2024-03-07,28.6,1959.29,On-time,False
SH002376,W03,ST08,CR02,2024-03-07,2024-03-08,2024-03-08,31.3,1619.21,On-time,False
SH002377,W03,ST08,CR05,2024-03-08,2024-03-09,2024-03-12,5.0,,Delayed,False
SH002378,W03,ST08,CR01,2024-03-09,2024-03-10,2024-03-10,34.9,2093.43,On-time,False
SH002379,W03,ST08,CR01,2024-03-10,2024-03-11,2024-03-11,10.7,1292.16,On-time,False
SH002380,W03,ST08,CR02,2024-03-11,2024-03-12,2024-03-12,20.3,1421.54,On-time,False
SH002381,W03,ST08,CR04,2024-03-12,2024-03-13,2024-03-13,8.9,964.53,On-time,False
SH002382,W03,ST08,CR02,2024-03-13,2024-03-14,2024-03-14,31.4,1881.09,On-time,False
SH002383,W03,ST08,CR03,2024-03-14,2024-03-15,2024-03-15,23.9,1519.24,On-time,False
SH002384,W03,ST08,CR01,2024-03-15,2024-03-16,2024-03-16,17.4,1120.26,On-time,False
SH002385,W03,ST08,CR05,2024-03-16,2024-03-17,2024-03-19,15.9,1040.0,Delayed,False
SH002386,W03,ST08,CR03,2024-03-17,2024-03-18,2024-03-18,16.7,1344.26,On-time,False
SH002387,W03,ST08,CR03,2024-03-18,2024-03-19,2024-03-19,16.8,943.42,On-time,False
SH002388,W03,ST08,CR02,2024-03-19,2024-03-20,2024-03-20,17.2,1571.27,On-time,False
SH002389,W03,ST08,CR05,2024-03-20,2024-03-21,2024-03-21,11.9,671.99,On-time,False
SH002390,W03,ST08,CR02,2024-03-21,2024-03-22,2024-03-22,30.9,2177.18,On-time,False
SH002391,W03,ST08,CR03,2024-03-22,2024-03-23,2024-03-23,20.0,1329.43,Damaged,False
SH002392,W03,ST08,CR02,2024-03-23,2024-03-24,2024-03-24,8.4,723.78,On-time,False
SH002393,W03,ST08,CR04,2024-03-24,2024-03-25,2024-03-29,24.4,1372.75,Delayed,False
SH002394,W03,ST08,CR04,2024-03-25,2024-03-26,2024-03-29,10.1,647.92,Delayed,False
SH002395,W03,ST08,CR05,2024-03-26,2024-03-27,2024-03-27,18.2,1293.89,On-time,False
SH002396,W03,ST08,CR05,2024-03-27,2024-03-28,2024-03-28,20.8,1325.07,Damaged,False
SH002397,W03,ST99,CR02,2024-03-28,2024-03-29,2024-03-29,18.1,1401.71,On-time,True
SH002398,W03,ST08,CR04,2024-03-29,2024-03-30,2024-03-30,8.0,600.61,On-time,False
SH002399,W03,ST08,CR02,2024-03-30,2024-03-31,2024-03-31,20.2,1493.46,Damaged,False
SH002400,W03,ST08,CR05,2024-03-31,2024-04-01,2024-04-01,29.1,1665.22,On-time,False
SH002401,W02,ST08,CR02,2024-04-01,2024-04-04,2024-04-04,417.6,19013.22,On-time,False
SH002402,W03,ST08,CR01,2024-04-02,2024-04-03,2024-04-03,21.6,1232.83,On-time,False
SH002403,W03,ST08,CR01,2024-04-03,2024-04-04,2024-04-04,27.1,1689.99,On-time,False
SH002404,W03,ST08,CR05,2024-04-04,2024-04-05,2024-04-05,16.1,1168.04,On-time,False
SH002405,W03,ST08,CR02,2024-04-05,2024-04-06,2024-04-06,23.8,1335.43,On-time,False
SH002406,W03,ST08,CR01,2024-04-06,2024-04-07,2024-04-07,10.1,813.51,On-time,False
SH002407,W03,ST08,CR03,2024-04-07,2024-04-08,2024-04-08,8.1,790.45,On-time,False
SH002408,W03,ST08,CR04,2024-04-08,2024-04-09,2024-04-09,8.3,889.55,On-time,False
SH002409,W03,ST08,CR04,2024-04-09,2024-04-10,2024-04-14,17.4,1211.79,Delayed,False
SH002410,W02,ST08,CR03,2024-04-10,2024-04-13,2024-04-13,417.6,20402.94,On-time,False
SH002411,W03,ST08,CR04,2024-04-11,2024-04-12,2024-04-12,16.4,955.85,On-time,False
SH002412,W03,ST08,CR04,2024-04-12,2024-04-13,2024-04-13,16.5,1279.88,On-time,False
SH002413,W03,ST08,CR03,2024-04-13,2024-04-14,2024-04-14,23.9,1236.21,On-time,False
SH002414,W03,ST08,CR04,2024-04-14,2024-04-15,2024-04-15,12.1,771.88,On-time,False
SH002415,W03,ST08,CR05,2024-04-15,2024-04-16,2024-04-16,25.2,1633.96,On-time,False
SH002416,W03,ST08,CR01,2024-04-16,2024-04-17,2024-04-17,16.8,1129.7,On-time,False
SH002417,W03,ST08,CR05,2024-04-17,2024-04-18,2024-04-18,8.6,979.81,On-time,False
SH002418,W03,ST08,CR05,2024-04-18,2024-04-19,2024-04-19,13.7,846.63,On-time,False
SH002419,W02,ST08,CR02,2024-04-19,2024-04-22,2024-04-23,417.6,20011.47,Delayed,False
SH002420,W03,ST08,CR01,2024-04-20,2024-04-21,2024-04-24,13.3,1103.1,Delayed,False
SH002421,W03,ST08,CR01,2024-04-21,2024-04-22,2024-04-22,14.3,1268.12,On-time,False
SH002422,W03,ST08,CR02,2024-04-22,2024-04-23,2024-04-23,27.3,1525.22,On-time,False
SH002423,W03,ST08,CR04,2024-04-23,2024-04-24,2024-04-24,20.0,1226.26,On-time,False
SH002424,W03,ST08,CR03,2024-04-24,2024-04-25,2024-04-25,9.0,839.58,On-time,False
SH002425,W03,ST08,CR02,2024-04-25,2024-04-26,2024-04-27,32.6,1631.64,Delayed,False
SH002426,W03,ST08,CR04,2024-04-26,2024-04-27,2024-04-27,16.3,1010.19,On-time,False
SH002427,W03,ST08,CR03,2024-04-27,2024-04-28,2024-04-28,27.7,,On-time,False
SH002428,W03,ST08,CR01,2024-04-28,2024-04-29,2024-04-29,17.3,1367.62,On-time,False
SH002429,W03,ST08,CR02,2024-04-29,2024-04-30,2024-04-30,14.9,1032.83,On-time,False
SH002430,W03,ST08,CR05,2024-04-30,2024-05-01,2024-05-01,23.4,1583.99,On-time,False
SH002431,W03,ST08,CR02,2024-05-01,2024-05-02,2024-05-02,27.6,1328.12,On-time,False
SH002432,W03,ST08,CR01,2024-05-02,2024-05-03,2024-05-03,23.3,1786.47,On-time,False
SH002433,W03,ST08,CR04,2024-05-03,2024-05-04,2024-05-04,28.0,1596.17,On-time,False
SH002434,W01,ST08,CR01,2024-05-04,2024-05-06,2024-05-06,210.3,9308.89,Damaged,False
SH002435,W01,ST08,CR05,2024-05-05,2024-05-07,2024-05-08,210.3,11070.86,Delayed,False
SH002436,W01,ST08,CR05,2024-05-06,2024-05-08,2024-05-08,210.3,7989.54,On-time,False
SH002437,W03,ST08,CR01,2024-05-07,2024-05-08,2024-05-08,18.1,1196.0,On-time,False
SH002438,W03,ST08,CR04,2024-05-08,2024-05-09,2024-05-09,20.9,1572.46,On-time,False
SH002439,W03,ST08,CR03,2024-05-09,2024-05-10,2024-05-12,11.7,603.03,Delayed,False
SH002440,W03,ST08,CR02,2024-05-10,2024-05-11,2024-05-15,13.5,1019.56,Delayed,False
SH002441,W03,ST08,CR03,2024-05-11,2024-05-12,2024-05-12,35.0,2416.79,On-time,False
SH002442,W03,ST08,CR04,2024-05-12,2024-05-13,2024-05-13,27.1,1719.09,On-time,False
SH002443,W03,ST08,CR01,2024-05-13,2024-05-14,2024-05-14,22.6,1282.17,On-time,False
SH002444,W03,ST08,CR04,2024-05-14,2024-05-15,2024-05-15,29.5,1857.21,On-time,False
SH002445,W03,ST08,CR01,2024-05-15,2024-05-16,2024-05-16,27.9,1653.48,On-time,False
SH002446,W03,ST08,CR01,2024-05-16,2024-05-17,2024-05-17,16.7,1017.83,On-time,False
SH002447,W03,ST08,CR05,2024-05-17,2024-05-18,2024-05-18,34.8,,On-time,False
SH002448,W03,ST08,CR05,2024-05-18,2024-05-19,2024-05-19,14.0,908.3,On-time,False
SH002449,W03,ST08,CR03,2024-05-19,2024-05-20,2024-05-20,13.1,799.17,On-time,False
SH002450,W03,ST08,CR02,2024-05-20,2024-05-21,2024-05-21,12.4,1339.15,On-time,False
SH002451,W03,ST08,CR03,2024-05-21,2024-05-22,2024-05-22,17.3,1299.98,Lost,False
SH002452,W03,ST08,CR02,2024-05-22,2024-05-23,2024-05-23,25.6,1398.06,On-time,False
SH002453,W03,ST08,CR02,2024-05-23,2024-05-24,2024-05-24,12.7,1032.08,On-time,False
SH002454,W03,ST08,CR02,2024-05-24,2024-05-25,2024-05-29,30.9,1830.31,Delayed,False
SH002455,W03,ST08,CR03,2024-05-25,2024-05-26,2024-05-26,21.9,1310.29,On-time,False
SH002456,W03,ST08,CR03,2024-05-26,2024-05-27,2024-05-27,28.6,1569.96,On-time,False
SH002457,W03,ST08,CR03,2024-05-27,2024-05-28,2024-05-28,16.3,1113.5,On-time,False
SH002458,W02,ST08,CR03,2024-05-28,2024-05-31,2024-05-31,417.6,17109.14,On-time,False
SH002459,W03,ST08,CR05,2024-05-29,2024-05-30,2024-06-02,10.6,1081.97,Delayed,False
SH002460,W03,ST08,CR04,2024-05-30,2024-05-31,2024-05-31,31.4,1830.67,On-time,False
SH002461,W03,ST08,CR03,2024-05-31,2024-06-01,2024-06-01,15.9,1204.7,Lost,False
SH002462,W03,ST08,CR02,2024-06-01,2024-06-02,2024-06-02,30.6,1876.8,On-time,False
SH002463,W03,ST08,CR02,2024-06-02,2024-06-03,2024-06-06,25.0,1612.37,Delayed,False
SH002464,W03,ST08,CR03,2024-06-03,2024-06-04,2024-06-04,28.4,1916.75,On-time,False
SH002465,W03,ST08,CR02,2024-06-04,2024-06-05,2024-06-05,11.1,947.57,On-time,False
SH002466,W03,ST08,CR03,2024-06-05,2024-06-06,2024-06-06,26.8,1232.43,On-time,False
SH002467,W03,ST08,CR01,2024-06-06,2024-06-07,2024-06-07,33.7,1740.07,On-time,False
SH002468,W02,ST08,CR05,2024-06-07,2024-06-10,2024-06-10,417.6,,On-time,False
SH002469,W03,ST08,CR05,2024-06-08,2024-06-09,2024-06-09,25.1,1975.18,On-time,False
SH002470,W01,ST08,CR02,2024-06-09,2024-06-11,2024-06-11,210.3,11083.55,On-time,False
SH002471,W03,ST08,CR05,2024-06-10,2024-06-11,2024-06-11,34.1,2273.58,Damaged,False
SH002472,W03,ST08,CR02,2024-06-11,2024-06-12,2024-06-12,14.7,,On-time,False
SH002473,W03,ST08,CR01,2024-06-12,2024-06-13,2024-06-13,34.5,1889.62,On-time,False
SH002474,W03,ST08,CR05,2024-06-13,2024-06-14,2024-06-14,11.8,1213.36,On-time,False
SH002475,W03,ST08,CR04,2024-06-14,2024-06-15,2024-06-17,23.0,1173.46,Delayed,False
SH002476,W03,ST08,CR03,2024-06-15,2024-06-16,2024-06-16,9.6,601.32,On-time,False
SH002477,W03,ST08,CR01,2024-06-16,2024-06-17,2024-06-17,12.0,,On-time,False
SH002478,W03,ST08,CR02,2024-06-17,2024-06-18,2024-06-18,22.2,1336.44,On-time,False
SH002479,W03,ST08,CR02,2024-06-18,2024-06-19,2024-06-19,14.3,1151.59,On-time,False
SH002480,W03,ST08,CR03,2024-06-19,2024-06-20,2024-06-20,27.6,2038.97,On-time,False
SH002481,W01,ST08,CR01,2024-06-20,2024-06-22,2024-06-25,210.3,10899.93,Delayed,False
SH002482,W03,ST08,CR02,2024-06-21,2024-06-22,2024-06-22,17.0,1131.62,On-time,False
SH002483,W03,ST08,CR01,2024-06-22,2024-06-23,2024-06-24,28.1,1790.0,Delayed,False
SH002484,W03,ST08,CR03,2024-06-23,2024-06-24,2024-06-24,30.7,1771.24,On-time,False
SH002485,W03,ST08,CR01,2024-06-24,2024-06-25,2024-06-25,18.3,1235.15,On-time,False
SH002486,W03,ST08,CR05,2024-06-25,2024-06-26,2024-06-26,22.0,1913.0,On-time,False
SH002487,W03,ST08,CR01,2024-06-26,2024-06-27,2024-06-27,14.4,,On-time,False
SH002488,W03,ST08,CR02,2024-06-27,2024-06-28,2024-06-28,26.4,1700.91,On-time,False
SH002489,W03,ST08,CR02,2024-06-28,2024-06-29,2024-06-29,21.4,1163.45,On-time,False
SH002490,W03,ST08,CR02,2024-06-29,2024-06-30,2024-06-30,26.8,,On-time,False
SH002491,W03,ST08,CR05,2024-06-30,2024-07-01,2024-07-01,12.0,1081.23,On-time,False
SH002492,W03,ST08,CR01,2024-07-01,2024-07-02,2024-07-02,20.3,1377.93,On-time,False
SH002493,W03,ST08,CR01,2024-07-02,2024-07-03,2024-07-04,13.8,1354.28,Delayed,False
SH002494,W03,ST08,CR04,2024-07-03,2024-07-04,2024-07-08,10.8,1015.81,Delayed,False
SH002495,W03,ST08,CR01,2024-07-04,2024-07-05,2024-07-05,34.6,2434.51,On-time,False
SH002496,W03,ST08,CR03,2024-07-05,2024-07-06,2024-07-06,15.0,1129.51,On-time,False
SH002497,W02,ST08,CR01,2024-07-06,2024-07-09,2024-07-09,417.6,15697.2,On-time,False
SH002498,W03,ST08,CR04,2024-07-07,2024-07-08,2024-07-10,10.1,1096.58,Delayed,False
SH002499,W03,ST08,CR05,2024-07-08,2024-07-09,2024-07-09,16.4,1262.37,Lost,False
SH002500,W03,ST08,CR05,2024-07-09,2024-07-10,2024-07-10,23.9,1421.31,On-time,False
SH002501,W03,ST08,CR03,2024-07-10,2024-07-11,2024-07-15,26.8,1775.84,Delayed,False
SH002502,W03,ST08,CR01,2024-07-11,2024-07-12,2024-07-12,32.0,,Damaged,False
SH002503,W02,ST08,CR04,2024-07-12,2024-07-15,2024-07-15,417.6,19472.46,On-time,False
SH002504,W03,ST08,CR03,2024-07-13,2024-07-14,2024-07-14,7.0,854.45,On-time,False
SH002505,W03,ST08,CR01,2024-07-14,2024-07-15,2024-07-15,12.8,684.21,On-time,False
SH002506,W01,ST08,CR03,2024-07-15,2024-07-17,2024-07-17,210.3,11437.12,On-time,False
SH002507,W03,ST08,CR02,2024-07-16,2024-07-17,2024-07-20,15.8,986.99,Delayed,False
SH002508,W03,ST08,CR02,2024-07-17,2024-07-18,2024-07-18,9.4,780.59,On-time,False
SH002509,W03,ST08,CR03,2024-07-18,2024-07-19,2024-07-19,16.2,1199.33,On-time,False
SH002510,W03,ST08,CR04,2024-07-19,2024-07-20,2024-07-24,14.3,783.26,Delayed,False
SH002511,W03,ST08,CR05,2024-07-20,2024-07-21,2024-07-22,21.4,1241.24,Delayed,False
SH002512,W03,ST08,CR01,2024-07-21,2024-07-22,2024-07-22,8.0,1041.94,Damaged,False
SH002513,W03,ST08,CR04,2024-07-22,2024-07-23,2024-07-26,17.5,1307.46,Delayed,False
SH002514,W03,ST08,CR04,2024-07-23,2024-07-24,2024-07-24,15.8,1283.55,On-time,False
SH002515,W03,ST08,CR04,2024-07-24,2024-07-25,2024-07-25,14.7,1332.74,On-time,False
SH002516,W03,ST08,CR03,2024-07-25,2024-07-26,2024-07-26,30.3,2007.93,On-time,False
SH002517,W03,ST08,CR05,2024-07-26,2024-07-27,2024-07-27,33.6,1980.65,On-time,False
SH002518,W03,ST08,CR05,2024-07-27,2024-07-28,2024-07-28,23.2,1261.07,On-time,False
SH002519,W02,ST08,CR02,2024-07-28,2024-07-31,2024-07-31,417.6,18247.23,On-time,False
SH002520,W03,ST08,CR05,2024-07-29,2024-07-30,2024-07-30,12.2,959.02,On-time,False
SH002521,W03,ST08,CR02,2024-07-30,2024-07-31,2024-08-03,20.9,2090.83,Delayed,False
SH002522,W01,ST08,CR02,2024-07-31,2024-08-02,2024-08-02,210.3,9170.14,On-time,False
SH002523,W01,ST08,CR02,2024-08-01,2024-08-03,2024-08-03,210.3,8652.72,On-time,False
SH002524,W03,ST08,CR03,2024-08-02,2024-08-03,2024-08-06,34.4,,Delayed,False
SH002525,W03,ST08,CR05,2024-08-03,2024-08-04,2024-08-04,34.7,2314.78,On-time,False
SH002526,W03,ST08,CR04,2024-08-04,2024-08-05,2024-08-07,15.3,1154.74,Delayed,False
SH002527,W03,ST08,CR03,2024-08-05,2024-08-06,2024-08-06,7.5,1237.63,On-time,False
SH002528,W03,ST08,CR02,2024-08-06,2024-08-07,2024-08-10,15.3,1193.42,Delayed,False
SH002529,W03,ST08,CR05,2024-08-07,2024-08-08,2024-08-08,17.9,1267.08,On-time,False
SH002530,W03,ST08,CR04,2024-08-08,2024-08-09,2024-08-09,30.9,1578.31,On-time,False
SH002531,W03,ST08,CR05,2024-08-09,2024-08-10,2024-08-14,21.2,1311.11,Delayed,False
SH002532,W03,ST08,CR05,2024-08-10,2024-08-11,2024-08-11,29.5,1842.95,On-time,False
SH002533,W03,ST08,CR02,2024-08-11,2024-08-12,2024-08-14,25.8,1896.67,Delayed,False
SH002534,W03,ST08,CR02,2024-08-12,2024-08-13,2024-08-13,19.3,1147.11,On-time,False
SH002535,W03,ST08,CR04,2024-08-13,2024-08-14,2024-08-18,14.3,1156.78,Delayed,False
SH002536,W03,ST08,CR05,2024-08-14,2024-08-15,2024-08-15,22.9,1252.33,On-time,False
SH002537,W03,ST08,CR01,2024-08-15,2024-08-16,2024-08-16,19.8,1339.29,On-time,False
SH002538,W03,ST08,CR05,2024-08-16,2024-08-17,2024-08-17,12.6,1128.64,On-time,False
SH002539,W03,ST08,CR03,2024-08-17,2024-08-18,2024-08-18,16.9,1066.78,On-time,False
SH002540,W03,ST08,CR02,2024-08-18,2024-08-19,2024-08-23,20.2,1335.48,Delayed,False
SH002541,W03,ST08,CR04,2024-08-19,2024-08-20,2024-08-20,20.1,1438.1,On-time,False
SH002542,W03,ST08,CR01,2024-08-20,2024-08-21,2024-08-21,19.1,1076.28,On-time,False
SH002543,W03,ST08,CR02,2024-08-21,2024-08-22,2024-08-22,16.0,1344.71,On-time,False
SH002544,W03,ST08,CR02,2024-08-22,2024-08-23,2024-08-23,7.7,959.3,On-time,False
SH002545,W03,ST08,CR01,2024-08-23,2024-08-24,2024-08-24,17.6,1199.59,On-time,False
SH002546,W03,ST08,CR03,2024-08-24,2024-08-25,2024-08-26,12.1,1016.7,Delayed,False
SH002547,W03,ST08,CR05,2024-08-25,2024-08-26,2024-08-26,20.1,1277.78,On-time,False
SH002548,W03,ST08,CR03,2024-08-26,2024-08-27,2024-08-27,31.3,1683.65,On-time,False
SH002549,W03,ST08,CR05,2024-08-27,2024-08-28,2024-08-28,24.5,1452.79,On-time,False
SH002550,W03,ST08,CR05,2024-08-28,2024-08-29,2024-08-29,9.1,734.01,On-time,False
SH002551,W03,ST08,CR01,2024-08-29,2024-08-30,2024-08-30,26.0,1295.94,On-time,False
SH002552,W03,ST08,CR02,2024-08-30,2024-08-31,2024-09-03,34.0,,Delayed,False
SH002553,W03,ST08,CR01,2024-08-31,2024-09-01,2024-09-04,19.1,1371.45,Delayed,False
SH002554,W01,ST08,CR01,2024-09-01,2024-09-03,2024-09-03,210.3,11114.95,On-time,False
SH002555,W03,ST08,CR01,2024-09-02,2024-09-03,2024-09-03,12.9,1240.89,On-time,False
SH002556,W03,ST08,CR05,2024-09-03,2024-09-04,2024-09-08,32.1,2016.21,Delayed,False
SH002557,W03,ST08,CR02,2024-09-04,2024-09-05,2024-09-07,30.2,1543.99,Delayed,False
SH002558,W03,ST08,CR01,2024-09-05,2024-09-06,2024-09-06,21.7,1463.11,On-time,False
SH002559,W03,ST08,CR03,2024-09-06,2024-09-07,2024-09-08,34.1,2150.44,Delayed,False
SH002560,W03,ST08,CR02,2024-09-07,2024-09-08,2024-09-08,20.2,1568.6,On-time,False
SH002561,W03,ST08,CR01,2024-09-08,2024-09-09,2024-09-09,17.1,1210.74,On-time,False
SH002562,W03,ST08,CR02,2024-09-09,2024-09-10,2024-09-10,18.3,1441.74,On-time,False
SH002563,W03,ST08,CR05,2024-09-10,2024-09-11,2024-09-11,27.2,1576.4,On-time,False
SH002564,W03,ST08,CR05,2024-09-11,2024-09-12,2024-09-15,19.1,1085.92,Delayed,False
SH002565,W03,ST08,CR01,2024-09-12,2024-09-13,2024-09-17,26.8,1742.74,Delayed,False
SH002566,W03,ST08,CR01,2024-09-13,2024-09-14,2024-09-14,26.8,1386.03,On-time,False
SH002567,W03,ST08,CR05,2024-09-14,2024-09-15,2024-09-17,13.7,892.81,Delayed,False
SH002568,W03,ST08,CR02,2024-09-15,2024-09-16,2024-09-16,33.7,2057.48,On-time,False
SH002569,W03,ST08,CR02,2024-09-16,2024-09-17,2024-09-17,18.4,1951.38,On-time,False
SH002570,W03,ST08,CR02,2024-09-17,2024-09-18,2024-09-18,10.0,962.45,On-time,False
SH002571,W03,ST08,CR05,2024-09-18,2024-09-19,2024-09-19,13.9,1035.38,On-time,False
SH002572,W03,ST08,CR02,2024-09-19,2024-09-20,2024-09-20,21.0,1333.23,On-time,False
SH002573,W03,ST08,CR03,2024-09-20,2024-09-21,2024-09-21,23.7,1507.79,On-time,False
SH002574,W03,ST08,CR03,2024-09-21,2024-09-22,2024-09-22,10.4,1025.48,On-time,False
SH002575,W03,ST08,CR05,2024-09-22,2024-09-23,2024-09-23,21.4,1210.37,On-time,False
SH002576,W03,ST08,CR02,2024-09-23,2024-09-24,2024-09-25,15.7,1181.95,Delayed,False
SH002577,W03,ST08,CR02,2024-09-24,2024-09-25,2024-09-25,16.4,998.97,On-time,False
SH002578,W03,ST08,CR03,2024-09-25,2024-09-26,2024-09-27,14.0,1130.3,Delayed,False
SH002579,W03,ST08,CR02,2024-09-26,2024-09-27,2024-09-27,23.3,1772.9,On-time,False
SH002580,W03,ST08,CR05,2024-09-27,2024-09-28,2024-10-02,18.0,1189.63,Delayed,False
SH002581,W03,ST08,CR05,2024-09-28,2024-09-29,2024-09-29,13.9,1111.58,On-time,False
SH002582,W03,ST08,CR02,2024-09-29,2024-09-30,2024-10-03,34.2,1815.7,Delayed,False
SH002583,W03,ST08,CR04,2024-09-30,2024-10-01,2024-10-05,17.2,,Delayed,False
SH002584,W03,ST08,CR01,2024-10-01,2024-10-02,2024-10-05,11.5,,Delayed,False
SH002585,W03,ST08,CR05,2024-10-02,2024-10-03,2024-10-03,9.1,,On-time,False
SH002586,W03,ST08,CR02,2024-10-03,2024-10-04,2024-10-04,28.6,2187.28,On-time,False
SH002587,W03,ST08,CR01,2024-10-04,2024-10-05,2024-10-07,20.4,1266.58,Delayed,False
SH002588,W03,ST08,CR03,2024-10-05,2024-10-06,2024-10-06,20.6,1058.78,On-time,False
SH002589,W03,ST08,CR04,2024-10-06,2024-10-07,2024-10-08,23.2,1584.02,Delayed,False
SH002590,W03,ST08,CR03,2024-10-07,2024-10-08,2024-10-08,11.1,,On-time,False
SH002591,W03,ST08,CR02,2024-10-08,2024-10-09,2024-10-12,32.1,1685.36,Delayed,False
SH002592,W03,ST08,CR04,2024-10-09,2024-10-10,2024-10-10,9.7,737.76,On-time,False
SH002593,W03,ST08,CR01,2024-10-10,2024-10-11,2024-10-11,16.7,1265.08,On-time,False
SH002594,W03,ST08,CR03,2024-10-11,2024-10-12,2024-10-12,17.8,1255.87,On-time,False
SH002595,W03,ST08,CR03,2024-10-12,2024-10-13,2024-10-13,10.4,1002.64,On-time,False
SH002596,W02,ST08,CR05,2024-10-13,2024-10-16,2024-10-17,417.6,18590.83,Delayed,False
SH002597,W01,ST08,CR03,2024-10-14,2024-10-16,2024-10-16,210.3,9383.09,On-time,False
SH002598,W03,ST08,CR05,2024-10-15,2024-10-16,2024-10-16,13.9,1032.49,On-time,False
SH002599,W03,ST08,CR05,2024-10-16,2024-10-17,2024-10-18,9.1,961.7,Delayed,False
SH002600,W03,ST08,CR05,2024-10-17,2024-10-18,2024-10-18,24.5,1424.0,On-time,False
SH002601,W03,ST08,CR03,2024-10-18,2024-10-19,2024-10-19,16.6,1160.09,On-time,False
SH002602,W03,ST08,CR01,2024-10-19,2024-10-20,2024-10-20,12.5,1066.19,On-time,False
SH002603,W01,ST08,CR02,2024-10-20,2024-10-22,2024-10-25,210.3,10279.21,Delayed,False
SH002604,W03,ST08,CR02,2024-10-21,2024-10-22,2024-10-22,14.3,1258.19,On-time,False
SH002605,W03,ST08,CR03,2024-10-22,2024-10-23,2024-10-23,27.1,,Damaged,False
SH002606,W03,ST08,CR01,2024-10-23,2024-10-24,2024-10-24,25.1,1667.85,On-time,False
SH002607,W03,ST08,CR01,2024-10-24,2024-10-25,2024-10-25,29.4,1868.84,On-time,False
SH002608,W03,ST08,CR02,2024-10-25,2024-10-26,2024-10-26,12.7,720.54,On-time,False
SH002609,W03,ST08,CR01,2024-10-26,2024-10-27,2024-10-27,23.6,1080.02,On-time,False
SH002610,W03,ST08,CR03,2024-10-27,2024-10-28,2024-10-28,26.8,,On-time,False
SH002611,W03,ST08,CR01,2024-10-28,2024-10-29,2024-10-29,31.9,1765.34,On-time,False
SH002612,W03,ST08,CR02,2024-10-29,2024-10-30,2024-10-30,9.1,989.32,On-time,False
SH002613,W03,ST08,CR05,2024-10-30,2024-10-31,2024-10-31,25.1,1785.94,On-time,False
SH002614,W03,ST08,CR02,2024-10-31,2024-11-01,2024-11-01,11.9,1398.44,On-time,False
SH002615,W03,ST08,CR05,2024-11-01,2024-11-02,2024-11-02,32.0,1745.78,On-time,False
SH002616,W03,ST08,CR02,2024-11-02,2024-11-03,2024-11-03,20.4,1467.86,On-time,False
SH002617,W03,ST08,CR01,2024-11-03,2024-11-04,2024-11-04,30.3,1901.15,On-time,False
SH002618,W03,ST08,CR05,2024-11-04,2024-11-05,2024-11-05,15.9,936.4,On-time,False
SH002619,W03,ST08,CR05,2024-11-05,2024-11-06,2024-11-08,28.9,1747.15,Delayed,False
SH002620,W03,ST08,CR05,2024-11-06,2024-11-07,2024-11-07,14.8,1221.09,On-time,False
SH002621,W03,ST08,CR02,2024-11-07,2024-11-08,2024-11-11,20.5,1867.53,Delayed,False
SH002622,W01,ST08,CR01,2024-11-08,2024-11-10,2024-11-10,210.3,10524.94,On-time,False
SH002623,W03,ST08,CR01,2024-11-09,2024-11-10,2024-11-10,26.9,1415.65,On-time,False
SH002624,W03,ST08,CR01,2024-11-10,2024-11-11,2024-11-11,17.9,1585.95,On-time,False
SH002625,W01,ST08,CR01,2024-11-11,2024-11-13,2024-11-13,210.3,,On-time,False
SH002626,W02,ST08,CR04,2024-11-12,2024-11-15,2024-11-17,417.6,21240.17,Delayed,False
SH002627,W03,ST08,CR01,2024-11-13,2024-11-14,2024-11-14,23.5,1313.24,On-time,False
SH002628,W03,ST08,CR03,2024-11-14,2024-11-15,2024-11-15,22.4,,On-time,False
SH002629,W03,ST08,CR04,2024-11-15,2024-11-16,2024-11-16,11.0,983.12,On-time,False
SH002630,W03,ST08,CR03,2024-11-16,2024-11-17,2024-11-17,26.8,1705.1,On-time,False
SH002631,W03,ST08,CR02,2024-11-17,2024-11-18,2024-11-20,24.6,1739.06,Delayed,False
SH002632,W03,ST08,CR02,2024-11-18,2024-11-19,2024-11-23,20.3,1193.79,Delayed,False
SH002633,W03,ST08,CR04,2024-11-19,2024-11-20,2024-11-20,33.8,2028.36,On-time,False
SH002634,W03,ST08,CR02,2024-11-20,2024-11-21,2024-11-21,14.9,1251.67,On-time,False
SH002635,W03,ST08,CR02,2024-11-21,2024-11-22,2024-11-22,17.2,1190.08,On-time,False
SH002636,W03,ST08,CR02,2024-11-22,2024-11-23,2024-11-23,19.4,1205.56,On-time,False
SH002637,W03,ST08,CR01,2024-11-23,2024-11-24,2024-11-26,10.7,803.38,Delayed,False
SH002638,W01,ST08,CR01,2024-11-24,2024-11-26,2024-11-26,210.3,9442.29,On-time,False
SH002639,W03,ST08,CR01,2024-11-25,2024-11-26,2024-11-26,25.3,1701.34,On-time,False
SH002640,W03,ST08,CR04,2024-11-26,2024-11-27,2024-11-27,24.8,,On-time,False
SH002641,W03,ST08,CR04,2024-11-27,2024-11-28,2024-12-02,13.8,790.6,Delayed,False
SH002642,W03,ST08,CR04,2024-11-28,2024-11-29,2024-12-02,23.8,1559.81,Delayed,False
SH002643,W03,ST08,CR01,2024-11-29,2024-11-30,2024-11-30,27.0,1394.54,Damaged,False
SH002644,W03,ST08,CR05,2024-11-30,2024-12-01,2024-12-01,29.2,1558.75,On-time,False
SH002645,W03,ST08,CR05,2024-12-01,2024-12-02,2024-12-02,26.1,1490.19,On-time,False
SH002646,W03,ST08,CR01,2024-12-02,2024-12-03,2024-12-03,20.6,,On-time,False
SH002647,W03,ST08,CR03,2024-12-03,2024-12-04,2024-12-04,18.1,1054.45,On-time,False
SH002648,W03,ST08,CR01,2024-12-04,2024-12-05,2024-12-05,32.6,1439.96,On-time,False
SH002649,W03,ST08,CR03,2024-12-05,2024-12-06,2024-12-06,25.3,1447.56,On-time,False
SH002650,W03,ST08,CR05,2024-12-06,2024-12-07,2024-12-07,14.0,1073.82,On-time,False
SH002651,W03,ST08,CR01,2024-12-07,2024-12-08,2024-12-08,16.1,992.91,On-time,False
SH002652,W03,ST08,CR04,2024-12-08,2024-12-09,2024-12-09,11.4,744.99,On-time,False
SH002653,W03,ST08,CR03,2024-12-09,2024-12-10,2024-12-10,28.3,1722.38,On-time,False
SH002654,W03,ST08,CR03,2024-12-10,2024-12-11,2024-12-15,6.4,738.35,Delayed,False
SH002655,W03,ST08,CR05,2024-12-11,2024-12-12,2024-12-12,20.3,1075.33,On-time,False
SH002656,W02,ST08,CR02,2024-12-12,2024-12-15,2024-12-19,417.6,,Delayed,False
SH002657,W03,ST08,CR02,2024-12-13,2024-12-14,2024-12-14,29.6,2060.8,Damaged,False
SH002658,W03,ST08,CR01,2024-12-14,2024-12-15,2024-12-15,22.8,1279.86,On-time,False
SH002659,W03,ST08,CR04,2024-12-15,2024-12-16,2024-12-16,13.1,1019.84,On-time,False
SH002660,W03,ST08,CR03,2024-12-16,2024-12-17,2024-12-17,32.1,1669.4,On-time,False
SH002661,W03,ST08,CR01,2024-12-17,2024-12-18,2024-12-18,6.4,880.84,Lost,False
SH002662,W03,ST08,CR03,2024-12-18,2024-12-19,2024-12-19,23.5,1565.85,On-time,False
SH002663,W03,ST08,CR03,2024-12-19,2024-12-20,2024-12-20,10.9,1088.13,On-time,False
SH002664,W03,ST08,CR02,2024-12-20,2024-12-21,2024-12-21,23.8,1169.31,On-time,False
SH002665,W03,ST08,CR02,2024-12-21,2024-12-22,2024-12-22,9.6,746.6,Lost,False
SH002666,W03,ST08,CR03,2024-12-22,2024-12-23,2024-12-23,26.8,1626.03,On-time,False
SH002667,W03,ST08,CR05,2024-12-23,2024-12-24,2024-12-24,29.9,1900.8,On-time,False
SH002668,W03,ST08,CR01,2024-12-24,2024-12-25,2024-12-25,16.9,1367.03,On-time,False
SH002669,W03,ST08,CR01,2024-12-25,2024-12-26,2024-12-26,33.8,2057.78,On-time,False
SH002670,W03,ST08,CR03,2024-12-26,2024-12-27,2024-12-27,14.1,,On-time,False
SH002671,W03,ST08,CR05,2024-12-27,2024-12-28,2024-12-28,32.9,,On-time,False
SH002672,W03,ST08,CR04,2024-12-28,2024-12-29,2024-12-29,11.6,804.54,On-time,False
SH002673,W03,ST08,CR04,2024-12-29,2024-12-30,2024-12-30,24.9,1595.53,On-time,False
SH002674,W03,ST08,CR01,2024-12-30,2024-12-31,2024-12-31,18.8,1491.32,On-time,False
SH002675,W03,ST08,CR05,2024-12-31,2025-01-01,2025-01-01,10.8,1208.64,On-time,False
SH002676,W03,ST08,CR01,2025-01-01,2025-01-02,2025-01-02,20.1,1615.69,On-time,False
SH002677,W03,ST08,CR04,2025-01-02,2025-01-03,2025-01-03,13.3,1070.76,On-time,False
SH002678,W03,ST08,CR02,2025-01-03,2025-01-04,2025-01-04,25.7,1421.58,On-time,False
SH002679,W03,ST08,CR03,2025-01-04,2025-01-05,2025-01-05,29.5,1872.8,On-time,False
SH002680,W03,ST08,CR05,2025-01-05,2025-01-06,2025-01-06,30.0,,On-time,False
SH002681,W03,ST08,CR02,2025-01-06,2025-01-07,2025-01-07,24.0,1498.53,Lost,False
SH002682,W03,ST08,CR01,2025-01-07,2025-01-08,2025-01-08,14.5,,On-time,False
SH002683,W03,ST08,CR02,2025-01-08,2025-01-09,2025-01-13,21.2,1651.1,Delayed,False
SH002684,W03,ST08,CR05,2025-01-09,2025-01-10,2025-01-10,11.5,1088.21,On-time,False
SH002685,W03,ST08,CR03,2025-01-10,2025-01-11,2025-01-11,17.9,1164.14,On-time,False
SH002686,W03,ST08,CR01,2025-01-11,2025-01-12,2025-01-12,30.4,1813.02,Lost,False
SH002687,W03,ST08,CR05,2025-01-12,2025-01-13,2025-01-13,28.0,1379.19,On-time,False
SH002688,W03,ST08,CR03,2025-01-13,2025-01-14,2025-01-14,15.4,1028.61,On-time,False
SH002689,W03,ST08,CR01,2025-01-14,2025-01-15,2025-01-15,9.2,579.66,On-time,False
SH002690,W03,ST08,CR02,2025-01-15,2025-01-16,2025-01-16,14.2,1119.38,On-time,False
SH002691,W03,ST08,CR05,2025-01-16,2025-01-17,2025-01-17,5.7,743.02,On-time,False
SH002692,W01,ST08,CR03,2025-01-17,2025-01-19,2025-01-19,210.3,10212.31,On-time,False
SH002693,W03,ST08,CR05,2025-01-18,2025-01-19,2025-01-19,10.6,936.13,On-time,False
SH002694,W03,ST08,CR01,2025-01-19,2025-01-20,2025-01-20,23.5,1624.26,On-time,False
SH002695,W03,ST08,CR03,2025-01-20,2025-01-21,2025-01-21,25.1,1432.37,On-time,False
SH002696,W03,ST08,CR02,2025-01-21,2025-01-22,2025-01-22,33.0,2026.83,On-time,False
SH002697,W03,ST08,CR05,2025-01-22,2025-01-23,2025-01-23,7.9,,On-time,False
SH002698,W03,ST08,CR04,2025-01-23,2025-01-24,2025-01-27,27.2,1937.05,Delayed,False
SH002699,W02,ST08,CR01,2025-01-24,2025-01-27,2025-01-30,417.6,21148.71,Delayed,False
SH002700,W03,ST08,CR02,2025-01-25,2025-01-26,2025-01-26,11.9,1313.08,On-time,False
SH002701,W03,ST08,CR05,2025-01-26,2025-01-27,2025-01-27,13.5,944.62,On-time,False
SH002702,W03,ST08,CR03,2025-01-27,2025-01-28,2025-01-28,27.1,1583.85,On-time,False
SH002703,W03,ST08,CR03,2025-01-28,2025-01-29,2025-01-29,21.7,1350.51,On-time,False
SH002704,W03,ST08,CR03,2025-01-29,2025-01-30,2025-01-30,30.5,1459.76,On-time,False
SH002705,W03,ST08,CR04,2025-01-30,2025-01-31,2025-01-31,19.2,1190.21,On-time,False
SH002706,W03,ST08,CR05,2025-01-31,2025-02-01,2025-02-01,23.2,1396.66,On-time,False
SH002707,W01,ST08,CR02,2025-02-01,2025-02-03,2025-02-03,210.3,11821.31,On-time,False
SH002708,W02,ST08,CR05,2025-02-02,2025-02-05,2025-02-05,417.6,21356.37,On-time,False
SH002709,W03,ST08,CR02,2025-02-03,2025-02-04,2025-02-04,21.6,1571.98,On-time,False
SH002710,W03,ST08,CR04,2025-02-04,2025-02-05,2025-02-05,30.3,1740.44,On-time,False
SH002711,W03,ST08,CR02,2025-02-05,2025-02-06,2025-02-06,16.5,1100.89,On-time,False
SH002712,W03,ST08,CR01,2025-02-06,2025-02-07,2025-02-07,19.7,1376.24,On-time,False
SH002713,W03,ST08,CR03,2025-02-07,2025-02-08,2025-02-12,8.2,1039.58,Delayed,False
SH002714,W03,ST08,CR01,2025-02-08,2025-02-09,2025-02-09,14.2,1012.55,On-time,False
SH002715,W03,ST08,CR01,2025-02-09,2025-02-10,2025-02-10,27.5,1560.41,On-time,False
SH002716,W01,ST08,CR01,2025-02-10,2025-02-12,2025-02-12,210.3,10343.56,Damaged,False
SH002717,W03,ST08,CR01,2025-02-11,2025-02-12,2025-02-12,26.7,1430.11,On-time,False
SH002718,W03,ST08,CR03,2025-02-12,2025-02-13,2025-02-13,13.3,1075.47,On-time,False
SH002719,W03,ST08,CR01,2025-02-13,2025-02-14,2025-02-14,20.9,952.19,On-time,False
SH002720,W03,ST08,CR01,2025-02-14,2025-02-15,2025-02-15,15.4,1440.06,On-time,False
SH002721,W03,ST08,CR04,2025-02-15,2025-02-16,2025-02-19,24.6,1702.41,Delayed,False
SH002722,W03,ST08,CR03,2025-02-16,2025-02-17,2025-02-17,13.8,953.37,On-time,False
SH002723,W03,ST08,CR03,2025-02-17,2025-02-18,2025-02-18,27.3,1749.38,On-time,False
SH002724,W03,ST08,CR03,2025-02-18,2025-02-19,2025-02-19,10.9,975.34,Damaged,False
SH002725,W03,ST08,CR05,2025-02-19,2025-02-20,2025-02-20,30.0,1795.33,On-time,False
SH002726,W03,ST08,CR04,2025-02-20,2025-02-21,2025-02-21,27.9,1847.93,On-time,False
SH002727,W03,ST08,CR03,2025-02-21,2025-02-22,2025-02-22,33.2,1685.21,On-time,False
SH002728,W03,ST08,CR01,2025-02-22,2025-02-23,2025-02-23,31.8,1954.37,On-time,False
SH002729,W03,ST08,CR03,2025-02-23,2025-02-24,2025-02-24,25.4,1429.81,On-time,False
SH002730,W03,ST08,CR05,2025-02-24,2025-02-25,2025-02-25,19.2,1151.87,On-time,False
SH002731,W03,ST08,CR03,2025-02-25,2025-02-26,2025-02-26,27.6,1648.71,On-time,False
SH002732,W03,ST08,CR02,2025-02-26,2025-02-27,2025-02-27,16.1,1370.98,On-time,False
SH002733,W03,ST08,CR03,2025-02-27,2025-02-28,2025-02-28,29.9,1621.62,On-time,False
SH002734,W03,ST08,CR03,2025-02-28,2025-03-01,2025-03-01,8.9,870.68,On-time,False
SH002735,W03,ST08,CR04,2025-03-01,2025-03-02,2025-03-02,24.1,,On-time,False
SH002736,W03,ST08,CR01,2025-03-02,2025-03-03,2025-03-03,34.8,2064.83,On-time,False
SH002737,W03,ST08,CR03,2025-03-03,2025-03-04,2025-03-04,10.3,1175.07,On-time,False
SH002738,W03,ST08,CR01,2025-03-04,2025-03-05,2025-03-05,33.1,2104.78,On-time,False
SH002739,W03,ST08,CR05,2025-03-05,2025-03-06,2025-03-06,23.0,1691.06,On-time,False
SH002740,W03,ST08,CR01,2025-03-06,2025-03-07,2025-03-08,15.0,1370.91,Delayed,False
SH002741,W03,ST08,CR02,2025-03-07,2025-03-08,2025-03-08,29.4,2118.73,On-time,False
SH002742,W03,ST08,CR02,2025-03-08,2025-03-09,2025-03-09,17.2,1062.45,On-time,False
SH002743,W03,ST08,CR04,2025-03-09,2025-03-10,2025-03-10,22.6,1392.23,On-time,False
SH002744,W02,ST08,CR05,2025-03-10,2025-03-13,2025-03-13,417.6,20440.16,On-time,False
SH002745,W03,ST08,CR03,2025-03-11,2025-03-12,2025-03-12,20.2,1558.96,On-time,False
SH002746,W03,ST08,CR01,2025-03-12,2025-03-13,2025-03-13,8.5,609.96,On-time,False
SH002747,W03,ST08,CR05,2025-03-13,2025-03-14,2025-03-14,32.9,2097.11,On-time,False
SH002748,W03,ST08,CR05,2025-03-14,2025-03-15,2025-03-15,9.6,995.16,On-time,False
SH002749,W03,ST08,CR01,2025-03-15,2025-03-16,2025-03-16,30.5,2373.33,On-time,False
SH002750,W03,ST08,CR01,2025-03-16,2025-03-17,2025-03-17,24.8,1220.6,On-time,False
SH002751,W03,ST08,CR05,2025-03-17,2025-03-18,2025-03-21,6.5,1001.86,Delayed,False
SH002752,W03,ST08,CR01,2025-03-18,2025-03-19,2025-03-19,17.8,1366.03,On-time,False
SH002753,W03,ST08,CR02,2025-03-19,2025-03-20,2025-03-20,33.9,1662.43,On-time,False
SH002754,W03,ST08,CR04,2025-03-20,2025-03-21,2025-03-21,28.6,1852.98,On-time,False
SH002755,W03,ST08,CR01,2025-03-21,2025-03-22,2025-03-22,9.4,,On-time,False
SH002756,W02,ST08,CR03,2025-03-22,2025-03-25,2025-03-25,417.6,16774.29,On-time,False
SH002757,W03,ST08,CR01,2025-03-23,2025-03-24,2025-03-24,10.2,,On-time,False
SH002758,W03,ST08,CR02,2025-03-24,2025-03-25,2025-03-25,34.2,2365.7,On-time,False
SH002759,W03,ST08,CR03,2025-03-25,2025-03-26,2025-03-26,10.4,787.76,On-time,False
SH002760,W03,ST08,CR03,2025-03-26,2025-03-27,2025-03-27,29.9,1793.26,On-time,False
SH002761,W03,ST08,CR03,2025-03-27,2025-03-28,2025-03-28,27.3,1408.57,On-time,False
SH002762,W03,ST08,CR01,2025-03-28,2025-03-29,2025-03-29,7.6,849.73,On-time,False
SH002763,W03,ST08,CR03,2025-03-29,2025-03-30,2025-03-30,21.8,1167.84,On-time,False
SH002764,W03,ST08,CR03,2025-03-30,2025-03-31,2025-04-02,32.4,1562.09,Damaged,False
SH002765,W03,ST08,CR01,2025-03-31,2025-04-01,2025-04-01,10.4,1022.82,On-time,False
SH002766,W01,ST08,CR02,2025-04-01,2025-04-03,2025-04-05,210.3,11100.53,Delayed,False
SH002767,W03,ST08,CR03,2025-04-02,2025-04-03,2025-04-05,29.6,1712.5,Delayed,False
SH002768,W02,ST08,CR05,2025-04-03,2025-04-06,2025-04-06,417.6,,Damaged,False
SH002769,W03,ST08,CR02,2025-04-04,2025-04-05,2025-04-05,6.0,663.72,On-time,False
SH002770,W03,ST08,CR05,2025-04-05,2025-04-06,2025-04-06,30.6,1460.93,On-time,False
SH002771,W03,ST08,CR04,2025-04-06,2025-04-07,2025-04-07,16.7,1307.57,On-time,False
SH002772,W03,ST08,CR01,2025-04-07,2025-04-08,2025-04-08,24.2,1543.71,On-time,False
SH002773,W03,ST08,CR01,2025-04-08,2025-04-09,2025-04-09,20.2,1576.64,On-time,False
SH002774,W03,ST08,CR05,2025-04-09,2025-04-10,2025-04-10,17.1,1767.74,On-time,False
SH002775,W03,ST08,CR01,2025-04-10,2025-04-11,2025-04-15,26.8,1450.04,Delayed,False
SH002776,W03,ST08,CR02,2025-04-11,2025-04-12,2025-04-12,15.6,1014.46,On-time,False
SH002777,W03,ST08,CR03,2025-04-12,2025-04-13,2025-04-13,9.8,710.05,Lost,False
SH002778,W03,ST08,CR05,2025-04-13,2025-04-14,2025-04-14,32.5,2133.84,On-time,False
SH002779,W01,ST08,CR04,2025-04-14,2025-04-16,2025-04-20,210.3,11094.69,Delayed,False
SH002780,W03,ST08,CR01,2025-04-15,2025-04-16,2025-04-16,13.5,969.19,Damaged,False
SH002781,W01,ST08,CR03,2025-04-16,2025-04-18,2025-04-18,210.3,10732.87,On-time,False
SH002782,W03,ST08,CR03,2025-04-17,2025-04-18,2025-04-18,15.4,1299.46,On-time,False
SH002783,W03,ST08,CR04,2025-04-18,2025-04-19,2025-04-19,9.4,,On-time,False
SH002784,W03,ST08,CR03,2025-04-19,2025-04-20,2025-04-20,10.5,1111.91,On-time,False
SH002785,W03,ST08,CR03,2025-04-20,2025-04-21,2025-04-21,11.2,727.19,On-time,False
SH002786,W03,ST08,CR04,2025-04-21,2025-04-22,2025-04-22,25.7,1451.17,On-time,False
SH002787,W03,ST08,CR03,2025-04-22,2025-04-23,2025-04-23,10.6,1161.01,On-time,False
SH002788,W03,ST08,CR03,2025-04-23,2025-04-24,2025-04-24,14.3,766.11,On-time,False
SH002789,W03,ST08,CR05,2025-04-24,2025-04-25,2025-04-25,14.6,,On-time,False
SH002790,W03,ST08,CR01,2025-04-25,2025-04-26,2025-04-26,17.2,2084.8,On-time,False
SH002791,W03,ST08,CR01,2025-04-26,2025-04-27,2025-04-27,32.1,2180.17,On-time,False
SH002792,W03,ST08,CR01,2025-04-27,2025-04-28,2025-04-28,29.7,1585.79,On-time,False
SH002793,W03,ST08,CR01,2025-04-28,2025-04-29,2025-04-29,26.4,1701.83,On-time,False
SH002794,W03,ST08,CR05,2025-04-29,2025-04-30,2025-04-30,28.6,1452.23,On-time,False
SH002795,W03,ST08,CR03,2025-04-30,2025-05-01,2025-05-01,31.5,1412.04,On-time,False
SH002796,W03,ST08,CR02,2025-05-01,2025-05-02,2025-05-02,25.7,1411.86,On-time,False
SH002797,W03,ST08,CR03,2025-05-02,2025-05-03,2025-05-03,19.8,,On-time,False
SH002798,W03,ST08,CR01,2025-05-03,2025-05-04,2025-05-04,33.0,2279.68,Damaged,False
SH002799,W03,ST08,CR02,2025-05-04,2025-05-05,2025-05-05,26.3,1718.89,On-time,False
SH002800,W03,ST08,CR01,2025-05-05,2025-05-06,2025-05-06,9.1,605.63,On-time,False
SH002801,W03,ST08,CR03,2025-05-06,2025-05-07,2025-05-07,34.8,1662.35,On-time,False
SH002802,W03,ST08,CR03,2025-05-07,2025-05-08,2025-05-12,28.9,1719.41,Delayed,False
SH002803,W03,ST08,CR01,2025-05-08,2025-05-09,2025-05-09,13.5,822.68,Damaged,False
SH002804,W03,ST08,CR03,2025-05-09,2025-05-10,2025-05-10,9.2,1025.71,On-time,False
SH002805,W02,ST08,CR05,2025-05-10,2025-05-13,2025-05-16,417.6,16941.01,Delayed,False
SH002806,W03,ST08,CR01,2025-05-11,2025-05-12,2025-05-12,14.0,1638.62,On-time,False
SH002807,W03,ST08,CR01,2025-05-12,2025-05-13,2025-05-13,28.3,1941.67,On-time,False
SH002808,W03,ST08,CR01,2025-05-13,2025-05-14,2025-05-14,20.6,1117.14,Damaged,False
SH002809,W02,ST08,CR04,2025-05-14,2025-05-17,2025-05-19,417.6,23232.77,Delayed,False
SH002810,W03,ST08,CR05,2025-05-15,2025-05-16,2025-05-16,26.6,2030.79,On-time,False
SH002811,W03,ST08,CR04,2025-05-16,2025-05-17,2025-05-17,34.0,2031.62,On-time,False
SH002812,W03,ST08,CR03,2025-05-17,2025-05-18,2025-05-18,14.2,1145.16,On-time,False
SH002813,W03,ST08,CR05,2025-05-18,2025-05-19,2025-05-22,20.1,1208.84,Delayed,False
SH002814,W03,ST08,CR04,2025-05-19,2025-05-20,2025-05-20,24.9,1332.23,On-time,False
SH002815,W03,ST08,CR01,2025-05-20,2025-05-21,2025-05-21,14.5,1239.06,On-time,False
SH002816,W03,ST08,CR04,2025-05-21,2025-05-22,2025-05-22,31.9,2038.07,On-time,False
SH002817,W03,ST08,CR05,2025-05-22,2025-05-23,2025-05-23,8.5,615.47,On-time,False
SH002818,W03,ST08,CR02,2025-05-23,2025-05-24,2025-05-24,15.1,,On-time,False
SH002819,W03,ST08,CR04,2025-05-24,2025-05-25,2025-05-25,15.2,1089.38,On-time,False
SH002820,W03,ST08,CR03,2025-05-25,2025-05-26,2025-05-28,15.5,1253.13,Delayed,False
SH002821,W03,ST08,CR04,2025-05-26,2025-05-27,2025-05-27,30.8,1703.66,Lost,False
SH002822,W03,ST08,CR03,2025-05-27,2025-05-28,2025-05-28,14.5,1589.26,On-time,False
SH002823,W03,ST08,CR03,2025-05-28,2025-05-29,2025-05-29,24.4,1695.21,On-time,False
SH002824,W03,ST08,CR05,2025-05-29,2025-05-30,2025-05-30,8.5,989.0,On-time,False
SH002825,W03,ST08,CR02,2025-05-30,2025-05-31,2025-05-31,20.6,1549.52,On-time,False
SH002826,W03,ST08,CR03,2025-05-31,2025-06-01,2025-06-01,8.9,566.77,On-time,False
SH002827,W03,ST08,CR05,2025-06-01,2025-06-02,2025-06-02,20.3,1521.53,On-time,False
SH002828,W03,ST08,CR04,2025-06-02,2025-06-03,2025-06-03,18.9,1171.93,On-time,False
SH002829,W01,ST08,CR04,2025-06-03,2025-06-05,2025-06-06,210.3,8622.55,Delayed,False
SH002830,W03,ST08,CR03,2025-06-04,2025-06-05,2025-06-08,33.5,2270.25,Delayed,False
SH002831,W03,ST08,CR04,2025-06-05,2025-06-06,2025-06-07,9.0,625.91,Delayed,False
SH002832,W03,ST08,CR03,2025-06-06,2025-06-07,2025-06-07,30.7,1623.75,On-time,False
SH002833,W03,ST08,CR03,2025-06-07,2025-06-08,2025-06-08,20.8,1116.38,On-time,False
SH002834,W03,ST08,CR02,2025-06-08,2025-06-09,2025-06-09,33.0,2366.13,On-time,False
SH002835,W03,ST08,CR02,2025-06-09,2025-06-10,2025-06-10,30.0,1952.07,On-time,False
SH002836,W03,ST08,CR03,2025-06-10,2025-06-11,2025-06-11,25.3,1683.92,On-time,False
SH002837,W03,ST08,CR05,2025-06-11,2025-06-12,2025-06-15,12.2,1371.04,Delayed,False
SH002838,W01,ST08,CR03,2025-06-12,2025-06-14,2025-06-17,210.3,11457.57,Delayed,False
SH002839,W03,ST08,CR03,2025-06-13,2025-06-14,2025-06-18,21.5,2213.09,Delayed,False
SH002840,W03,ST08,CR05,2025-06-14,2025-06-15,2025-06-15,31.0,1600.51,On-time,False
SH002841,W03,ST08,CR01,2025-06-15,2025-06-16,2025-06-16,26.1,1301.94,On-time,False
SH002842,W03,ST08,CR01,2025-06-16,2025-06-17,2025-06-17,25.4,1390.98,On-time,False
SH002843,W03,ST08,CR03,2025-06-17,2025-06-18,2025-06-18,20.9,1800.99,On-time,False
SH002844,W03,ST08,CR02,2025-06-18,2025-06-19,2025-06-19,19.3,1218.68,Lost,False
SH002845,W03,ST08,CR01,2025-06-19,2025-06-20,2025-06-20,26.7,1246.03,On-time,False
SH002846,W03,ST08,CR05,2025-06-20,2025-06-21,2025-06-21,30.4,2100.44,On-time,False
SH002847,W03,ST08,CR02,2025-06-21,2025-06-22,2025-06-22,34.5,1714.61,On-time,False
SH002848,W03,ST08,CR02,2025-06-22,2025-06-23,2025-06-25,24.2,1535.02,Delayed,False
SH002849,W01,ST08,CR03,2025-06-23,2025-06-25,2025-06-25,210.3,10307.91,On-time,False
SH002850,W03,ST08,CR04,2025-06-24,2025-06-25,2025-06-25,8.9,,On-time,False
SH002851,W03,ST99,CR01,2025-06-25,2025-06-26,2025-06-26,20.1,1294.65,On-time,True
SH002852,W03,ST08,CR04,2025-06-26,2025-06-27,2025-06-29,11.9,,Delayed,False
SH002853,W03,ST08,CR02,2025-06-27,2025-06-28,2025-06-28,22.1,1223.72,On-time,False
SH002854,W03,ST08,CR03,2025-06-28,2025-06-29,2025-06-29,8.3,890.29,On-time,False
SH002855,W01,ST08,CR01,2025-06-29,2025-07-01,2025-07-01,210.3,8278.09,On-time,False
SH002856,W03,ST08,CR03,2025-06-30,2025-07-01,2025-07-01,19.0,,On-time,False
SH002857,W01,ST08,CR02,2025-07-01,2025-07-03,2025-07-03,210.3,11618.64,On-time,False
SH002858,W03,ST08,CR03,2025-07-02,2025-07-03,2025-07-03,18.4,1436.88,On-time,False
SH002859,W03,ST08,CR05,2025-07-03,2025-07-04,2025-07-06,27.1,1908.13,Delayed,False
SH002860,W02,ST08,CR02,2025-07-04,2025-07-07,2025-07-07,417.6,14239.47,On-time,False
SH002861,W03,ST08,CR04,2025-07-05,2025-07-06,2025-07-06,32.4,2320.42,On-time,False
SH002862,W03,ST08,CR01,2025-07-06,2025-07-07,2025-07-07,19.9,,On-time,False
SH002863,W03,ST08,CR01,2025-07-07,2025-07-08,2025-07-08,15.6,1120.42,On-time,False
SH002864,W03,ST08,CR04,2025-07-08,2025-07-09,2025-07-09,28.5,2002.45,On-time,False
SH002865,W03,ST08,CR05,2025-07-09,2025-07-10,2025-07-10,15.4,1222.27,On-time,False
SH002866,W03,ST08,CR01,2025-07-10,2025-07-11,2025-07-14,20.1,1466.96,Delayed,False
SH002867,W03,ST08,CR02,2025-07-11,2025-07-12,2025-07-12,13.7,926.35,On-time,False
SH002868,W03,ST08,CR05,2025-07-12,2025-07-13,2025-07-13,31.4,2027.21,On-time,False
SH002869,W03,ST08,CR01,2025-07-13,2025-07-14,2025-07-14,8.7,908.63,On-time,False
SH002870,W03,ST08,CR03,2025-07-14,2025-07-15,2025-07-16,16.7,1641.34,Delayed,False
SH002871,W03,ST08,CR05,2025-07-15,2025-07-16,2025-07-16,15.8,1377.25,On-time,False
SH002872,W03,ST08,CR02,2025-07-16,2025-07-17,2025-07-17,25.1,1494.44,On-time,False
SH002873,W03,ST08,CR05,2025-07-17,2025-07-18,2025-07-18,20.3,1386.99,On-time,False
SH002874,W03,ST08,CR02,2025-07-18,2025-07-19,2025-07-19,15.6,903.63,On-time,False
SH002875,W03,ST08,CR03,2025-07-19,2025-07-20,2025-07-20,9.8,827.85,On-time,False
SH002876,W03,ST08,CR01,2025-07-20,2025-07-21,2025-07-21,24.6,1600.87,On-time,False
SH002877,W03,ST08,CR04,2025-07-21,2025-07-22,2025-07-24,26.8,1677.95,Delayed,False
SH002878,W03,ST08,CR05,2025-07-22,2025-07-23,2025-07-24,26.8,1856.78,Delayed,False
SH002879,W03,ST08,CR01,2025-07-23,2025-07-24,2025-07-24,20.7,1478.7,On-time,False
SH002880,W03,ST08,CR05,2025-07-24,2025-07-25,2025-07-25,16.9,1048.74,On-time,False
SH002881,W03,ST08,CR04,2025-07-25,2025-07-26,2025-07-27,20.0,,Delayed,False
SH002882,W03,ST08,CR04,2025-07-26,2025-07-27,2025-07-28,8.8,1219.47,Delayed,False
SH002883,W03,ST08,CR02,2025-07-27,2025-07-28,2025-07-31,12.0,1075.32,Damaged,False
SH002884,W03,ST08,CR01,2025-07-28,2025-07-29,2025-07-29,26.9,2033.92,On-time,False
SH002885,W03,ST08,CR02,2025-07-29,2025-07-30,2025-08-01,20.2,1483.19,Delayed,False
SH002886,W03,ST08,CR04,2025-07-30,2025-07-31,2025-08-01,20.1,1296.67,Delayed,False
SH002887,W03,ST08,CR05,2025-07-31,2025-08-01,2025-08-01,9.6,811.04,On-time,False
SH002888,W03,ST08,CR04,2025-08-01,2025-08-02,2025-08-02,14.3,1031.82,On-time,False
SH002889,W03,ST08,CR05,2025-08-02,2025-08-03,2025-08-07,16.3,1168.61,Delayed,False
SH002890,W03,ST08,CR02,2025-08-03,2025-08-04,2025-08-04,18.5,1242.9,On-time,False
SH002891,W03,ST08,CR04,2025-08-04,2025-08-05,2025-08-05,25.4,1630.88,On-time,False
SH002892,W03,ST08,CR01,2025-08-05,2025-08-06,2025-08-06,21.4,,On-time,False
SH002893,W03,ST08,CR02,2025-08-06,2025-08-07,2025-08-07,33.3,2316.81,On-time,False
SH002894,W03,ST08,CR04,2025-08-07,2025-08-08,2025-08-08,20.8,1418.36,On-time,False
SH002895,W03,ST08,CR03,2025-08-08,2025-08-09,2025-08-09,32.3,2394.87,On-time,False
SH002896,W03,ST08,CR03,2025-08-09,2025-08-10,2025-08-10,12.1,,On-time,False
SH002897,W03,ST08,CR04,2025-08-10,2025-08-11,2025-08-11,11.7,808.71,On-time,False
SH002898,W03,ST08,CR02,2025-08-11,2025-08-12,2025-08-15,34.5,2096.66,Delayed,False
SH002899,W03,ST08,CR04,2025-08-12,2025-08-13,2025-08-16,33.4,2096.81,Delayed,False
SH002900,W03,ST08,CR01,2025-08-13,2025-08-14,2025-08-14,22.6,1561.1,On-time,False
SH002901,W03,ST08,CR03,2025-08-14,2025-08-15,2025-08-15,24.2,1752.79,On-time,False
SH002902,W03,ST08,CR01,2025-08-15,2025-08-16,2025-08-16,23.2,,On-time,False
SH002903,W03,ST08,CR03,2025-08-16,2025-08-17,2025-08-17,34.0,1877.52,On-time,False
SH002904,W01,ST08,CR01,2025-08-17,2025-08-19,2025-08-19,210.3,7990.03,On-time,False
SH002905,W02,ST08,CR01,2025-08-18,2025-08-21,2025-08-23,417.6,14984.44,Damaged,False
SH002906,W03,ST08,CR03,2025-08-19,2025-08-20,2025-08-20,27.5,1642.92,Damaged,False
SH002907,W01,ST08,CR03,2025-08-20,2025-08-22,2025-08-22,210.3,10549.83,On-time,False
SH002908,W03,ST08,CR05,2025-08-21,2025-08-22,2025-08-22,20.7,1486.0,On-time,False
SH002909,W03,ST08,CR05,2025-08-22,2025-08-23,2025-08-23,10.3,779.25,On-time,False
SH002910,W03,ST08,CR04,2025-08-23,2025-08-24,2025-08-28,17.1,918.53,Delayed,False
SH002911,W03,ST08,CR05,2025-08-24,2025-08-25,2025-08-25,16.6,1022.98,On-time,False
SH002912,W03,ST08,CR01,2025-08-25,2025-08-26,2025-08-26,18.0,941.6,On-time,False
SH002913,W03,ST08,CR01,2025-08-26,2025-08-27,2025-08-27,25.0,1707.59,On-time,False
SH002914,W03,ST08,CR04,2025-08-27,2025-08-28,2025-08-30,11.2,1097.26,Delayed,False
SH002915,W03,ST08,CR02,2025-08-28,2025-08-29,2025-08-29,13.0,925.3,On-time,False
SH002916,W03,ST08,CR03,2025-08-29,2025-08-30,2025-08-31,20.9,1411.81,Damaged,False
SH002917,W02,ST08,CR02,2025-08-30,2025-09-02,2025-09-02,417.6,16966.09,On-time,False
SH002918,W03,ST08,CR02,2025-08-31,2025-09-01,2025-09-02,17.0,1415.56,Delayed,False
SH002919,W03,ST08,CR01,2025-09-01,2025-09-02,2025-09-02,18.5,1318.73,On-time,False
SH002920,W03,ST08,CR03,2025-09-02,2025-09-03,2025-09-03,28.1,1889.58,On-time,False
SH002921,W03,ST08,CR03,2025-09-03,2025-09-04,2025-09-04,20.1,1522.34,On-time,False
SH002922,W02,ST08,CR05,2025-09-04,2025-09-07,2025-09-07,417.6,19287.88,On-time,False
SH002923,W03,ST08,CR04,2025-09-05,2025-09-06,2025-09-06,34.8,1696.57,On-time,False
SH002924,W03,ST08,CR03,2025-09-06,2025-09-07,2025-09-07,22.1,1203.77,On-time,False
SH002925,W03,ST08,CR02,2025-09-07,2025-09-08,2025-09-08,25.2,,On-time,False
SH002926,W03,ST08,CR04,2025-09-08,2025-09-09,2025-09-09,27.2,1415.14,On-time,False
SH002927,W03,ST08,CR04,2025-09-09,2025-09-10,2025-09-11,9.5,770.01,Delayed,False
SH002928,W03,ST08,CR03,2025-09-10,2025-09-11,2025-09-13,29.0,2222.56,Delayed,False
SH002929,W01,ST08,CR04,2025-09-11,2025-09-13,2025-09-14,210.3,10835.74,Delayed,False
SH002930,W03,ST08,CR02,2025-09-12,2025-09-13,2025-09-13,7.8,1018.09,On-time,False
SH002931,W03,ST08,CR01,2025-09-13,2025-09-14,2025-09-16,9.6,808.96,Delayed,False
SH002932,W03,ST99,CR01,2025-09-14,2025-09-15,2025-09-15,26.7,1705.9,On-time,True
SH002933,W03,ST08,CR01,2025-09-15,2025-09-16,2025-09-16,18.4,1482.25,On-time,False
SH002934,W03,ST08,CR01,2025-09-16,2025-09-17,2025-09-17,16.1,1726.47,On-time,False
SH002935,W03,ST08,CR03,2025-09-17,2025-09-18,2025-09-20,32.7,1597.61,Delayed,False
SH002936,W03,ST99,CR03,2025-09-18,2025-09-19,2025-09-23,20.8,1160.47,Delayed,True
SH002937,W03,ST08,CR03,2025-09-19,2025-09-20,2025-09-20,20.9,1045.23,On-time,False
SH002938,W03,ST08,CR05,2025-09-20,2025-09-21,2025-09-21,14.7,1127.59,On-time,False
SH002939,W03,ST08,CR01,2025-09-21,2025-09-22,2025-09-26,30.2,1801.29,Delayed,False
SH002940,W03,ST08,CR02,2025-09-22,2025-09-23,2025-09-25,11.5,821.61,Delayed,False
SH002941,W03,ST08,CR05,2025-09-23,2025-09-24,2025-09-26,13.9,1101.34,Delayed,False
SH002942,W03,ST08,CR01,2025-09-24,2025-09-25,2025-09-25,24.7,1717.84,On-time,False
SH002943,W01,ST08,CR02,2025-09-25,2025-09-27,2025-10-01,210.3,9242.07,Delayed,False
SH002944,W03,ST08,CR05,2025-09-26,2025-09-27,2025-09-27,14.0,856.47,On-time,False
SH002945,W03,ST08,CR02,2025-09-27,2025-09-28,2025-09-28,19.6,1464.45,On-time,False
SH002946,W03,ST08,CR02,2025-09-28,2025-09-29,2025-09-29,25.5,1650.55,On-time,False
SH002947,W03,ST08,CR02,2025-09-29,2025-09-30,2025-10-04,11.8,1091.71,Delayed,False
SH002948,W03,ST08,CR02,2025-09-30,2025-10-01,2025-10-02,16.0,1125.62,Delayed,False
SH002949,W03,ST08,CR05,2025-10-01,2025-10-02,2025-10-02,21.6,1331.95,On-time,False
SH002950,W03,ST08,CR02,2025-10-02,2025-10-03,2025-10-03,15.7,883.31,On-time,False
SH002951,W01,ST08,CR02,2025-10-03,2025-10-05,2025-10-05,210.3,9316.8,On-time,False
SH002952,W03,ST08,CR01,2025-10-04,2025-10-05,2025-10-05,17.3,1304.74,On-time,False
SH002953,W03,ST08,CR02,2025-10-05,2025-10-06,2025-10-06,8.0,905.93,On-time,False
SH002954,W01,ST08,CR02,2025-10-06,2025-10-08,2025-10-08,210.3,12650.62,On-time,False
SH002955,W03,ST08,CR02,2025-10-07,2025-10-08,2025-10-08,15.4,1095.19,On-time,False
SH002956,W03,ST08,CR02,2025-10-08,2025-10-09,2025-10-10,15.9,1270.95,Delayed,False
SH002957,W03,ST08,CR05,2025-10-09,2025-10-10,2025-10-10,33.1,1653.48,On-time,False
SH002958,W03,ST08,CR02,2025-10-10,2025-10-11,2025-10-11,18.6,1085.32,On-time,False
SH002959,W03,ST08,CR01,2025-10-11,2025-10-12,2025-10-12,28.8,1758.26,On-time,False
SH002960,W03,ST08,CR03,2025-10-12,2025-10-13,2025-10-13,19.1,1075.37,On-time,False
SH002961,W03,ST08,CR04,2025-10-13,2025-10-14,2025-10-14,21.7,1285.83,On-time,False
SH002962,W03,ST08,CR03,2025-10-14,2025-10-15,2025-10-15,10.4,1122.87,On-time,False
SH002963,W03,ST08,CR02,2025-10-15,2025-10-16,2025-10-16,16.9,880.69,On-time,False
SH002964,W03,ST08,CR04,2025-10-16,2025-10-17,2025-10-17,14.2,883.65,On-time,False
SH002965,W03,ST08,CR05,2025-10-17,2025-10-18,2025-10-18,12.9,1163.29,On-time,False
SH002966,W03,ST08,CR02,2025-10-18,2025-10-19,2025-10-20,17.9,1309.23,Delayed,False
SH002967,W03,ST08,CR03,2025-10-19,2025-10-20,2025-10-20,25.8,1713.71,On-time,False
SH002968,W03,ST08,CR03,2025-10-20,2025-10-21,2025-10-21,16.0,1161.18,On-time,False
SH002969,W03,ST08,CR02,2025-10-21,2025-10-22,2025-10-22,21.0,1150.31,On-time,False
SH002970,W03,ST08,CR02,2025-10-22,2025-10-23,2025-10-26,20.3,1742.53,Delayed,False
SH002971,W03,ST08,CR05,2025-10-23,2025-10-24,2025-10-24,30.6,1764.79,On-time,False
SH002972,W03,ST08,CR04,2025-10-24,2025-10-25,2025-10-25,23.4,1496.53,On-time,False
SH002973,W03,ST08,CR04,2025-10-25,2025-10-26,2025-10-26,28.7,1929.47,On-time,False
SH002974,W03,ST08,CR01,2025-10-26,2025-10-27,2025-10-27,24.1,1768.11,On-time,False
SH002975,W03,ST08,CR05,2025-10-27,2025-10-28,2025-10-28,16.9,1243.83,On-time,False
SH002976,W03,ST08,CR02,2025-10-28,2025-10-29,2025-10-29,13.4,1466.01,Damaged,False
SH002977,W03,ST08,CR04,2025-10-29,2025-10-30,2025-11-02,27.1,1886.88,Delayed,False
SH002978,W03,ST08,CR05,2025-10-30,2025-10-31,2025-10-31,20.4,1447.55,On-time,False
SH002979,W03,ST08,CR04,2025-10-31,2025-11-01,2025-11-01,9.8,787.13,On-time,False
SH002980,W03,ST08,CR01,2025-11-01,2025-11-02,2025-11-02,12.8,1159.37,On-time,False
SH002981,W03,ST08,CR01,2025-11-02,2025-11-03,2025-11-03,20.4,1076.86,On-time,False
SH002982,W03,ST08,CR05,2025-11-03,2025-11-04,2025-11-04,26.5,1696.41,On-time,False
SH002983,W03,ST08,CR05,2025-11-04,2025-11-05,2025-11-05,33.3,1858.59,On-time,False
SH002984,W03,ST08,CR03,2025-11-05,2025-11-06,2025-11-06,31.2,1721.92,On-time,False
SH002985,W01,ST08,CR02,2025-11-06,2025-11-08,2025-11-10,210.3,9992.97,Delayed,False
SH002986,W03,ST08,CR05,2025-11-07,2025-11-08,2025-11-08,21.5,959.61,On-time,False
SH002987,W03,ST08,CR02,2025-11-08,2025-11-09,2025-11-09,27.0,1600.32,On-time,False
SH002988,W03,ST08,CR04,2025-11-09,2025-11-10,2025-11-10,30.9,2023.17,On-time,False
SH002989,W03,ST08,CR03,2025-11-10,2025-11-11,2025-11-11,17.7,1249.34,On-time,False
SH002990,W03,ST08,CR05,2025-11-11,2025-11-12,2025-11-12,20.0,1616.06,On-time,False
SH002991,W03,ST08,CR02,2025-11-12,2025-11-13,2025-11-13,32.5,2329.15,On-time,False
SH002992,W03,ST08,CR01,2025-11-13,2025-11-14,2025-11-14,18.9,1762.13,On-time,False
SH002993,W03,ST08,CR05,2025-11-14,2025-11-15,2025-11-15,17.1,1148.62,On-time,False
SH002994,W03,ST08,CR02,2025-11-15,2025-11-16,2025-11-18,32.2,1354.73,Delayed,False
SH002995,W03,ST08,CR04,2025-11-16,2025-11-17,2025-11-17,24.2,,On-time,False
SH002996,W03,ST08,CR03,2025-11-17,2025-11-18,2025-11-18,10.3,948.75,On-time,False
SH002997,W03,ST08,CR01,2025-11-18,2025-11-19,2025-11-19,34.1,2074.81,On-time,False
SH002998,W03,ST08,CR01,2025-11-19,2025-11-20,2025-11-20,18.0,1593.07,On-time,False
SH002999,W03,ST08,CR01,2025-11-20,2025-11-21,2025-11-21,12.6,1323.58,On-time,False
SH003000,W03,ST08,CR05,2025-11-21,2025-11-22,2025-11-22,13.2,1484.0,On-time,False
SH003001,W03,ST08,CR01,2025-11-22,2025-11-23,2025-11-25,20.6,1362.54,Delayed,False
SH003002,W03,ST08,CR02,2025-11-23,2025-11-24,2025-11-24,21.5,1226.05,On-time,False
SH003003,W03,ST08,CR04,2025-11-24,2025-11-25,2025-11-25,34.6,1989.59,On-time,False
SH003004,W03,ST08,CR04,2025-11-25,2025-11-26,2025-11-26,14.9,807.05,On-time,False
SH003005,W03,ST08,CR05,2025-11-26,2025-11-27,2025-11-27,9.5,987.66,On-time,False
SH003006,W03,ST08,CR05,2025-11-27,2025-11-28,2025-11-28,15.2,1158.86,On-time,False
SH003007,W03,ST08,CR02,2025-11-28,2025-11-29,2025-11-29,24.0,1680.33,On-time,False
SH003008,W03,ST08,CR02,2025-11-29,2025-11-30,2025-11-30,25.7,1113.05,On-time,False
SH003009,W03,ST08,CR03,2025-11-30,2025-12-01,2025-12-03,29.6,1824.68,Delayed,False
SH003010,W01,ST08,CR05,2025-12-01,2025-12-03,2025-12-03,210.3,11185.44,On-time,False
SH003011,W03,ST08,CR02,2025-12-02,2025-12-03,2025-12-03,8.2,689.0,On-time,False
SH003012,W03,ST08,CR04,2025-12-03,2025-12-04,2025-12-04,27.8,1761.0,On-time,False
SH003013,W03,ST08,CR03,2025-12-04,2025-12-05,2025-12-05,22.3,1617.16,On-time,False
SH003014,W03,ST08,CR05,2025-12-05,2025-12-06,2025-12-06,11.1,718.53,On-time,False
SH003015,W03,ST08,CR05,2025-12-06,2025-12-07,2025-12-07,16.1,1112.7,On-time,False
SH003016,W03,ST08,CR03,2025-12-07,2025-12-08,2025-12-08,9.8,1162.03,On-time,False
SH003017,W03,ST08,CR02,2025-12-08,2025-12-09,2025-12-09,11.3,757.27,On-time,False
SH003018,W03,ST08,CR05,2025-12-09,2025-12-10,2025-12-10,27.7,1724.51,On-time,False
SH003019,W03,ST08,CR02,2025-12-10,2025-12-11,2025-12-11,11.9,982.89,On-time,False
SH003020,W03,ST08,CR02,2025-12-11,2025-12-12,2025-12-12,24.5,1893.53,On-time,False
SH003021,W03,ST08,CR02,2025-12-12,2025-12-13,2025-12-13,8.8,1156.54,On-time,False
SH003022,W03,ST08,CR05,2025-12-13,2025-12-14,2025-12-14,6.3,1204.67,On-time,False
SH003023,W03,ST08,CR02,2025-12-14,2025-12-15,2025-12-15,24.6,1580.66,On-time,False
SH003024,W03,ST08,CR01,2025-12-15,2025-12-16,2025-12-16,30.0,1653.93,On-time,False
SH003025,W03,ST08,CR05,2025-12-16,2025-12-17,2025-12-17,21.9,1671.85,Lost,False
SH003026,W03,ST08,CR01,2025-12-17,2025-12-18,2025-12-18,34.6,1565.0,On-time,False
SH003027,W03,ST08,CR01,2025-12-18,2025-12-19,2025-12-19,28.0,1546.26,On-time,False
SH003028,W03,ST08,CR02,2025-12-19,2025-12-20,2025-12-20,28.0,1309.07,On-time,False
SH003029,W03,ST08,CR04,2025-12-20,2025-12-21,2025-12-21,30.6,1416.72,On-time,False
SH003030,W01,ST08,CR03,2025-12-21,2025-12-23,2025-12-23,210.3,8947.53,On-time,False
SH003031,W03,ST08,CR02,2025-12-22,2025-12-23,2025-12-23,18.5,1337.84,On-time,False
SH003032,W03,ST08,CR04,2025-12-23,2025-12-24,2025-12-25,11.4,826.96,Delayed,False
SH003033,W03,ST08,CR04,2025-12-24,2025-12-25,2025-12-25,14.4,859.81,On-time,False
SH003034,W03,ST08,CR03,2025-12-25,2025-12-26,2025-12-26,8.7,990.82,On-time,False
SH003035,W03,ST08,CR01,2025-12-26,2025-12-27,2025-12-27,20.0,1968.69,On-time,False
SH003036,W03,ST08,CR01,2025-12-27,2025-12-28,2025-12-28,33.9,1865.06,On-time,False
SH003037,W03,ST08,CR02,2025-12-28,2025-12-29,2025-12-29,29.9,1677.86,On-time,False
SH003038,W02,ST08,CR03,2025-12-29,2026-01-01,,417.6,17516.94,In-Transit,False
SH003039,W03,ST08,CR05,2025-12-30,2025-12-31,2025-12-31,19.5,1085.08,On-time,False
SH003040,W03,ST08,CR01,2025-12-31,2026-01-01,,10.8,1129.57,In-Transit,False
SH003041,W01,ST09,CR05,2024-01-04,2024-01-05,2024-01-05,17.0,1583.85,On-time,False
SH003042,W01,ST09,CR03,2024-01-05,2024-01-06,2024-01-06,27.0,1926.52,On-time,False
SH003043,W01,ST09,CR05,2024-01-06,2024-01-07,2024-01-07,21.1,2188.34,On-time,False
SH003044,W01,ST09,CR01,2024-01-07,2024-01-08,2024-01-08,19.1,1338.12,On-time,False
SH003045,W01,ST09,CR05,2024-01-08,2024-01-09,2024-01-09,16.7,1079.64,On-time,False
SH003046,W01,ST09,CR03,2024-01-09,2024-01-10,2024-01-10,22.7,1425.78,On-time,False
SH003047,W01,ST09,CR03,2024-01-10,2024-01-11,2024-01-11,26.0,1516.01,On-time,False
SH003048,W01,ST09,CR04,2024-01-11,2024-01-12,2024-01-14,22.3,1808.74,Delayed,False
SH003049,W01,ST09,CR01,2024-01-12,2024-01-13,2024-01-13,33.8,1566.48,On-time,False
SH003050,W01,ST09,CR04,2024-01-13,2024-01-14,2024-01-14,15.0,1729.59,On-time,False
SH003051,W02,ST09,CR01,2024-01-14,2024-01-16,2024-01-16,221.4,11364.34,On-time,False
SH003052,W01,ST09,CR01,2024-01-15,2024-01-16,2024-01-16,18.5,1088.37,On-time,False
SH003053,W01,ST09,CR02,2024-01-16,2024-01-17,2024-01-17,33.6,1966.9,On-time,False
SH003054,W02,ST09,CR01,2024-01-17,2024-01-19,2024-01-19,221.4,8264.75,On-time,False
SH003055,W01,ST09,CR01,2024-01-18,2024-01-19,2024-01-19,9.5,1276.43,On-time,False
SH003056,W01,ST09,CR02,2024-01-19,2024-01-20,2024-01-22,8.3,641.51,Delayed,False
SH003057,W01,ST09,CR03,2024-01-20,2024-01-21,2024-01-21,12.4,1390.09,On-time,False
SH003058,W01,ST09,CR03,2024-01-21,2024-01-22,2024-01-22,31.9,1663.16,On-time,False
SH003059,W01,ST09,CR03,2024-01-22,2024-01-23,2024-01-23,13.0,1002.36,On-time,False
SH003060,W01,ST09,CR03,2024-01-23,2024-01-24,2024-01-24,28.9,1374.52,On-time,False
SH003061,W01,ST09,CR01,2024-01-24,2024-01-25,2024-01-25,17.6,1098.86,On-time,False
SH003062,W01,ST09,CR02,2024-01-25,2024-01-26,2024-01-30,30.0,2010.69,Delayed,False
SH003063,W01,ST09,CR01,2024-01-26,2024-01-27,2024-01-27,27.3,1166.37,On-time,False
SH003064,W01,ST09,CR04,2024-01-27,2024-01-28,2024-01-28,30.0,1863.18,On-time,False
SH003065,W01,ST09,CR02,2024-01-28,2024-01-29,2024-01-29,8.9,996.93,On-time,False
SH003066,W01,ST09,CR05,2024-01-29,2024-01-30,2024-02-03,16.6,1146.3,Delayed,False
SH003067,W01,ST09,CR04,2024-01-30,2024-01-31,2024-01-31,17.3,1491.27,On-time,False
SH003068,W01,ST09,CR02,2024-01-31,2024-02-01,2024-02-01,18.7,2174.44,On-time,False
SH003069,W01,ST09,CR02,2024-02-01,2024-02-02,2024-02-03,11.8,797.41,Delayed,False
SH003070,W01,ST09,CR03,2024-02-02,2024-02-03,2024-02-07,28.8,1701.08,Delayed,False
SH003071,W01,ST09,CR05,2024-02-03,2024-02-04,2024-02-04,16.6,1229.09,On-time,False
SH003072,W01,ST09,CR02,2024-02-04,2024-02-05,2024-02-05,31.6,1617.4,On-time,False
SH003073,W01,ST09,CR01,2024-02-05,2024-02-06,2024-02-06,11.4,928.12,On-time,False
SH003074,W01,ST09,CR01,2024-02-06,2024-02-07,2024-02-07,28.2,1797.62,On-time,False
SH003075,W01,ST09,CR05,2024-02-07,2024-02-08,2024-02-08,34.3,2379.48,On-time,False
SH003076,W02,ST09,CR03,2024-02-08,2024-02-10,2024-02-14,221.4,10107.49,Delayed,False
SH003077,W01,ST09,CR03,2024-02-09,2024-02-10,2024-02-13,20.4,2297.32,Delayed,False
SH003078,W01,ST09,CR03,2024-02-10,2024-02-11,2024-02-11,22.4,1288.59,On-time,False
SH003079,W01,ST09,CR03,2024-02-11,2024-02-12,2024-02-12,33.9,2428.19,On-time,False
SH003080,W01,ST09,CR02,2024-02-12,2024-02-13,2024-02-13,5.8,886.66,On-time,False
SH003081,W01,ST09,CR02,2024-02-13,2024-02-14,2024-02-14,12.7,1053.28,On-time,False
SH003082,W01,ST09,CR01,2024-02-14,2024-02-15,2024-02-15,33.8,1870.82,On-time,False
SH003083,W01,ST09,CR04,2024-02-15,2024-02-16,2024-02-16,30.3,1880.99,On-time,False
SH003084,W02,ST09,CR03,2024-02-16,2024-02-18,2024-02-19,221.4,10878.3,Delayed,False
SH003085,W01,ST09,CR05,2024-02-17,2024-02-18,2024-02-18,10.8,860.89,On-time,False
SH003086,W01,ST09,CR01,2024-02-18,2024-02-19,2024-02-19,31.5,1832.34,On-time,False
SH003087,W01,ST09,CR02,2024-02-19,2024-02-20,2024-02-20,19.3,1499.95,On-time,False
SH003088,W03,ST09,CR03,2024-02-20,2024-02-22,2024-02-22,210.3,7127.12,On-time,False
SH003089,W01,ST09,CR04,2024-02-21,2024-02-22,2024-02-22,21.9,1167.3,On-time,False
SH003090,W01,ST09,CR01,2024-02-22,2024-02-23,2024-02-23,33.4,1572.83,On-time,False
SH003091,W01,ST09,CR01,2024-02-23,2024-02-24,2024-02-24,12.6,,On-time,False
SH003092,W03,ST09,CR05,2024-02-24,2024-02-26,2024-02-29,210.3,12342.89,Delayed,False
SH003093,W01,ST09,CR01,2024-02-25,2024-02-26,2024-02-26,17.4,1275.25,On-time,False
SH003094,W01,ST09,CR01,2024-02-26,2024-02-27,2024-02-27,17.0,1091.88,On-time,False
SH003095,W01,ST09,CR04,2024-02-27,2024-02-28,2024-02-28,19.4,1145.92,Damaged,False
SH003096,W01,ST09,CR03,2024-02-28,2024-02-29,2024-02-29,31.9,1869.32,On-time,False
SH003097,W01,ST09,CR05,2024-02-29,2024-03-01,2024-03-01,17.0,1366.0,On-time,False
SH003098,W03,ST09,CR01,2024-03-01,2024-03-03,2024-03-07,210.3,8661.61,Delayed,False
SH003099,W01,ST09,CR01,2024-03-02,2024-03-03,2024-03-03,19.6,1051.68,On-time,False
SH003100,W01,ST09,CR01,2024-03-03,2024-03-04,2024-03-04,17.1,1429.87,On-time,False
SH003101,W01,ST09,CR03,2024-03-04,2024-03-05,2024-03-05,10.0,775.18,On-time,False
SH003102,W01,ST09,CR02,2024-03-05,2024-03-06,2024-03-06,20.4,1138.34,On-time,False
SH003103,W01,ST09,CR01,2024-03-06,2024-03-07,2024-03-07,13.8,1357.09,On-time,False
SH003104,W01,ST09,CR05,2024-03-07,2024-03-08,2024-03-08,20.6,1196.51,On-time,False
SH003105,W02,ST09,CR02,2024-03-08,2024-03-10,2024-03-10,221.4,11694.68,On-time,False
SH003106,W03,ST09,CR02,2024-03-09,2024-03-11,2024-03-11,210.3,12849.88,On-time,False
SH003107,W01,ST09,CR01,2024-03-10,2024-03-11,2024-03-11,18.3,1304.54,On-time,False
SH003108,W01,ST09,CR01,2024-03-11,2024-03-12,2024-03-12,21.0,1474.4,On-time,False
SH003109,W01,ST09,CR02,2024-03-12,2024-03-13,2024-03-13,9.4,913.58,On-time,False
SH003110,W01,ST09,CR04,2024-03-13,2024-03-14,2024-03-18,32.8,2045.77,Delayed,False
SH003111,W01,ST09,CR05,2024-03-14,2024-03-15,2024-03-15,22.5,1424.6,On-time,False
SH003112,W01,ST09,CR05,2024-03-15,2024-03-16,2024-03-16,25.2,1101.3,On-time,False
SH003113,W03,ST09,CR04,2024-03-16,2024-03-18,2024-03-18,210.3,9101.74,On-time,False
SH003114,W01,ST09,CR01,2024-03-17,2024-03-18,2024-03-18,13.5,954.32,On-time,False
SH003115,W01,ST09,CR03,2024-03-18,2024-03-19,2024-03-19,25.4,1458.61,On-time,False
SH003116,W02,ST09,CR03,2024-03-19,2024-03-21,2024-03-21,221.4,12805.46,On-time,False
SH003117,W01,ST09,CR03,2024-03-20,2024-03-21,2024-03-21,10.9,1384.46,On-time,False
SH003118,W01,ST09,CR03,2024-03-21,2024-03-22,2024-03-22,29.6,1739.29,On-time,False
SH003119,W01,ST09,CR03,2024-03-22,2024-03-23,2024-03-24,16.1,1293.53,Delayed,False
SH003120,W01,ST09,CR04,2024-03-23,2024-03-24,2024-03-24,12.8,971.67,Damaged,False
SH003121,W01,ST09,CR01,2024-03-24,2024-03-25,2024-03-26,27.9,1919.58,Damaged,False
SH003122,W01,ST09,CR04,2024-03-25,2024-03-26,2024-03-26,32.9,1923.99,On-time,False
SH003123,W01,ST09,CR02,2024-03-26,2024-03-27,2024-03-27,8.6,770.88,On-time,False
SH003124,W01,ST09,CR05,2024-03-27,2024-03-28,2024-03-28,32.4,1741.48,On-time,False
SH003125,W01,ST09,CR04,2024-03-28,2024-03-29,2024-03-29,8.0,1135.99,On-time,False
SH003126,W02,ST09,CR02,2024-03-29,2024-03-31,2024-04-03,221.4,11429.72,Delayed,False
SH003127,W01,ST09,CR02,2024-03-30,2024-03-31,2024-04-02,27.5,1454.03,Delayed,False
SH003128,W01,ST09,CR02,2024-03-31,2024-04-01,2024-04-04,26.9,1600.02,Delayed,False
SH003129,W01,ST09,CR01,2024-04-01,2024-04-02,2024-04-02,13.7,1104.89,On-time,False
SH003130,W01,ST09,CR05,2024-04-02,2024-04-03,2024-04-03,10.9,947.83,On-time,False
SH003131,W01,ST09,CR02,2024-04-03,2024-04-04,2024-04-04,11.6,1083.16,On-time,False
SH003132,W01,ST09,CR05,2024-04-04,2024-04-05,2024-04-05,32.1,1677.62,On-time,False
SH003133,W01,ST09,CR02,2024-04-05,2024-04-06,2024-04-07,23.4,1300.1,Delayed,False
SH003134,W01,ST09,CR03,2024-04-06,2024-04-07,2024-04-07,19.2,1529.61,On-time,False
SH003135,W01,ST09,CR01,2024-04-07,2024-04-08,2024-04-08,25.6,1557.73,On-time,False
SH003136,W01,ST09,CR04,2024-04-08,2024-04-09,2024-04-09,24.3,1319.08,Damaged,False
SH003137,W01,ST09,CR05,2024-04-09,2024-04-10,2024-04-11,11.6,1010.28,Damaged,False
SH003138,W01,ST09,CR01,2024-04-10,2024-04-11,2024-04-11,34.5,1681.75,On-time,False
SH003139,W01,ST09,CR01,2024-04-11,2024-04-12,2024-04-12,14.6,1166.34,On-time,False
SH003140,W01,ST09,CR05,2024-04-12,2024-04-13,2024-04-14,6.3,713.12,Delayed,False
SH003141,W01,ST09,CR01,2024-04-13,2024-04-14,2024-04-14,21.3,1134.67,On-time,False
SH003142,W01,ST09,CR01,2024-04-14,2024-04-15,2024-04-15,21.7,1151.62,On-time,False
SH003143,W01,ST09,CR01,2024-04-15,2024-04-16,2024-04-16,6.8,,On-time,False
SH003144,W01,ST09,CR03,2024-04-16,2024-04-17,2024-04-17,10.2,1041.7,On-time,False
SH003145,W01,ST09,CR04,2024-04-17,2024-04-18,2024-04-20,22.9,1436.18,Delayed,False
SH003146,W01,ST09,CR03,2024-04-18,2024-04-19,2024-04-23,10.8,718.35,Delayed,False
SH003147,W01,ST09,CR04,2024-04-19,2024-04-20,2024-04-22,16.7,1057.39,Delayed,False
SH003148,W01,ST09,CR05,2024-04-20,2024-04-21,2024-04-21,19.8,1160.02,On-time,False
SH003149,W01,ST09,CR01,2024-04-21,2024-04-22,2024-04-22,15.9,1074.0,On-time,False
SH003150,W01,ST09,CR05,2024-04-22,2024-04-23,2024-04-23,26.0,1588.27,On-time,False
SH003151,W01,ST09,CR01,2024-04-23,2024-04-24,2024-04-24,34.5,1910.37,On-time,False
SH003152,W01,ST09,CR02,2024-04-24,2024-04-25,2024-04-25,9.7,771.42,Damaged,False
SH003153,W01,ST09,CR05,2024-04-25,2024-04-26,2024-04-26,29.9,1798.99,On-time,False
SH003154,W01,ST09,CR05,2024-04-26,2024-04-27,2024-04-27,23.2,1870.07,On-time,False
SH003155,W01,ST09,CR04,2024-04-27,2024-04-28,2024-04-28,7.9,903.5,On-time,False
SH003156,W01,ST09,CR02,2024-04-28,2024-04-29,2024-05-01,15.0,1098.33,Delayed,False
SH003157,W02,ST09,CR03,2024-04-29,2024-05-01,2024-05-02,221.4,9858.17,Delayed,False
SH003158,W01,ST09,CR03,2024-04-30,2024-05-01,2024-05-01,26.3,1201.98,On-time,False
SH003159,W01,ST09,CR03,2024-05-01,2024-05-02,2024-05-02,34.1,2065.1,On-time,False
SH003160,W01,ST09,CR05,2024-05-02,2024-05-03,2024-05-03,14.8,838.15,On-time,False
SH003161,W01,ST09,CR04,2024-05-03,2024-05-04,2024-05-08,19.3,,Delayed,False
SH003162,W01,ST09,CR05,2024-05-04,2024-05-05,2024-05-05,20.1,1351.85,Damaged,False
SH003163,W01,ST09,CR01,2024-05-05,2024-05-06,2024-05-06,15.1,907.69,On-time,False
SH003164,W01,ST09,CR04,2024-05-06,2024-05-07,2024-05-07,9.1,810.79,Damaged,False
SH003165,W01,ST09,CR05,2024-05-07,2024-05-08,2024-05-08,17.4,1045.94,On-time,False
SH003166,W01,ST09,CR02,2024-05-08,2024-05-09,2024-05-13,27.6,1807.92,Delayed,False
SH003167,W01,ST09,CR03,2024-05-09,2024-05-10,2024-05-10,20.7,1925.7,On-time,False
SH003168,W01,ST09,CR03,2024-05-10,2024-05-11,2024-05-11,20.4,1471.2,On-time,False
SH003169,W01,ST09,CR05,2024-05-11,2024-05-12,2024-05-12,20.8,1316.97,On-time,False
SH003170,W01,ST09,CR02,2024-05-12,2024-05-13,2024-05-16,9.5,673.32,Delayed,False
SH003171,W01,ST09,CR02,2024-05-13,2024-05-14,2024-05-14,31.7,1387.27,On-time,False
SH003172,W03,ST09,CR05,2024-05-14,2024-05-16,2024-05-16,210.3,7866.65,On-time,False
SH003173,W01,ST09,CR02,2024-05-15,2024-05-16,2024-05-16,21.6,1838.1,On-time,False
SH003174,W03,ST09,CR01,2024-05-16,2024-05-18,2024-05-22,210.3,11050.34,Delayed,False
SH003175,W01,ST09,CR04,2024-05-17,2024-05-18,2024-05-18,28.2,1782.3,On-time,False
SH003176,W01,ST09,CR04,2024-05-18,2024-05-19,2024-05-19,30.4,2129.91,On-time,False
SH003177,W01,ST09,CR04,2024-05-19,2024-05-20,2024-05-20,20.2,1290.33,On-time,False
SH003178,W01,ST09,CR01,2024-05-20,2024-05-21,2024-05-21,16.6,1398.03,On-time,False
SH003179,W01,ST09,CR03,2024-05-21,2024-05-22,2024-05-22,24.1,1743.91,On-time,False
SH003180,W03,ST09,CR01,2024-05-22,2024-05-24,2024-05-24,210.3,,On-time,False
SH003181,W01,ST09,CR05,2024-05-23,2024-05-24,2024-05-24,33.3,1940.19,On-time,False
SH003182,W01,ST09,CR02,2024-05-24,2024-05-25,2024-05-25,23.4,1328.48,On-time,False
SH003183,W01,ST09,CR01,2024-05-25,2024-05-26,2024-05-26,30.5,2156.19,On-time,False
SH003184,W01,ST09,CR03,2024-05-26,2024-05-27,2024-05-27,8.7,689.63,On-time,False
SH003185,W01,ST09,CR03,2024-05-27,2024-05-28,2024-05-28,18.1,2128.04,On-time,False
SH003186,W01,ST09,CR02,2024-05-28,2024-05-29,2024-05-29,21.4,1502.21,On-time,False
SH003187,W01,ST09,CR05,2024-05-29,2024-05-30,2024-05-30,10.6,1004.44,On-time,False
SH003188,W03,ST09,CR03,2024-05-30,2024-06-01,2024-06-01,210.3,9637.07,On-time,False
SH003189,W01,ST09,CR03,2024-05-31,2024-06-01,2024-06-01,14.5,826.87,On-time,False
SH003190,W03,ST09,CR05,2024-06-01,2024-06-03,2024-06-03,210.3,10692.4,On-time,False
SH003191,W01,ST09,CR04,2024-06-02,2024-06-03,2024-06-07,12.3,945.94,Delayed,False
SH003192,W01,ST09,CR03,2024-06-03,2024-06-04,2024-06-04,27.2,1632.71,On-time,False
SH003193,W01,ST09,CR03,2024-06-04,2024-06-05,2024-06-05,16.2,1936.28,On-time,False
SH003194,W01,ST09,CR03,2024-06-05,2024-06-06,2024-06-06,23.9,1264.54,On-time,False
SH003195,W01,ST09,CR04,2024-06-06,2024-06-07,2024-06-10,10.0,946.38,Delayed,False
SH003196,W01,ST09,CR01,2024-06-07,2024-06-08,2024-06-08,11.1,1058.98,On-time,False
SH003197,W01,ST09,CR02,2024-06-08,2024-06-09,2024-06-12,24.4,,Delayed,False
SH003198,W01,ST09,CR02,2024-06-09,2024-06-10,2024-06-10,26.2,1777.0,On-time,False
SH003199,W01,ST09,CR05,2024-06-10,2024-06-11,2024-06-11,13.9,957.16,On-time,False
SH003200,W01,ST09,CR05,2024-06-11,2024-06-12,2024-06-12,9.6,882.62,On-time,False
SH003201,W01,ST09,CR04,2024-06-12,2024-06-13,2024-06-13,28.0,1722.34,On-time,False
SH003202,W01,ST09,CR02,2024-06-13,2024-06-14,2024-06-16,15.1,1258.32,Delayed,False
SH003203,W01,ST09,CR01,2024-06-14,2024-06-15,2024-06-19,15.4,863.37,Delayed,False
SH003204,W01,ST09,CR03,2024-06-15,2024-06-16,2024-06-16,30.1,1799.48,On-time,False
SH003205,W01,ST09,CR04,2024-06-16,2024-06-17,2024-06-20,31.1,1814.8,Delayed,False
SH003206,W01,ST09,CR04,2024-06-17,2024-06-18,2024-06-18,15.3,1263.48,On-time,False
SH003207,W01,ST09,CR03,2024-06-18,2024-06-19,2024-06-19,16.0,1383.76,On-time,False
SH003208,W01,ST09,CR02,2024-06-19,2024-06-20,2024-06-22,33.4,1875.54,Delayed,False
SH003209,W01,ST09,CR05,2024-06-20,2024-06-21,2024-06-21,15.8,1061.37,On-time,False
SH003210,W01,ST09,CR03,2024-06-21,2024-06-22,2024-06-22,21.9,1694.67,On-time,False
SH003211,W01,ST09,CR02,2024-06-22,2024-06-23,2024-06-23,16.0,1789.02,On-time,False
SH003212,W03,ST09,CR02,2024-06-23,2024-06-25,2024-06-25,210.3,9041.24,On-time,False
SH003213,W01,ST09,CR03,2024-06-24,2024-06-25,2024-06-25,12.6,754.86,On-time,False
SH003214,W01,ST09,CR04,2024-06-25,2024-06-26,2024-06-26,34.4,1562.12,On-time,False
SH003215,W01,ST09,CR03,2024-06-26,2024-06-27,2024-06-27,22.6,1647.96,On-time,False
SH003216,W01,ST09,CR04,2024-06-27,2024-06-28,2024-06-30,24.3,1713.26,Delayed,False
SH003217,W02,ST09,CR02,2024-06-28,2024-06-30,2024-07-01,221.4,11177.75,Delayed,False
SH003218,W01,ST09,CR03,2024-06-29,2024-06-30,2024-06-30,15.3,888.49,On-time,False
SH003219,W01,ST09,CR01,2024-06-30,2024-07-01,2024-07-01,13.5,1079.06,On-time,False
SH003220,W03,ST09,CR05,2024-07-01,2024-07-03,2024-07-03,210.3,8809.12,On-time,False
SH003221,W01,ST09,CR03,2024-07-02,2024-07-03,2024-07-03,8.3,751.27,On-time,False
SH003222,W01,ST09,CR04,2024-07-03,2024-07-04,2024-07-05,21.6,2233.37,Delayed,False
SH003223,W01,ST09,CR03,2024-07-04,2024-07-05,2024-07-06,27.2,1276.48,Delayed,False
SH003224,W01,ST09,CR04,2024-07-05,2024-07-06,2024-07-06,19.8,,On-time,False
SH003225,W01,ST09,CR01,2024-07-06,2024-07-07,2024-07-07,27.1,1790.25,Damaged,False
SH003226,W01,ST09,CR03,2024-07-07,2024-07-08,2024-07-08,16.5,1099.11,On-time,False
SH003227,W01,ST09,CR03,2024-07-08,2024-07-09,2024-07-09,13.5,1121.93,On-time,False
SH003228,W01,ST09,CR05,2024-07-09,2024-07-10,2024-07-10,12.6,966.0,On-time,False
SH003229,W01,ST09,CR05,2024-07-10,2024-07-11,2024-07-11,25.8,1419.32,Damaged,False
SH003230,W01,ST09,CR05,2024-07-11,2024-07-12,2024-07-15,10.2,934.47,Delayed,False
SH003231,W01,ST09,CR05,2024-07-12,2024-07-13,2024-07-14,34.9,1770.31,Delayed,False
SH003232,W01,ST09,CR04,2024-07-13,2024-07-14,2024-07-16,10.5,981.07,Delayed,False
SH003233,W02,ST09,CR02,2024-07-14,2024-07-16,2024-07-16,221.4,11446.13,On-time,False
SH003234,W01,ST09,CR05,2024-07-15,2024-07-16,2024-07-16,33.1,2063.37,On-time,False
SH003235,W01,ST09,CR04,2024-07-16,2024-07-17,2024-07-17,19.4,1518.59,On-time,False
SH003236,W01,ST09,CR04,2024-07-17,2024-07-18,2024-07-22,12.2,845.82,Delayed,False
SH003237,W01,ST09,CR05,2024-07-18,2024-07-19,2024-07-19,33.5,1780.47,On-time,False
SH003238,W01,ST09,CR03,2024-07-19,2024-07-20,2024-07-22,8.6,680.59,Delayed,False
SH003239,W01,ST09,CR04,2024-07-20,2024-07-21,2024-07-25,16.3,1183.1,Delayed,False
SH003240,W01,ST09,CR03,2024-07-21,2024-07-22,2024-07-26,24.3,1517.36,Delayed,False
SH003241,W01,ST09,CR03,2024-07-22,2024-07-23,2024-07-23,26.9,1706.62,On-time,False
SH003242,W01,ST09,CR05,2024-07-23,2024-07-24,2024-07-24,23.3,1566.14,On-time,False
SH003243,W01,ST09,CR01,2024-07-24,2024-07-25,2024-07-25,11.2,1131.72,On-time,False
SH003244,W01,ST09,CR03,2024-07-25,2024-07-26,2024-07-26,7.5,674.9,On-time,False
SH003245,W01,ST09,CR05,2024-07-26,2024-07-27,2024-07-27,30.8,1611.11,On-time,False
SH003246,W01,ST09,CR01,2024-07-27,2024-07-28,2024-08-01,24.5,1104.61,Delayed,False
SH003247,W03,ST09,CR01,2024-07-28,2024-07-30,2024-08-02,210.3,10989.54,Delayed,False
SH003248,W01,ST09,CR04,2024-07-29,2024-07-30,2024-07-30,25.4,1310.43,On-time,False
SH003249,W01,ST09,CR04,2024-07-30,2024-07-31,2024-08-02,12.5,982.9,Delayed,False
SH003250,W01,ST09,CR02,2024-07-31,2024-08-01,2024-08-01,21.7,1568.29,On-time,False
SH003251,W01,ST09,CR02,2024-08-01,2024-08-02,2024-08-02,28.9,1857.78,On-time,False
SH003252,W03,ST09,CR04,2024-08-02,2024-08-04,2024-08-08,210.3,11620.86,Delayed,False
SH003253,W01,ST09,CR05,2024-08-03,2024-08-04,2024-08-04,31.0,1678.36,On-time,False
SH003254,W01,ST09,CR03,2024-08-04,2024-08-05,2024-08-09,31.4,1870.34,Delayed,False
SH003255,W01,ST09,CR02,2024-08-05,2024-08-06,2024-08-06,19.8,1534.72,On-time,False
SH003256,W01,ST09,CR01,2024-08-06,2024-08-07,2024-08-07,29.1,1665.33,On-time,False
SH003257,W01,ST09,CR01,2024-08-07,2024-08-08,2024-08-12,19.9,1451.0,Delayed,False
SH003258,W01,ST09,CR01,2024-08-08,2024-08-09,2024-08-09,16.7,1275.51,On-time,False
SH003259,W01,ST09,CR05,2024-08-09,2024-08-10,2024-08-10,13.2,956.01,On-time,False
SH003260,W01,ST09,CR03,2024-08-10,2024-08-11,2024-08-14,13.3,1214.19,Delayed,False
SH003261,W01,ST09,CR01,2024-08-11,2024-08-12,2024-08-12,17.1,1250.82,On-time,False
SH003262,W01,ST09,CR03,2024-08-12,2024-08-13,2024-08-13,31.6,1717.09,On-time,False
SH003263,W01,ST09,CR01,2024-08-13,2024-08-14,2024-08-14,21.0,1387.77,On-time,False
SH003264,W02,ST09,CR04,2024-08-14,2024-08-16,2024-08-19,221.4,10397.73,Delayed,False
SH003265,W01,ST09,CR05,2024-08-15,2024-08-16,2024-08-16,13.2,800.44,On-time,False
SH003266,W01,ST09,CR02,2024-08-16,2024-08-17,2024-08-17,21.6,1178.29,On-time,False
SH003267,W01,ST09,CR02,2024-08-17,2024-08-18,2024-08-18,34.7,2035.41,On-time,False
SH003268,W01,ST09,CR01,2024-08-18,2024-08-19,2024-08-19,9.9,,On-time,False
SH003269,W01,ST09,CR05,2024-08-19,2024-08-20,2024-08-20,20.3,1950.53,On-time,False
SH003270,W01,ST09,CR01,2024-08-20,2024-08-21,2024-08-22,33.0,1939.21,Delayed,False
SH003271,W01,ST09,CR01,2024-08-21,2024-08-22,2024-08-22,16.7,867.29,On-time,False
SH003272,W01,ST09,CR04,2024-08-22,2024-08-23,2024-08-23,24.3,1494.2,On-time,False
SH003273,W01,ST09,CR02,2024-08-23,2024-08-24,2024-08-24,13.1,669.0,On-time,False
SH003274,W01,ST09,CR02,2024-08-24,2024-08-25,2024-08-25,27.8,1552.03,On-time,False
SH003275,W01,ST09,CR01,2024-08-25,2024-08-26,2024-08-26,16.5,932.15,On-time,False
SH003276,W01,ST09,CR04,2024-08-26,2024-08-27,2024-08-27,8.0,684.29,On-time,False
SH003277,W01,ST09,CR05,2024-08-27,2024-08-28,2024-08-28,10.7,1047.66,On-time,False
SH003278,W01,ST09,CR05,2024-08-28,2024-08-29,2024-08-29,29.1,1779.61,On-time,False
SH003279,W01,ST09,CR01,2024-08-29,2024-08-30,2024-08-30,28.4,1935.11,On-time,False
SH003280,W01,ST09,CR05,2024-08-30,2024-08-31,2024-08-31,29.2,1360.64,On-time,False
SH003281,W01,ST09,CR01,2024-08-31,2024-09-01,2024-09-01,13.9,1144.55,On-time,False
SH003282,W01,ST09,CR01,2024-09-01,2024-09-02,2024-09-02,21.0,1444.49,On-time,False
SH003283,W01,ST09,CR04,2024-09-02,2024-09-03,2024-09-03,23.5,1423.64,On-time,False
SH003284,W01,ST09,CR02,2024-09-03,2024-09-04,2024-09-04,30.4,2016.16,On-time,False
SH003285,W02,ST09,CR04,2024-09-04,2024-09-06,2024-09-06,221.4,13604.69,On-time,False
SH003286,W01,ST09,CR01,2024-09-05,2024-09-06,2024-09-06,33.2,2267.42,On-time,False
SH003287,W01,ST09,CR02,2024-09-06,2024-09-07,2024-09-07,29.5,1734.49,On-time,False
SH003288,W01,ST09,CR02,2024-09-07,2024-09-08,2024-09-10,14.6,1280.31,Delayed,False
SH003289,W01,ST09,CR02,2024-09-08,2024-09-09,2024-09-10,6.5,1082.73,Delayed,False
SH003290,W01,ST09,CR03,2024-09-09,2024-09-10,2024-09-13,23.8,1832.76,Delayed,False
SH003291,W01,ST09,CR02,2024-09-10,2024-09-11,2024-09-11,20.1,1175.6,On-time,False
SH003292,W01,ST09,CR04,2024-09-11,2024-09-12,2024-09-13,32.5,1514.53,Delayed,False
SH003293,W01,ST09,CR02,2024-09-12,2024-09-13,2024-09-15,28.0,1933.71,Delayed,False
SH003294,W01,ST09,CR02,2024-09-13,2024-09-14,2024-09-14,32.6,1846.11,On-time,False
SH003295,W01,ST09,CR01,2024-09-14,2024-09-15,2024-09-18,8.4,1133.47,Damaged,False
SH003296,W03,ST09,CR05,2024-09-15,2024-09-17,2024-09-18,210.3,12226.27,Delayed,False
SH003297,W01,ST09,CR03,2024-09-16,2024-09-17,2024-09-17,9.4,633.42,On-time,False
SH003298,W01,ST09,CR01,2024-09-17,2024-09-18,2024-09-18,19.4,,On-time,False
SH003299,W01,ST09,CR05,2024-09-18,2024-09-19,2024-09-19,34.2,1924.63,On-time,False
SH003300,W01,ST09,CR02,2024-09-19,2024-09-20,2024-09-20,15.5,915.5,Damaged,False
SH003301,W01,ST09,CR03,2024-09-20,2024-09-21,2024-09-21,13.5,927.33,On-time,False
SH003302,W01,ST09,CR05,2024-09-21,2024-09-22,2024-09-22,14.1,1193.56,On-time,False
SH003303,W01,ST09,CR05,2024-09-22,2024-09-23,2024-09-26,32.6,1852.87,Delayed,False
SH003304,W01,ST09,CR01,2024-09-23,2024-09-24,2024-09-24,34.1,2061.65,On-time,False
SH003305,W01,ST09,CR02,2024-09-24,2024-09-25,2024-09-29,10.4,889.53,Delayed,False
SH003306,W01,ST09,CR04,2024-09-25,2024-09-26,2024-09-26,20.3,1188.01,On-time,False
SH003307,W01,ST09,CR04,2024-09-26,2024-09-27,2024-09-29,19.5,1402.02,Delayed,False
SH003308,W01,ST09,CR04,2024-09-27,2024-09-28,2024-09-30,21.3,1431.69,Delayed,False
SH003309,W01,ST09,CR05,2024-09-28,2024-09-29,2024-09-29,13.6,935.16,On-time,False
SH003310,W01,ST09,CR03,2024-09-29,2024-09-30,2024-09-30,21.6,,On-time,False
SH003311,W01,ST09,CR05,2024-09-30,2024-10-01,2024-10-01,23.0,1448.54,On-time,False
SH003312,W01,ST09,CR02,2024-10-01,2024-10-02,2024-10-02,19.1,1251.75,On-time,False
SH003313,W01,ST09,CR03,2024-10-02,2024-10-03,2024-10-03,23.9,1456.28,On-time,False
SH003314,W01,ST09,CR03,2024-10-03,2024-10-04,2024-10-04,31.7,1711.81,On-time,False
SH003315,W03,ST09,CR05,2024-10-04,2024-10-06,2024-10-06,210.3,,On-time,False
SH003316,W01,ST09,CR02,2024-10-05,2024-10-06,2024-10-06,9.3,862.37,On-time,False
SH003317,W01,ST09,CR05,2024-10-06,2024-10-07,2024-10-07,14.8,1224.39,On-time,False
SH003318,W01,ST09,CR01,2024-10-07,2024-10-08,2024-10-08,14.9,1207.35,On-time,False
SH003319,W01,ST09,CR04,2024-10-08,2024-10-09,2024-10-11,11.3,1019.08,Delayed,False
SH003320,W01,ST09,CR05,2024-10-09,2024-10-10,2024-10-10,33.9,1718.8,On-time,False
SH003321,W01,ST09,CR02,2024-10-10,2024-10-11,2024-10-12,27.8,1852.45,Delayed,False
SH003322,W01,ST09,CR01,2024-10-11,2024-10-12,2024-10-12,18.9,1404.48,On-time,False
SH003323,W01,ST09,CR04,2024-10-12,2024-10-13,2024-10-14,11.9,971.18,Delayed,False
SH003324,W01,ST09,CR03,2024-10-13,2024-10-14,2024-10-15,16.0,926.04,Delayed,False
SH003325,W02,ST09,CR03,2024-10-14,2024-10-16,2024-10-16,221.4,10882.72,Damaged,False
SH003326,W02,ST09,CR01,2024-10-15,2024-10-17,2024-10-18,221.4,9433.72,Delayed,False
SH003327,W01,ST09,CR04,2024-10-16,2024-10-17,2024-10-17,30.3,1616.26,Damaged,False
SH003328,W01,ST09,CR05,2024-10-17,2024-10-18,2024-10-18,23.4,,On-time,False
SH003329,W01,ST09,CR03,2024-10-18,2024-10-19,2024-10-19,12.1,795.27,On-time,False
SH003330,W01,ST09,CR04,2024-10-19,2024-10-20,2024-10-20,16.8,1366.54,On-time,False
SH003331,W01,ST09,CR05,2024-10-20,2024-10-21,2024-10-24,22.7,1535.78,Delayed,False
SH003332,W01,ST09,CR01,2024-10-21,2024-10-22,2024-10-22,26.8,1469.3,On-time,False
SH003333,W01,ST09,CR03,2024-10-22,2024-10-23,2024-10-23,16.0,1201.69,On-time,False
SH003334,W01,ST09,CR05,2024-10-23,2024-10-24,2024-10-24,33.3,2004.74,Damaged,False
SH003335,W01,ST09,CR01,2024-10-24,2024-10-25,2024-10-28,20.0,2018.07,Delayed,False
SH003336,W01,ST09,CR01,2024-10-25,2024-10-26,2024-10-26,26.1,1615.54,On-time,False
SH003337,W01,ST09,CR03,2024-10-26,2024-10-27,2024-10-27,24.5,1433.9,On-time,False
SH003338,W01,ST09,CR02,2024-10-27,2024-10-28,2024-10-28,15.7,1215.27,On-time,False
SH003339,W03,ST09,CR05,2024-10-28,2024-10-30,2024-11-02,210.3,10364.96,Delayed,False
SH003340,W01,ST09,CR03,2024-10-29,2024-10-30,2024-10-30,20.9,1144.43,On-time,False
SH003341,W01,ST09,CR02,2024-10-30,2024-10-31,2024-10-31,13.7,969.61,On-time,False
SH003342,W01,ST09,CR03,2024-10-31,2024-11-01,2024-11-01,34.2,2086.26,On-time,False
SH003343,W01,ST09,CR01,2024-11-01,2024-11-02,2024-11-02,19.6,1386.59,On-time,False
SH003344,W01,ST09,CR03,2024-11-02,2024-11-03,2024-11-03,12.3,1002.48,On-time,False
SH003345,W01,ST09,CR04,2024-11-03,2024-11-04,2024-11-04,27.6,1232.48,On-time,False
SH003346,W01,ST09,CR05,2024-11-04,2024-11-05,2024-11-05,31.2,1371.74,On-time,False
SH003347,W01,ST09,CR04,2024-11-05,2024-11-06,2024-11-07,13.5,915.24,Delayed,False
SH003348,W02,ST09,CR05,2024-11-06,2024-11-08,2024-11-10,221.4,11506.98,Damaged,False
SH003349,W01,ST09,CR05,2024-11-07,2024-11-08,2024-11-08,20.0,1132.41,On-time,False
SH003350,W01,ST09,CR02,2024-11-08,2024-11-09,2024-11-09,23.3,1522.48,On-time,False
SH003351,W01,ST09,CR02,2024-11-09,2024-11-10,2024-11-10,29.6,2005.96,On-time,False
SH003352,W02,ST09,CR02,2024-11-10,2024-11-12,2024-11-12,221.4,9738.79,On-time,False
SH003353,W01,ST09,CR03,2024-11-11,2024-11-12,2024-11-12,31.9,2062.89,On-time,False
SH003354,W01,ST09,CR05,2024-11-12,2024-11-13,2024-11-13,8.8,749.18,On-time,False
SH003355,W01,ST09,CR05,2024-11-13,2024-11-14,2024-11-14,32.8,1971.41,On-time,False
SH003356,W01,ST09,CR01,2024-11-14,2024-11-15,2024-11-15,29.2,1796.23,On-time,False
SH003357,W01,ST09,CR02,2024-11-15,2024-11-16,2024-11-16,33.2,2185.71,On-time,False
SH003358,W01,ST09,CR03,2024-11-16,2024-11-17,2024-11-17,13.5,1131.68,On-time,False
SH003359,W01,ST09,CR01,2024-11-17,2024-11-18,2024-11-18,21.9,1412.7,On-time,False
SH003360,W01,ST09,CR05,2024-11-18,2024-11-19,2024-11-19,20.9,1555.38,On-time,False
SH003361,W02,ST09,CR03,2024-11-19,2024-11-21,2024-11-21,221.4,12166.58,On-time,False
SH003362,W01,ST09,CR03,2024-11-20,2024-11-21,2024-11-21,26.7,1217.17,On-time,False
SH003363,W02,ST09,CR03,2024-11-21,2024-11-23,2024-11-25,221.4,10744.65,Delayed,False
SH003364,W01,ST09,CR02,2024-11-22,2024-11-23,2024-11-23,27.2,1618.8,Lost,False
SH003365,W01,ST09,CR03,2024-11-23,2024-11-24,2024-11-24,25.8,1104.66,On-time,False
SH003366,W01,ST99,CR01,2024-11-24,2024-11-25,2024-11-25,20.7,1787.76,On-time,True
SH003367,W01,ST09,CR02,2024-11-25,2024-11-26,2024-11-26,10.4,1095.56,On-time,False
SH003368,W02,ST09,CR05,2024-11-26,2024-11-28,2024-11-28,221.4,8615.94,On-time,False
SH003369,W01,ST09,CR02,2024-11-27,2024-11-28,2024-11-28,13.6,1131.28,On-time,False
SH003370,W01,ST09,CR02,2024-11-28,2024-11-29,2024-11-29,8.2,992.07,On-time,False
SH003371,W01,ST09,CR03,2024-11-29,2024-11-30,2024-12-03,20.7,1217.34,Delayed,False
SH003372,W01,ST09,CR01,2024-11-30,2024-12-01,2024-12-03,33.7,2026.33,Delayed,False
SH003373,W01,ST09,CR02,2024-12-01,2024-12-02,2024-12-05,28.2,1860.33,Delayed,False
SH003374,W01,ST09,CR04,2024-12-02,2024-12-03,2024-12-04,17.2,1279.27,Delayed,False
SH003375,W01,ST09,CR05,2024-12-03,2024-12-04,2024-12-04,18.4,1375.11,On-time,False
SH003376,W01,ST09,CR01,2024-12-04,2024-12-05,2024-12-05,16.7,1352.6,On-time,False
SH003377,W01,ST09,CR02,2024-12-05,2024-12-06,2024-12-06,13.9,1124.87,On-time,False
SH003378,W01,ST09,CR05,2024-12-06,2024-12-07,2024-12-07,25.0,1743.48,On-time,False
SH003379,W01,ST09,CR04,2024-12-07,2024-12-08,2024-12-08,16.8,1030.11,On-time,False
SH003380,W01,ST09,CR05,2024-12-08,2024-12-09,2024-12-09,20.2,1516.35,On-time,False
SH003381,W01,ST09,CR05,2024-12-09,2024-12-10,2024-12-10,19.6,1473.1,On-time,False
SH003382,W01,ST09,CR01,2024-12-10,2024-12-11,2024-12-11,23.8,1829.95,On-time,False
SH003383,W01,ST09,CR03,2024-12-11,2024-12-12,2024-12-15,16.3,1273.13,Delayed,False
SH003384,W01,ST09,CR01,2024-12-12,2024-12-13,2024-12-13,28.3,1737.52,On-time,False
SH003385,W01,ST09,CR04,2024-12-13,2024-12-14,2024-12-14,20.2,1457.31,On-time,False
SH003386,W01,ST09,CR05,2024-12-14,2024-12-15,2024-12-15,27.9,1147.98,On-time,False
SH003387,W01,ST09,CR01,2024-12-15,2024-12-16,2024-12-16,18.9,1096.26,On-time,False
SH003388,W02,ST09,CR05,2024-12-16,2024-12-18,2024-12-19,221.4,12702.46,Delayed,False
SH003389,W01,ST09,CR05,2024-12-17,2024-12-18,2024-12-18,9.3,1020.45,On-time,False
SH003390,W01,ST09,CR01,2024-12-18,2024-12-19,2024-12-19,25.8,1655.72,On-time,False
SH003391,W01,ST09,CR04,2024-12-19,2024-12-20,2024-12-20,16.5,1279.73,On-time,False
SH003392,W01,ST09,CR02,2024-12-20,2024-12-21,2024-12-21,22.6,1305.19,On-time,False
SH003393,W01,ST09,CR05,2024-12-21,2024-12-22,2024-12-22,11.8,,On-time,False
SH003394,W01,ST09,CR01,2024-12-22,2024-12-23,2024-12-23,10.9,668.24,On-time,False
SH003395,W01,ST09,CR01,2024-12-23,2024-12-24,2024-12-26,22.0,1404.88,Delayed,False
SH003396,W01,ST09,CR02,2024-12-24,2024-12-25,2024-12-25,10.5,987.37,On-time,False
SH003397,W01,ST09,CR01,2024-12-25,2024-12-26,2024-12-26,26.3,1741.19,On-time,False
SH003398,W01,ST09,CR02,2024-12-26,2024-12-27,2024-12-27,30.6,1587.34,On-time,False
SH003399,W01,ST09,CR02,2024-12-27,2024-12-28,2024-12-28,21.0,1580.32,On-time,False
SH003400,W01,ST09,CR03,2024-12-28,2024-12-29,2024-12-29,26.1,2162.29,On-time,False
SH003401,W01,ST09,CR03,2024-12-29,2024-12-30,2024-12-30,26.5,1519.74,On-time,False
SH003402,W01,ST09,CR03,2024-12-30,2024-12-31,2024-12-31,10.5,742.36,On-time,False
SH003403,W01,ST09,CR01,2024-12-31,2025-01-01,2025-01-01,22.4,1377.32,On-time,False
SH003404,W01,ST09,CR03,2025-01-01,2025-01-02,2025-01-02,32.7,1874.82,On-time,False
SH003405,W01,ST09,CR01,2025-01-02,2025-01-03,2025-01-03,10.7,847.67,On-time,False
SH003406,W01,ST09,CR04,2025-01-03,2025-01-04,2025-01-08,27.8,1837.21,Delayed,False
SH003407,W01,ST09,CR05,2025-01-04,2025-01-05,2025-01-05,32.3,2048.34,On-time,False
SH003408,W01,ST09,CR03,2025-01-05,2025-01-06,2025-01-06,23.5,1665.21,Lost,False
SH003409,W01,ST09,CR02,2025-01-06,2025-01-07,2025-01-07,21.4,1334.14,On-time,False
SH003410,W01,ST09,CR03,2025-01-07,2025-01-08,2025-01-08,17.3,1218.65,On-time,False
SH003411,W01,ST09,CR04,2025-01-08,2025-01-09,2025-01-09,11.6,1197.19,On-time,False
SH003412,W01,ST09,CR05,2025-01-09,2025-01-10,2025-01-10,34.5,2055.38,On-time,False
SH003413,W01,ST09,CR03,2025-01-10,2025-01-11,2025-01-11,30.1,1680.0,On-time,False
SH003414,W01,ST09,CR01,2025-01-11,2025-01-12,2025-01-12,30.6,1740.95,On-time,False
SH003415,W01,ST09,CR05,2025-01-12,2025-01-13,2025-01-13,6.7,928.68,On-time,False
SH003416,W01,ST09,CR01,2025-01-13,2025-01-14,2025-01-14,28.7,1890.8,On-time,False
SH003417,W01,ST09,CR04,2025-01-14,2025-01-15,2025-01-15,5.3,758.92,On-time,False
SH003418,W01,ST09,CR04,2025-01-15,2025-01-16,2025-01-19,13.3,1413.73,Delayed,False
SH003419,W01,ST09,CR05,2025-01-16,2025-01-17,2025-01-17,14.9,978.79,On-time,False
SH003420,W03,ST09,CR01,2025-01-17,2025-01-19,2025-01-19,210.3,12386.16,On-time,False
SH003421,W01,ST09,CR02,2025-01-18,2025-01-19,2025-01-19,12.0,1131.37,On-time,False
SH003422,W01,ST09,CR01,2025-01-19,2025-01-20,2025-01-20,19.5,1186.83,On-time,False
SH003423,W03,ST09,CR04,2025-01-20,2025-01-22,2025-01-26,210.3,13036.49,Delayed,False
SH003424,W01,ST09,CR01,2025-01-21,2025-01-22,2025-01-22,5.8,981.46,On-time,False
SH003425,W01,ST09,CR04,2025-01-22,2025-01-23,2025-01-23,18.5,1630.26,On-time,False
SH003426,W01,ST09,CR01,2025-01-23,2025-01-24,2025-01-24,11.9,,On-time,False
SH003427,W01,ST09,CR02,2025-01-24,2025-01-25,2025-01-25,23.9,1454.45,On-time,False
SH003428,W01,ST09,CR05,2025-01-25,2025-01-26,2025-01-26,8.9,,On-time,False
SH003429,W01,ST09,CR01,2025-01-26,2025-01-27,2025-01-27,17.7,,On-time,False
SH003430,W01,ST09,CR04,2025-01-27,2025-01-28,2025-01-28,9.0,826.87,On-time,False
SH003431,W01,ST09,CR05,2025-01-28,2025-01-29,2025-01-29,11.1,1359.69,On-time,False
SH003432,W01,ST09,CR03,2025-01-29,2025-01-30,2025-01-30,21.5,1938.36,On-time,False
SH003433,W01,ST09,CR02,2025-01-30,2025-01-31,2025-01-31,15.8,972.17,On-time,False
SH003434,W01,ST09,CR05,2025-01-31,2025-02-01,2025-02-01,10.3,892.46,On-time,False
SH003435,W01,ST09,CR04,2025-02-01,2025-02-02,2025-02-02,16.4,1176.97,On-time,False
SH003436,W01,ST09,CR04,2025-02-02,2025-02-03,2025-02-06,33.3,2281.25,Delayed,False
SH003437,W01,ST09,CR01,2025-02-03,2025-02-04,2025-02-04,17.7,1603.61,On-time,False
SH003438,W01,ST09,CR03,2025-02-04,2025-02-05,2025-02-05,33.4,1652.04,On-time,False
SH003439,W01,ST09,CR02,2025-02-05,2025-02-06,2025-02-06,19.6,1107.88,On-time,False
SH003440,W01,ST09,CR02,2025-02-06,2025-02-07,2025-02-07,32.0,2027.27,On-time,False
SH003441,W01,ST09,CR05,2025-02-07,2025-02-08,2025-02-08,11.4,809.52,On-time,False
SH003442,W01,ST09,CR05,2025-02-08,2025-02-09,2025-02-09,25.1,1641.77,On-time,False
SH003443,W01,ST09,CR01,2025-02-09,2025-02-10,2025-02-11,33.7,2309.34,Delayed,False
SH003444,W01,ST09,CR02,2025-02-10,2025-02-11,2025-02-11,16.7,1353.31,On-time,False
SH003445,W01,ST09,CR05,2025-02-11,2025-02-12,2025-02-12,22.3,1292.06,On-time,False
SH003446,W01,ST09,CR04,2025-02-12,2025-02-13,2025-02-13,19.0,1187.75,On-time,False
SH003447,W01,ST09,CR05,2025-02-13,2025-02-14,2025-02-14,14.7,1170.36,On-time,False
SH003448,W01,ST09,CR05,2025-02-14,2025-02-15,2025-02-15,24.2,1564.14,On-time,False
SH003449,W03,ST09,CR05,2025-02-15,2025-02-17,2025-02-17,210.3,9926.71,On-time,False
SH003450,W01,ST09,CR02,2025-02-16,2025-02-17,2025-02-17,25.5,1630.19,On-time,False
SH003451,W01,ST09,CR02,2025-02-17,2025-02-18,2025-02-18,23.3,1458.28,On-time,False
SH003452,W01,ST09,CR05,2025-02-18,2025-02-19,2025-02-19,33.3,1930.8,On-time,False
SH003453,W02,ST09,CR05,2025-02-19,2025-02-21,2025-02-22,221.4,10539.31,Delayed,False
SH003454,W01,ST09,CR01,2025-02-20,2025-02-21,2025-02-21,24.6,1660.9,On-time,False
SH003455,W01,ST09,CR05,2025-02-21,2025-02-22,2025-02-22,22.2,1710.43,On-time,False
SH003456,W01,ST09,CR02,2025-02-22,2025-02-23,2025-02-23,18.7,1664.34,On-time,False
SH003457,W01,ST09,CR01,2025-02-23,2025-02-24,2025-02-24,12.8,1149.61,On-time,False
SH003458,W01,ST09,CR02,2025-02-24,2025-02-25,2025-02-25,22.2,1506.73,On-time,False
SH003459,W01,ST09,CR05,2025-02-25,2025-02-26,2025-02-26,16.8,1163.94,On-time,False
SH003460,W01,ST09,CR01,2025-02-26,2025-02-27,2025-02-27,20.7,1499.26,On-time,False
SH003461,W01,ST09,CR05,2025-02-27,2025-02-28,2025-02-28,13.7,1545.79,On-time,False
SH003462,W01,ST09,CR05,2025-02-28,2025-03-01,2025-03-01,26.0,1605.96,On-time,False
SH003463,W01,ST09,CR01,2025-03-01,2025-03-02,2025-03-02,15.4,967.12,On-time,False
SH003464,W01,ST09,CR04,2025-03-02,2025-03-03,2025-03-03,17.0,1083.07,On-time,False
SH003465,W01,ST09,CR05,2025-03-03,2025-03-04,2025-03-04,19.5,1120.24,On-time,False
SH003466,W01,ST09,CR01,2025-03-04,2025-03-05,2025-03-05,9.6,867.54,On-time,False
SH003467,W01,ST09,CR01,2025-03-05,2025-03-06,2025-03-06,12.2,1189.37,On-time,False
SH003468,W01,ST09,CR03,2025-03-06,2025-03-07,2025-03-11,16.9,1143.18,Delayed,False
SH003469,W01,ST09,CR02,2025-03-07,2025-03-08,2025-03-08,17.3,1057.66,On-time,False
SH003470,W01,ST09,CR01,2025-03-08,2025-03-09,2025-03-09,10.3,786.25,On-time,False
SH003471,W02,ST09,CR05,2025-03-09,2025-03-11,2025-03-11,221.4,8712.26,On-time,False
SH003472,W01,ST09,CR02,2025-03-10,2025-03-11,2025-03-11,29.5,2098.37,Damaged,False
SH003473,W01,ST09,CR05,2025-03-11,2025-03-12,2025-03-12,16.3,1068.99,On-time,False
SH003474,W01,ST09,CR01,2025-03-12,2025-03-13,2025-03-13,21.7,1683.56,On-time,False
SH003475,W01,ST09,CR01,2025-03-13,2025-03-14,2025-03-15,22.8,1523.95,Delayed,False
SH003476,W01,ST09,CR01,2025-03-14,2025-03-15,2025-03-15,30.3,1636.42,On-time,False
SH003477,W01,ST09,CR04,2025-03-15,2025-03-16,2025-03-17,33.2,1847.58,Delayed,False
SH003478,W01,ST09,CR05,2025-03-16,2025-03-17,2025-03-17,8.5,1022.07,On-time,False
SH003479,W01,ST09,CR04,2025-03-17,2025-03-18,2025-03-21,26.7,1733.47,Delayed,False
SH003480,W01,ST09,CR02,2025-03-18,2025-03-19,2025-03-19,15.3,1473.67,On-time,False
SH003481,W01,ST09,CR01,2025-03-19,2025-03-20,2025-03-20,15.6,1292.18,Lost,False
SH003482,W01,ST09,CR03,2025-03-20,2025-03-21,2025-03-21,33.6,1865.51,On-time,False
SH003483,W01,ST09,CR03,2025-03-21,2025-03-22,2025-03-22,14.0,1594.32,On-time,False
SH003484,W01,ST09,CR03,2025-03-22,2025-03-23,2025-03-23,25.9,1672.38,On-time,False
SH003485,W01,ST09,CR03,2025-03-23,2025-03-24,2025-03-24,17.2,1077.25,On-time,False
SH003486,W01,ST09,CR05,2025-03-24,2025-03-25,2025-03-25,16.3,1102.53,On-time,False
SH003487,W01,ST09,CR04,2025-03-25,2025-03-26,2025-03-27,22.1,1166.26,Delayed,False
SH003488,W03,ST09,CR04,2025-03-26,2025-03-28,2025-03-29,210.3,8732.81,Delayed,False
SH003489,W01,ST09,CR05,2025-03-27,2025-03-28,2025-03-28,18.8,1387.07,On-time,False
SH003490,W01,ST09,CR02,2025-03-28,2025-03-29,2025-03-29,28.2,1977.65,On-time,False
SH003491,W01,ST09,CR03,2025-03-29,2025-03-30,2025-03-30,34.9,1776.41,On-time,False
SH003492,W01,ST09,CR04,2025-03-30,2025-03-31,2025-03-31,14.1,1460.38,On-time,False
SH003493,W01,ST09,CR01,2025-03-31,2025-04-01,2025-04-01,34.3,1507.55,On-time,False
SH003494,W01,ST09,CR03,2025-04-01,2025-04-02,2025-04-04,15.3,1338.51,Delayed,False
SH003495,W01,ST09,CR02,2025-04-02,2025-04-03,2025-04-07,10.5,932.25,Delayed,False
SH003496,W01,ST09,CR03,2025-04-03,2025-04-04,2025-04-05,28.6,1527.6,Delayed,False
SH003497,W01,ST09,CR01,2025-04-04,2025-04-05,2025-04-05,7.3,731.2,On-time,False
SH003498,W01,ST99,CR04,2025-04-05,2025-04-06,2025-04-06,19.5,2071.02,On-time,True
SH003499,W01,ST09,CR05,2025-04-06,2025-04-07,2025-04-07,10.8,1033.99,On-time,False
SH003500,W01,ST09,CR01,2025-04-07,2025-04-08,2025-04-08,12.3,968.2,On-time,False
SH003501,W01,ST09,CR01,2025-04-08,2025-04-09,2025-04-09,8.7,860.26,On-time,False
SH003502,W01,ST09,CR01,2025-04-09,2025-04-10,2025-04-12,17.9,1327.03,Delayed,False
SH003503,W01,ST09,CR02,2025-04-10,2025-04-11,2025-04-11,9.3,1170.37,On-time,False
SH003504,W02,ST09,CR03,2025-04-11,2025-04-13,2025-04-13,221.4,11362.44,On-time,False
SH003505,W01,ST09,CR05,2025-04-12,2025-04-13,2025-04-13,16.5,1226.96,On-time,False
SH003506,W01,ST09,CR02,2025-04-13,2025-04-14,2025-04-14,13.2,1094.27,On-time,False
SH003507,W01,ST09,CR04,2025-04-14,2025-04-15,2025-04-19,17.8,1173.44,Delayed,False
SH003508,W01,ST09,CR01,2025-04-15,2025-04-16,2025-04-16,9.2,806.71,On-time,False
SH003509,W01,ST09,CR03,2025-04-16,2025-04-17,2025-04-21,21.0,1391.35,Delayed,False
SH003510,W01,ST09,CR05,2025-04-17,2025-04-18,2025-04-18,10.5,901.75,On-time,False
SH003511,W01,ST09,CR04,2025-04-18,2025-04-19,2025-04-23,33.1,2229.1,Delayed,False
SH003512,W01,ST09,CR03,2025-04-19,2025-04-20,2025-04-20,20.5,1703.71,On-time,False
SH003513,W01,ST09,CR02,2025-04-20,2025-04-21,2025-04-25,30.7,2155.56,Delayed,False
SH003514,W01,ST09,CR03,2025-04-21,2025-04-22,2025-04-22,26.2,1812.29,On-time,False
SH003515,W01,ST09,CR02,2025-04-22,2025-04-23,2025-04-23,32.6,1642.16,On-time,False
SH003516,W01,ST09,CR04,2025-04-23,2025-04-24,2025-04-25,28.6,1616.68,Delayed,False
SH003517,W01,ST09,CR03,2025-04-24,2025-04-25,2025-04-25,17.4,1171.69,On-time,False
SH003518,W01,ST09,CR04,2025-04-25,2025-04-26,2025-04-26,33.7,2237.69,On-time,False
SH003519,W01,ST09,CR05,2025-04-26,2025-04-27,2025-04-27,20.4,1401.19,On-time,False
SH003520,W01,ST09,CR03,2025-04-27,2025-04-28,2025-04-28,27.5,1979.55,On-time,False
SH003521,W01,ST09,CR03,2025-04-28,2025-04-29,2025-04-29,8.3,1056.58,On-time,False
SH003522,W01,ST09,CR02,2025-04-29,2025-04-30,2025-04-30,8.4,875.25,On-time,False
SH003523,W01,ST09,CR02,2025-04-30,2025-05-01,2025-05-01,27.5,1561.23,On-time,False
SH003524,W02,ST09,CR03,2025-05-01,2025-05-03,2025-05-04,221.4,10594.07,Delayed,False
SH003525,W01,ST09,CR03,2025-05-02,2025-05-03,2025-05-03,27.9,1764.29,On-time,False
SH003526,W01,ST09,CR05,2025-05-03,2025-05-04,2025-05-04,9.5,665.46,On-time,False
SH003527,W01,ST09,CR04,2025-05-04,2025-05-05,2025-05-05,25.3,1272.33,On-time,False
SH003528,W01,ST09,CR03,2025-05-05,2025-05-06,2025-05-06,16.1,1077.64,On-time,False
SH003529,W01,ST09,CR03,2025-05-06,2025-05-07,2025-05-07,22.0,,On-time,False
SH003530,W01,ST09,CR02,2025-05-07,2025-05-08,2025-05-08,23.6,1228.65,On-time,False
SH003531,W01,ST09,CR03,2025-05-08,2025-05-09,2025-05-13,7.6,782.15,Delayed,False
SH003532,W03,ST09,CR02,2025-05-09,2025-05-11,2025-05-11,210.3,13370.49,On-time,False
SH003533,W01,ST09,CR03,2025-05-10,2025-05-11,2025-05-11,13.5,1104.38,On-time,False
SH003534,W01,ST09,CR02,2025-05-11,2025-05-12,2025-05-16,23.4,1580.88,Delayed,False
SH003535,W01,ST09,CR03,2025-05-12,2025-05-13,2025-05-13,24.6,1800.12,On-time,False
SH003536,W01,ST09,CR05,2025-05-13,2025-05-14,2025-05-17,33.8,1511.72,Delayed,False
SH003537,W01,ST09,CR04,2025-05-14,2025-05-15,2025-05-15,33.2,1636.58,On-time,False
SH003538,W01,ST09,CR01,2025-05-15,2025-05-16,2025-05-16,22.5,1492.21,On-time,False
SH003539,W01,ST09,CR03,2025-05-16,2025-05-17,2025-05-17,18.0,1495.12,On-time,False
SH003540,W01,ST09,CR01,2025-05-17,2025-05-18,2025-05-18,9.8,847.86,On-time,False
SH003541,W01,ST09,CR05,2025-05-18,2025-05-19,2025-05-19,22.0,1726.75,On-time,False
SH003542,W01,ST09,CR03,2025-05-19,2025-05-20,2025-05-20,13.8,818.96,On-time,False
SH003543,W01,ST09,CR02,2025-05-20,2025-05-21,2025-05-21,19.0,1333.54,On-time,False
SH003544,W01,ST09,CR05,2025-05-21,2025-05-22,2025-05-22,15.0,921.39,On-time,False
SH003545,W01,ST09,CR02,2025-05-22,2025-05-23,2025-05-23,33.8,2038.76,On-time,False
SH003546,W01,ST09,CR01,2025-05-23,2025-05-24,2025-05-24,20.8,1182.85,On-time,False
SH003547,W01,ST09,CR03,2025-05-24,2025-05-25,2025-05-25,28.9,1703.0,On-time,False
SH003548,W01,ST09,CR05,2025-05-25,2025-05-26,2025-05-26,26.0,1860.71,On-time,False
SH003549,W01,ST09,CR05,2025-05-26,2025-05-27,2025-05-27,31.1,1575.63,On-time,False
SH003550,W01,ST09,CR01,2025-05-27,2025-05-28,2025-05-28,19.0,1290.4,On-time,False
SH003551,W01,ST09,CR03,2025-05-28,2025-05-29,2025-05-29,20.7,1406.49,On-time,False
SH003552,W02,ST09,CR03,2025-05-29,2025-05-31,2025-06-02,221.4,12707.42,Delayed,False
SH003553,W01,ST09,CR04,2025-05-30,2025-05-31,2025-05-31,13.2,952.07,On-time,False
SH003554,W01,ST09,CR01,2025-05-31,2025-06-01,2025-06-01,23.3,1290.39,On-time,False
SH003555,W01,ST09,CR02,2025-06-01,2025-06-02,2025-06-02,9.3,896.68,On-time,False
SH003556,W01,ST09,CR05,2025-06-02,2025-06-03,2025-06-03,8.0,943.52,On-time,False
SH003557,W01,ST09,CR03,2025-06-03,2025-06-04,2025-06-04,22.7,1197.82,On-time,False
SH003558,W01,ST09,CR01,2025-06-04,2025-06-05,2025-06-07,18.9,1371.01,Delayed,False
SH003559,W01,ST09,CR05,2025-06-05,2025-06-06,2025-06-06,31.8,1775.3,On-time,False
SH003560,W01,ST09,CR03,2025-06-06,2025-06-07,2025-06-07,21.3,1355.78,On-time,False
SH003561,W01,ST09,CR02,2025-06-07,2025-06-08,2025-06-08,14.1,842.92,On-time,False
SH003562,W01,ST09,CR05,2025-06-08,2025-06-09,2025-06-09,26.6,1698.74,Damaged,False
SH003563,W01,ST09,CR04,2025-06-09,2025-06-10,2025-06-14,12.2,952.23,Delayed,False
SH003564,W01,ST09,CR05,2025-06-10,2025-06-11,2025-06-13,10.2,1345.22,Delayed,False
SH003565,W01,ST09,CR04,2025-06-11,2025-06-12,2025-06-12,24.0,1611.7,On-time,False
SH003566,W01,ST09,CR04,2025-06-12,2025-06-13,2025-06-13,24.5,1911.5,On-time,False
SH003567,W01,ST09,CR01,2025-06-13,2025-06-14,2025-06-14,16.1,1152.62,On-time,False
SH003568,W01,ST09,CR01,2025-06-14,2025-06-15,2025-06-15,28.5,1916.44,On-time,False
SH003569,W03,ST09,CR05,2025-06-15,2025-06-17,2025-06-20,210.3,12517.27,Delayed,False
SH003570,W01,ST09,CR01,2025-06-16,2025-06-17,2025-06-21,20.9,1470.93,Delayed,False
SH003571,W03,ST09,CR03,2025-06-17,2025-06-19,2025-06-19,210.3,13283.98,On-time,False
SH003572,W01,ST09,CR04,2025-06-18,2025-06-19,2025-06-22,18.8,1428.22,Delayed,False
SH003573,W01,ST09,CR02,2025-06-19,2025-06-20,2025-06-20,18.5,1081.03,On-time,False
SH003574,W01,ST09,CR05,2025-06-20,2025-06-21,2025-06-21,21.3,1901.54,On-time,False
SH003575,W01,ST09,CR05,2025-06-21,2025-06-22,2025-06-22,9.6,1128.37,On-time,False
SH003576,W01,ST09,CR03,2025-06-22,2025-06-23,2025-06-25,14.0,1443.45,Delayed,False
SH003577,W01,ST09,CR05,2025-06-23,2025-06-24,2025-06-24,25.3,1261.79,On-time,False
SH003578,W01,ST09,CR02,2025-06-24,2025-06-25,2025-06-25,20.2,1471.37,On-time,False
SH003579,W02,ST09,CR03,2025-06-25,2025-06-27,2025-06-27,221.4,10167.9,On-time,False
SH003580,W01,ST09,CR01,2025-06-26,2025-06-27,2025-06-27,26.0,1585.51,On-time,False
SH003581,W01,ST09,CR01,2025-06-27,2025-06-28,2025-06-28,22.8,,On-time,False
SH003582,W01,ST09,CR01,2025-06-28,2025-06-29,2025-06-29,25.4,1467.68,On-time,False
SH003583,W01,ST09,CR02,2025-06-29,2025-06-30,2025-06-30,11.4,902.99,On-time,False
SH003584,W01,ST09,CR01,2025-06-30,2025-07-01,2025-07-01,21.7,1397.81,On-time,False
SH003585,W01,ST09,CR04,2025-07-01,2025-07-02,2025-07-06,25.6,1604.95,Delayed,False
SH003586,W01,ST09,CR04,2025-07-02,2025-07-03,2025-07-03,17.7,1022.14,On-time,False
SH003587,W01,ST09,CR01,2025-07-03,2025-07-04,2025-07-04,22.5,1332.71,On-time,False
SH003588,W01,ST09,CR01,2025-07-04,2025-07-05,2025-07-05,16.4,1087.47,On-time,False
SH003589,W01,ST09,CR01,2025-07-05,2025-07-06,2025-07-06,10.4,991.82,On-time,False
SH003590,W01,ST09,CR03,2025-07-06,2025-07-07,2025-07-07,26.4,2147.84,On-time,False
SH003591,W01,ST09,CR05,2025-07-07,2025-07-08,2025-07-08,31.4,1632.09,On-time,False
SH003592,W01,ST09,CR03,2025-07-08,2025-07-09,2025-07-09,17.7,1626.65,On-time,False
SH003593,W03,ST09,CR02,2025-07-09,2025-07-11,2025-07-15,210.3,10071.91,Delayed,False
SH003594,W01,ST09,CR01,2025-07-10,2025-07-11,2025-07-11,21.1,1651.16,On-time,False
SH003595,W01,ST09,CR03,2025-07-11,2025-07-12,2025-07-13,32.8,1870.88,Delayed,False
SH003596,W01,ST09,CR01,2025-07-12,2025-07-13,2025-07-17,18.6,1487.16,Delayed,False
SH003597,W01,ST09,CR03,2025-07-13,2025-07-14,2025-07-16,27.4,1530.57,Delayed,False
SH003598,W01,ST09,CR02,2025-07-14,2025-07-15,2025-07-15,30.4,1787.97,On-time,False
SH003599,W01,ST09,CR01,2025-07-15,2025-07-16,2025-07-16,13.9,1255.55,On-time,False
SH003600,W01,ST09,CR01,2025-07-16,2025-07-17,2025-07-20,20.4,,Delayed,False
SH003601,W01,ST09,CR05,2025-07-17,2025-07-18,2025-07-18,32.0,1581.26,On-time,False
SH003602,W01,ST09,CR02,2025-07-18,2025-07-19,2025-07-19,19.0,1297.22,On-time,False
SH003603,W01,ST09,CR01,2025-07-19,2025-07-20,2025-07-20,29.1,1762.64,On-time,False
SH003604,W03,ST09,CR04,2025-07-20,2025-07-22,2025-07-25,210.3,8764.96,Delayed,False
SH003605,W01,ST09,CR03,2025-07-21,2025-07-22,2025-07-22,9.8,944.2,On-time,False
SH003606,W01,ST09,CR05,2025-07-22,2025-07-23,2025-07-23,30.2,1665.51,On-time,False
SH003607,W01,ST09,CR01,2025-07-23,2025-07-24,2025-07-24,13.6,1579.33,On-time,False
SH003608,W01,ST09,CR02,2025-07-24,2025-07-25,2025-07-28,26.3,1883.62,Delayed,False
SH003609,W01,ST09,CR05,2025-07-25,2025-07-26,2025-07-26,15.4,1583.0,On-time,False
SH003610,W01,ST09,CR01,2025-07-26,2025-07-27,2025-07-27,26.8,1662.9,On-time,False
SH003611,W01,ST09,CR03,2025-07-27,2025-07-28,2025-07-29,32.8,1559.23,Delayed,False
SH003612,W01,ST09,CR01,2025-07-28,2025-07-29,2025-07-29,15.5,1649.28,On-time,False
SH003613,W01,ST09,CR02,2025-07-29,2025-07-30,2025-07-30,14.2,1049.82,On-time,False
SH003614,W01,ST09,CR01,2025-07-30,2025-07-31,2025-07-31,10.4,721.43,On-time,False
SH003615,W01,ST09,CR01,2025-07-31,2025-08-01,2025-08-01,25.9,1785.31,On-time,False
SH003616,W03,ST09,CR03,2025-08-01,2025-08-03,2025-08-06,210.3,9395.34,Delayed,False
SH003617,W01,ST09,CR04,2025-08-02,2025-08-03,2025-08-06,16.9,1116.82,Delayed,False
SH003618,W01,ST09,CR04,2025-08-03,2025-08-04,2025-08-04,8.4,,On-time,False
SH003619,W01,ST09,CR01,2025-08-04,2025-08-05,2025-08-05,28.5,1735.37,On-time,False
SH003620,W01,ST09,CR05,2025-08-05,2025-08-06,2025-08-06,17.6,1729.9,On-time,False
SH003621,W01,ST09,CR05,2025-08-06,2025-08-07,2025-08-07,19.1,1247.98,On-time,False
SH003622,W02,ST09,CR02,2025-08-07,2025-08-09,2025-08-11,221.4,10950.22,Delayed,False
SH003623,W03,ST09,CR03,2025-08-08,2025-08-10,2025-08-10,210.3,8599.51,Lost,False
SH003624,W01,ST09,CR05,2025-08-09,2025-08-10,2025-08-10,34.5,1685.35,On-time,False
SH003625,W01,ST09,CR01,2025-08-10,2025-08-11,2025-08-11,26.7,1556.22,On-time,False
SH003626,W01,ST09,CR05,2025-08-11,2025-08-12,2025-08-12,32.9,1870.62,On-time,False
SH003627,W01,ST09,CR05,2025-08-12,2025-08-13,2025-08-13,16.1,1085.0,On-time,False
SH003628,W01,ST09,CR03,2025-08-13,2025-08-14,2025-08-14,34.6,2054.29,On-time,False
SH003629,W01,ST09,CR03,2025-08-14,2025-08-15,2025-08-15,19.8,1350.72,On-time,False
SH003630,W02,ST09,CR05,2025-08-15,2025-08-17,2025-08-17,221.4,12270.01,On-time,False
SH003631,W01,ST09,CR04,2025-08-16,2025-08-17,2025-08-18,13.2,1155.01,Delayed,False
SH003632,W01,ST09,CR05,2025-08-17,2025-08-18,2025-08-18,28.3,1461.82,Damaged,False
SH003633,W01,ST09,CR01,2025-08-18,2025-08-19,2025-08-19,10.7,1078.3,On-time,False
SH003634,W01,ST09,CR04,2025-08-19,2025-08-20,2025-08-20,33.0,1514.99,On-time,False
SH003635,W01,ST09,CR02,2025-08-20,2025-08-21,2025-08-25,8.5,,Delayed,False
SH003636,W01,ST09,CR02,2025-08-21,2025-08-22,2025-08-22,17.8,1151.73,On-time,False
SH003637,W01,ST09,CR05,2025-08-22,2025-08-23,2025-08-23,15.0,774.98,On-time,False
SH003638,W01,ST09,CR05,2025-08-23,2025-08-24,2025-08-24,19.9,1527.56,On-time,False
SH003639,W01,ST09,CR01,2025-08-24,2025-08-25,2025-08-25,17.0,,On-time,False
SH003640,W01,ST09,CR05,2025-08-25,2025-08-26,2025-08-26,14.6,685.29,On-time,False
SH003641,W01,ST09,CR03,2025-08-26,2025-08-27,2025-08-27,12.6,1052.15,On-time,False
SH003642,W02,ST09,CR02,2025-08-27,2025-08-29,2025-09-01,221.4,8094.41,Delayed,False
SH003643,W01,ST09,CR05,2025-08-28,2025-08-29,2025-08-29,28.8,1561.28,On-time,False
SH003644,W01,ST09,CR05,2025-08-29,2025-08-30,2025-09-01,24.3,1536.97,Delayed,False
SH003645,W01,ST09,CR05,2025-08-30,2025-08-31,2025-08-31,30.5,1377.76,On-time,False
SH003646,W01,ST09,CR01,2025-08-31,2025-09-01,2025-09-01,9.1,943.07,On-time,False
SH003647,W01,ST09,CR03,2025-09-01,2025-09-02,2025-09-04,23.3,1765.8,Delayed,False
SH003648,W01,ST09,CR03,2025-09-02,2025-09-03,2025-09-03,7.3,725.04,On-time,False
SH003649,W01,ST09,CR03,2025-09-03,2025-09-04,2025-09-04,25.4,1534.01,On-time,False
SH003650,W01,ST09,CR02,2025-09-04,2025-09-05,2025-09-06,17.2,1525.66,Delayed,False
SH003651,W01,ST09,CR03,2025-09-05,2025-09-06,2025-09-06,17.0,1103.97,On-time,False
SH003652,W01,ST09,CR02,2025-09-06,2025-09-07,2025-09-07,12.1,865.14,On-time,False
SH003653,W01,ST09,CR05,2025-09-07,2025-09-08,2025-09-08,12.6,741.63,On-time,False
SH003654,W01,ST09,CR02,2025-09-08,2025-09-09,2025-09-09,27.7,,On-time,False
SH003655,W01,ST09,CR03,2025-09-09,2025-09-10,2025-09-13,29.2,1914.1,Delayed,False
SH003656,W01,ST09,CR04,2025-09-10,2025-09-11,2025-09-14,8.1,954.77,Delayed,False
SH003657,W01,ST09,CR02,2025-09-11,2025-09-12,2025-09-12,13.5,962.08,On-time,False
SH003658,W01,ST09,CR02,2025-09-12,2025-09-13,2025-09-13,13.3,1368.53,On-time,False
SH003659,W01,ST09,CR02,2025-09-13,2025-09-14,2025-09-15,34.4,,Delayed,False
SH003660,W01,ST09,CR03,2025-09-14,2025-09-15,2025-09-16,15.7,897.88,Delayed,False
SH003661,W01,ST09,CR03,2025-09-15,2025-09-16,2025-09-16,15.4,908.86,On-time,False
SH003662,W02,ST09,CR02,2025-09-16,2025-09-18,2025-09-20,221.4,12058.84,Delayed,False
SH003663,W01,ST09,CR02,2025-09-17,2025-09-18,2025-09-18,21.9,1657.45,On-time,False
SH003664,W01,ST09,CR05,2025-09-18,2025-09-19,2025-09-19,12.7,955.57,On-time,False
SH003665,W01,ST09,CR03,2025-09-19,2025-09-20,2025-09-20,22.1,1170.69,On-time,False
SH003666,W01,ST09,CR03,2025-09-20,2025-09-21,2025-09-21,18.1,1344.34,On-time,False
SH003667,W02,ST09,CR02,2025-09-21,2025-09-23,2025-09-23,221.4,9324.93,On-time,False
SH003668,W01,ST09,CR02,2025-09-22,2025-09-23,2025-09-23,29.6,2113.01,On-time,False
SH003669,W01,ST09,CR01,2025-09-23,2025-09-24,2025-09-27,14.3,1715.83,Delayed,False
SH003670,W01,ST09,CR01,2025-09-24,2025-09-25,2025-09-25,31.0,1853.18,On-time,False
SH003671,W01,ST09,CR03,2025-09-25,2025-09-26,2025-09-29,16.7,1442.01,Delayed,False
SH003672,W01,ST09,CR02,2025-09-26,2025-09-27,2025-10-01,16.9,,Delayed,False
SH003673,W01,ST09,CR03,2025-09-27,2025-09-28,2025-09-29,22.8,1578.83,Delayed,False
SH003674,W01,ST09,CR05,2025-09-28,2025-09-29,2025-09-29,24.0,1540.88,On-time,False
SH003675,W01,ST09,CR02,2025-09-29,2025-09-30,2025-10-02,29.7,1826.64,Delayed,False
SH003676,W01,ST09,CR03,2025-09-30,2025-10-01,2025-10-03,20.2,1209.35,Delayed,False
SH003677,W01,ST09,CR02,2025-10-01,2025-10-02,2025-10-02,12.6,1114.8,On-time,False
SH003678,W01,ST09,CR05,2025-10-02,2025-10-03,2025-10-03,24.2,1825.54,On-time,False
SH003679,W01,ST09,CR05,2025-10-03,2025-10-04,2025-10-04,14.0,982.02,On-time,False
SH003680,W03,ST09,CR01,2025-10-04,2025-10-06,2025-10-06,210.3,8786.9,On-time,False
SH003681,W01,ST09,CR05,2025-10-05,2025-10-06,2025-10-06,27.2,1649.93,On-time,False
SH003682,W01,ST09,CR03,2025-10-06,2025-10-07,2025-10-07,13.8,866.48,On-time,False
SH003683,W03,ST09,CR02,2025-10-07,2025-10-09,2025-10-11,210.3,7511.25,Delayed,False
SH003684,W01,ST09,CR05,2025-10-08,2025-10-09,2025-10-09,22.7,1251.18,On-time,False
SH003685,W01,ST09,CR05,2025-10-09,2025-10-10,2025-10-10,20.0,1741.4,On-time,False
SH003686,W01,ST09,CR05,2025-10-10,2025-10-11,2025-10-11,19.6,1147.57,On-time,False
SH003687,W01,ST09,CR04,2025-10-11,2025-10-12,2025-10-16,11.2,875.94,Delayed,False
SH003688,W03,ST09,CR03,2025-10-12,2025-10-14,2025-10-14,210.3,10330.49,On-time,False
SH003689,W01,ST09,CR05,2025-10-13,2025-10-14,2025-10-17,28.1,1655.54,Delayed,False
SH003690,W01,ST09,CR03,2025-10-14,2025-10-15,2025-10-15,16.5,1010.21,On-time,False
SH003691,W01,ST09,CR05,2025-10-15,2025-10-16,2025-10-16,12.1,974.29,On-time,False
SH003692,W01,ST09,CR01,2025-10-16,2025-10-17,2025-10-17,14.8,1083.67,On-time,False
SH003693,W01,ST09,CR03,2025-10-17,2025-10-18,2025-10-18,12.0,854.14,On-time,False
SH003694,W01,ST09,CR01,2025-10-18,2025-10-19,2025-10-19,25.8,1440.23,On-time,False
SH003695,W01,ST09,CR03,2025-10-19,2025-10-20,2025-10-20,18.1,1266.91,On-time,False
SH003696,W01,ST09,CR05,2025-10-20,2025-10-21,2025-10-22,11.3,950.39,Damaged,False
SH003697,W01,ST09,CR01,2025-10-21,2025-10-22,2025-10-26,17.7,1207.4,Delayed,False
SH003698,W01,ST09,CR01,2025-10-22,2025-10-23,2025-10-23,13.7,1246.78,On-time,False
SH003699,W01,ST09,CR04,2025-10-23,2025-10-24,2025-10-24,18.8,2107.9,On-time,False
SH003700,W01,ST09,CR02,2025-10-24,2025-10-25,2025-10-25,33.0,1755.73,On-time,False
SH003701,W01,ST09,CR03,2025-10-25,2025-10-26,2025-10-26,10.6,700.76,On-time,False
SH003702,W01,ST09,CR02,2025-10-26,2025-10-27,2025-10-27,12.1,1060.13,On-time,False
SH003703,W01,ST09,CR05,2025-10-27,2025-10-28,2025-10-28,29.2,1810.04,On-time,False
SH003704,W01,ST09,CR03,2025-10-28,2025-10-29,2025-10-29,10.4,1187.47,On-time,False
SH003705,W02,ST09,CR03,2025-10-29,2025-10-31,2025-10-31,221.4,10605.99,On-time,False
SH003706,W01,ST09,CR05,2025-10-30,2025-10-31,2025-10-31,25.7,1674.89,On-time,False
SH003707,W01,ST09,CR03,2025-10-31,2025-11-01,2025-11-01,24.3,1415.18,On-time,False
SH003708,W01,ST09,CR04,2025-11-01,2025-11-02,2025-11-02,17.7,1451.27,On-time,False
SH003709,W02,ST09,CR02,2025-11-02,2025-11-04,2025-11-04,221.4,9236.98,On-time,False
SH003710,W01,ST99,CR03,2025-11-03,2025-11-04,2025-11-04,21.0,1244.98,Damaged,True
SH003711,W01,ST09,CR03,2025-11-04,2025-11-05,2025-11-05,24.3,1665.53,On-time,False
SH003712,W01,ST09,CR01,2025-11-05,2025-11-06,2025-11-06,32.6,2023.02,On-time,False
SH003713,W01,ST09,CR02,2025-11-06,2025-11-07,2025-11-07,8.2,715.4,On-time,False
SH003714,W01,ST09,CR04,2025-11-07,2025-11-08,2025-11-08,8.9,676.39,On-time,False
SH003715,W01,ST09,CR03,2025-11-08,2025-11-09,2025-11-09,32.3,1762.46,On-time,False
SH003716,W01,ST09,CR03,2025-11-09,2025-11-10,2025-11-10,12.5,973.6,On-time,False
SH003717,W01,ST09,CR04,2025-11-10,2025-11-11,2025-11-11,27.0,1611.08,Damaged,False
SH003718,W01,ST09,CR05,2025-11-11,2025-11-12,2025-11-12,19.9,1586.73,On-time,False
SH003719,W01,ST09,CR01,2025-11-12,2025-11-13,2025-11-13,32.1,2163.7,On-time,False
SH003720,W01,ST09,CR05,2025-11-13,2025-11-14,2025-11-18,12.5,894.6,Delayed,False
SH003721,W01,ST09,CR03,2025-11-14,2025-11-15,2025-11-15,31.0,1760.04,On-time,False
SH003722,W01,ST09,CR02,2025-11-15,2025-11-16,2025-11-16,8.9,908.15,On-time,False
SH003723,W02,ST09,CR03,2025-11-16,2025-11-18,2025-11-18,221.4,,On-time,False
SH003724,W01,ST09,CR02,2025-11-17,2025-11-18,2025-11-18,12.1,920.73,On-time,False
SH003725,W01,ST09,CR05,2025-11-18,2025-11-19,2025-11-19,34.2,2283.3,Lost,False
SH003726,W01,ST09,CR01,2025-11-19,2025-11-20,2025-11-20,26.0,1616.49,On-time,False
SH003727,W01,ST09,CR02,2025-11-20,2025-11-21,2025-11-22,32.3,1855.88,Delayed,False
SH003728,W01,ST09,CR01,2025-11-21,2025-11-22,2025-11-22,16.8,2110.24,On-time,False
SH003729,W01,ST09,CR04,2025-11-22,2025-11-23,2025-11-23,14.3,,On-time,False
SH003730,W01,ST09,CR02,2025-11-23,2025-11-24,2025-11-24,21.5,1217.94,On-time,False
SH003731,W01,ST09,CR03,2025-11-24,2025-11-25,2025-11-25,19.1,1257.58,On-time,False
SH003732,W01,ST09,CR01,2025-11-25,2025-11-26,2025-11-26,9.7,662.68,On-time,False
SH003733,W01,ST09,CR04,2025-11-26,2025-11-27,2025-11-27,31.5,1704.16,On-time,False
SH003734,W03,ST09,CR01,2025-11-27,2025-11-29,2025-11-29,210.3,,On-time,False
SH003735,W01,ST09,CR02,2025-11-28,2025-11-29,2025-12-03,24.1,1570.41,Delayed,False
SH003736,W01,ST09,CR05,2025-11-29,2025-11-30,2025-11-30,26.7,1701.78,On-time,False
SH003737,W01,ST09,CR05,2025-11-30,2025-12-01,2025-12-01,32.6,2092.68,On-time,False
SH003738,W01,ST09,CR02,2025-12-01,2025-12-02,2025-12-02,21.7,1444.45,On-time,False
SH003739,W01,ST09,CR03,2025-12-02,2025-12-03,2025-12-03,31.8,2104.55,On-time,False
SH003740,W01,ST09,CR01,2025-12-03,2025-12-04,2025-12-04,19.0,,On-time,False
SH003741,W01,ST09,CR02,2025-12-04,2025-12-05,2025-12-05,8.7,782.72,On-time,False
SH003742,W01,ST09,CR04,2025-12-05,2025-12-06,2025-12-06,34.6,1970.0,On-time,False
SH003743,W01,ST09,CR02,2025-12-06,2025-12-07,2025-12-07,14.1,1160.96,On-time,False
SH003744,W01,ST09,CR04,2025-12-07,2025-12-08,2025-12-10,21.3,1309.06,Delayed,False
SH003745,W01,ST09,CR02,2025-12-08,2025-12-09,2025-12-09,19.3,1160.9,On-time,False
SH003746,W01,ST09,CR03,2025-12-09,2025-12-10,2025-12-10,9.9,1195.13,Lost,False
SH003747,W01,ST09,CR05,2025-12-10,2025-12-11,2025-12-11,26.3,1506.39,On-time,False
SH003748,W01,ST09,CR01,2025-12-11,2025-12-12,2025-12-16,16.7,994.93,Delayed,False
SH003749,W01,ST09,CR05,2025-12-12,2025-12-13,2025-12-13,32.9,1856.45,On-time,False
SH003750,W01,ST09,CR03,2025-12-13,2025-12-14,2025-12-14,10.8,627.48,On-time,False
SH003751,W02,ST09,CR03,2025-12-14,2025-12-16,2025-12-16,221.4,8552.77,On-time,False
SH003752,W01,ST09,CR02,2025-12-15,2025-12-16,2025-12-20,15.9,1046.21,Delayed,False
SH003753,W01,ST09,CR03,2025-12-16,2025-12-17,2025-12-17,25.3,1685.67,On-time,False
SH003754,W01,ST09,CR03,2025-12-17,2025-12-18,2025-12-18,33.7,1643.09,On-time,False
SH003755,W02,ST09,CR03,2025-12-18,2025-12-20,2025-12-22,221.4,10562.48,Delayed,False
SH003756,W01,ST09,CR04,2025-12-19,2025-12-20,2025-12-20,8.1,866.14,On-time,False
SH003757,W01,ST09,CR05,2025-12-20,2025-12-21,2025-12-21,17.2,1320.0,On-time,False
SH003758,W01,ST09,CR02,2025-12-21,2025-12-22,2025-12-22,16.7,1424.75,Damaged,False
SH003759,W01,ST09,CR02,2025-12-22,2025-12-23,2025-12-23,15.0,1188.48,On-time,False
SH003760,W01,ST09,CR04,2025-12-23,2025-12-24,2025-12-24,24.1,1303.29,On-time,False
SH003761,W01,ST09,CR01,2025-12-24,2025-12-25,2025-12-25,21.5,1451.52,On-time,False
SH003762,W01,ST09,CR02,2025-12-25,2025-12-26,2025-12-30,33.7,1935.69,Delayed,False
SH003763,W01,ST09,CR05,2025-12-26,2025-12-27,2025-12-27,32.6,2152.41,On-time,False
SH003764,W02,ST09,CR03,2025-12-27,2025-12-29,2025-12-30,221.4,10060.46,Delayed,False
SH003765,W01,ST09,CR02,2025-12-28,2025-12-29,2025-12-29,11.8,807.52,On-time,False
SH003766,W01,ST09,CR01,2025-12-29,2025-12-30,2025-12-30,14.0,809.88,On-time,False
SH003767,W01,ST09,CR04,2025-12-30,2025-12-31,2025-12-31,28.5,2107.64,On-time,False
SH003768,W01,ST09,CR01,2025-12-31,2026-01-01,,19.6,1525.94,In-Transit,False
SH003769,W02,ST10,CR03,2024-01-02,2024-01-03,2024-01-04,9.8,790.33,Delayed,False
SH003770,W02,ST10,CR01,2024-01-03,2024-01-04,2024-01-04,12.9,1064.3,On-time,False
SH003771,W01,ST10,CR03,2024-01-04,2024-01-06,2024-01-06,221.4,10161.78,On-time,False
SH003772,W02,ST10,CR03,2024-01-05,2024-01-06,2024-01-06,11.9,995.0,On-time,False
SH003773,W02,ST10,CR05,2024-01-06,2024-01-07,2024-01-07,13.4,1140.03,On-time,False
SH003774,W02,ST10,CR05,2024-01-07,2024-01-08,2024-01-08,19.5,2097.18,On-time,False
SH003775,W02,ST10,CR01,2024-01-08,2024-01-09,2024-01-09,5.4,977.46,On-time,False
SH003776,W02,ST10,CR04,2024-01-09,2024-01-10,2024-01-10,18.8,981.0,Lost,False
SH003777,W02,ST10,CR03,2024-01-11,2024-01-12,2024-01-12,19.4,1146.98,On-time,False
SH003778,W02,ST10,CR01,2024-01-13,2024-01-14,2024-01-14,9.8,895.93,On-time,False
SH003779,W02,ST10,CR01,2024-01-15,2024-01-16,2024-01-16,34.0,1685.62,Damaged,False
SH003780,W02,ST10,CR01,2024-01-17,2024-01-18,2024-01-18,31.8,1943.35,On-time,False
SH003781,W02,ST10,CR04,2024-01-18,2024-01-19,2024-01-22,31.1,1692.96,Delayed,False
SH003782,W02,ST10,CR01,2024-01-19,2024-01-20,2024-01-20,9.5,984.14,On-time,False
SH003783,W02,ST10,CR03,2024-01-21,2024-01-22,2024-01-22,28.7,1987.73,On-time,False
SH003784,W02,ST10,CR02,2024-01-22,2024-01-23,2024-01-23,25.3,1778.91,On-time,False
SH003785,W02,ST10,CR01,2024-01-23,2024-01-24,2024-01-24,17.9,1238.98,On-time,False
SH003786,W02,ST10,CR04,2024-01-24,2024-01-25,2024-01-25,19.1,2158.81,On-time,False
SH003787,W02,ST10,CR05,2024-01-25,2024-01-26,2024-01-26,14.4,956.85,On-time,False
SH003788,W02,ST10,CR01,2024-01-26,2024-01-27,2024-01-27,23.1,1722.63,On-time,False
SH003789,W01,ST10,CR04,2024-01-27,2024-01-29,2024-01-29,221.4,10476.68,On-time,False
SH003790,W02,ST10,CR01,2024-01-28,2024-01-29,2024-01-29,23.2,1189.7,On-time,False
SH003791,W02,ST10,CR03,2024-01-30,2024-01-31,2024-02-01,30.1,1766.77,Delayed,False
SH003792,W02,ST10,CR05,2024-01-31,2024-02-01,2024-02-01,19.4,,On-time,False
SH003793,W02,ST10,CR01,2024-02-02,2024-02-03,2024-02-04,19.0,1294.18,Delayed,False
SH003794,W02,ST10,CR05,2024-02-03,2024-02-04,2024-02-04,33.5,1831.04,On-time,False
SH003795,W02,ST99,CR01,2024-02-04,2024-02-05,2024-02-05,19.2,1183.27,On-time,True
SH003796,W02,ST10,CR02,2024-02-06,2024-02-07,2024-02-07,32.7,1893.06,On-time,False
SH003797,W02,ST10,CR04,2024-02-07,2024-02-08,2024-02-10,8.4,687.19,Damaged,False
SH003798,W02,ST10,CR05,2024-02-09,2024-02-10,2024-02-10,8.3,782.19,On-time,False
SH003799,W02,ST10,CR05,2024-02-10,2024-02-11,2024-02-11,30.7,1722.59,On-time,False
SH003800,W01,ST10,CR02,2024-02-12,2024-02-14,2024-02-14,221.4,9116.58,On-time,False
SH003801,W02,ST10,CR01,2024-02-14,2024-02-15,2024-02-18,8.1,714.07,Delayed,False
SH003802,W02,ST10,CR03,2024-02-15,2024-02-16,2024-02-16,9.9,925.0,On-time,False
SH003803,W02,ST10,CR03,2024-02-17,2024-02-18,2024-02-18,30.0,2173.38,Lost,False
SH003804,W02,ST10,CR03,2024-02-18,2024-02-19,2024-02-19,9.8,730.07,On-time,False
SH003805,W02,ST10,CR05,2024-02-19,2024-02-20,2024-02-20,11.3,1047.74,On-time,False
SH003806,W02,ST10,CR01,2024-02-20,2024-02-21,2024-02-21,30.7,1931.22,On-time,False
SH003807,W02,ST10,CR03,2024-02-21,2024-02-22,2024-02-22,20.9,1516.81,On-time,False
SH003808,W02,ST10,CR03,2024-02-22,2024-02-23,2024-02-23,17.3,1260.59,On-time,False
SH003809,W02,ST10,CR03,2024-02-24,2024-02-25,2024-02-25,18.2,1105.37,On-time,False
SH003810,W02,ST10,CR02,2024-02-25,2024-02-26,2024-02-29,21.9,1089.5,Delayed,False
SH003811,W02,ST10,CR03,2024-02-26,2024-02-27,2024-03-01,25.6,1582.62,Delayed,False
SH003812,W02,ST10,CR03,2024-02-27,2024-02-28,2024-02-28,25.9,1656.58,On-time,False
SH003813,W02,ST10,CR05,2024-02-28,2024-02-29,2024-02-29,14.5,1063.97,On-time,False
SH003814,W03,ST10,CR01,2024-02-29,2024-03-03,2024-03-03,417.6,18631.89,On-time,False
SH003815,W03,ST10,CR05,2024-03-01,2024-03-04,2024-03-04,417.6,,On-time,False
SH003816,W02,ST10,CR01,2024-03-03,2024-03-04,2024-03-04,19.0,,On-time,False
SH003817,W02,ST10,CR03,2024-03-05,2024-03-06,2024-03-07,32.4,2162.47,Delayed,False
SH003818,W02,ST10,CR02,2024-03-06,2024-03-07,2024-03-07,8.4,,On-time,False
SH003819,W01,ST10,CR05,2024-03-08,2024-03-10,2024-03-10,221.4,9381.64,On-time,False
SH003820,W02,ST10,CR01,2024-03-10,2024-03-11,2024-03-12,34.0,1646.49,Delayed,False
SH003821,W02,ST10,CR05,2024-03-11,2024-03-12,2024-03-12,13.2,1009.18,On-time,False
SH003822,W02,ST10,CR02,2024-03-12,2024-03-13,2024-03-13,26.4,1409.31,On-time,False
SH003823,W02,ST10,CR03,2024-03-13,2024-03-14,2024-03-14,18.5,1263.13,On-time,False
SH003824,W03,ST10,CR03,2024-03-14,2024-03-17,2024-03-17,417.6,22541.67,On-time,False
SH003825,W02,ST10,CR01,2024-03-15,2024-03-16,2024-03-16,8.5,747.7,On-time,False
SH003826,W02,ST10,CR04,2024-03-17,2024-03-18,2024-03-18,34.5,2485.89,On-time,False
SH003827,W01,ST10,CR03,2024-03-18,2024-03-20,2024-03-20,221.4,,On-time,False
SH003828,W02,ST10,CR02,2024-03-20,2024-03-21,2024-03-21,20.9,1340.68,On-time,False
SH003829,W02,ST10,CR01,2024-03-21,2024-03-22,2024-03-22,19.3,1405.46,On-time,False
SH003830,W02,ST10,CR02,2024-03-22,2024-03-23,2024-03-24,21.6,1120.83,Delayed,False
SH003831,W02,ST10,CR03,2024-03-24,2024-03-25,2024-03-26,8.0,894.46,Delayed,False
SH003832,W02,ST10,CR03,2024-03-25,2024-03-26,2024-03-26,10.0,1066.34,On-time,False
SH003833,W02,ST10,CR01,2024-03-26,2024-03-27,2024-03-27,19.3,1740.57,On-time,False
SH003834,W02,ST10,CR01,2024-03-28,2024-03-29,2024-03-30,20.3,1239.37,Delayed,False
SH003835,W02,ST10,CR04,2024-03-29,2024-03-30,2024-03-30,25.6,1609.79,On-time,False
SH003836,W01,ST10,CR01,2024-03-31,2024-04-02,2024-04-06,221.4,7992.3,Delayed,False
SH003837,W02,ST10,CR03,2024-04-02,2024-04-03,2024-04-03,22.1,1809.28,On-time,False
SH003838,W02,ST10,CR04,2024-04-04,2024-04-05,2024-04-05,21.7,1596.24,On-time,False
SH003839,W02,ST10,CR03,2024-04-05,2024-04-06,2024-04-06,27.7,1850.82,Damaged,False
SH003840,W02,ST10,CR03,2024-04-07,2024-04-08,2024-04-08,18.8,1128.58,On-time,False
SH003841,W02,ST10,CR05,2024-04-08,2024-04-09,2024-04-09,12.3,,On-time,False
SH003842,W02,ST10,CR05,2024-04-09,2024-04-10,2024-04-10,10.4,712.81,On-time,False
SH003843,W02,ST10,CR03,2024-04-11,2024-04-12,2024-04-16,8.7,1121.36,Delayed,False
SH003844,W02,ST10,CR01,2024-04-12,2024-04-13,2024-04-13,20.5,1099.1,On-time,False
SH003845,W02,ST10,CR05,2024-04-13,2024-04-14,2024-04-14,26.7,1588.36,On-time,False
SH003846,W02,ST10,CR04,2024-04-14,2024-04-15,2024-04-16,22.9,,Delayed,False
SH003847,W02,ST10,CR03,2024-04-16,2024-04-17,2024-04-17,27.6,1853.18,On-time,False
SH003848,W02,ST10,CR05,2024-04-17,2024-04-18,2024-04-18,23.4,1057.74,On-time,False
SH003849,W03,ST10,CR03,2024-04-18,2024-04-21,2024-04-21,417.6,16047.98,On-time,False
SH003850,W02,ST10,CR03,2024-04-19,2024-04-20,2024-04-20,9.0,792.83,On-time,False
SH003851,W02,ST10,CR04,2024-04-21,2024-04-22,2024-04-25,13.9,,Delayed,False
SH003852,W02,ST10,CR02,2024-04-22,2024-04-23,2024-04-23,31.6,1694.28,On-time,False
SH003853,W02,ST10,CR02,2024-04-23,2024-04-24,2024-04-24,24.1,1360.8,On-time,False
SH003854,W02,ST10,CR03,2024-04-24,2024-04-25,2024-04-25,9.9,808.98,On-time,False
SH003855,W02,ST10,CR02,2024-04-25,2024-04-26,2024-04-26,18.5,,On-time,False
SH003856,W02,ST10,CR05,2024-04-27,2024-04-28,2024-04-28,27.0,2205.97,On-time,False
SH003857,W01,ST10,CR03,2024-04-28,2024-04-30,2024-04-30,221.4,11550.36,On-time,False
SH003858,W02,ST10,CR01,2024-04-29,2024-04-30,2024-04-30,32.4,1910.74,On-time,False
SH003859,W01,ST10,CR04,2024-04-30,2024-05-02,2024-05-02,221.4,12488.61,On-time,False
SH003860,W02,ST10,CR02,2024-05-01,2024-05-02,2024-05-02,20.7,1011.79,On-time,False
SH003861,W02,ST10,CR02,2024-05-02,2024-05-03,2024-05-03,25.8,1132.58,On-time,False
SH003862,W03,ST10,CR01,2024-05-04,2024-05-07,2024-05-07,417.6,19849.75,On-time,False
SH003863,W02,ST10,CR03,2024-05-06,2024-05-07,2024-05-07,30.8,1607.48,On-time,False
SH003864,W02,ST10,CR04,2024-05-07,2024-05-08,2024-05-09,16.9,1017.66,Delayed,False
SH003865,W01,ST10,CR01,2024-05-08,2024-05-10,2024-05-10,221.4,11445.18,On-time,False
SH003866,W02,ST10,CR01,2024-05-09,2024-05-10,2024-05-10,32.9,1567.15,On-time,False
SH003867,W02,ST10,CR01,2024-05-10,2024-05-11,2024-05-11,20.1,2157.53,On-time,False
SH003868,W02,ST10,CR05,2024-05-12,2024-05-13,2024-05-16,31.8,1699.22,Delayed,False
SH003869,W02,ST10,CR05,2024-05-13,2024-05-14,2024-05-14,8.9,772.57,On-time,False
SH003870,W02,ST10,CR05,2024-05-15,2024-05-16,2024-05-16,28.2,1738.41,On-time,False
SH003871,W03,ST10,CR02,2024-05-17,2024-05-20,2024-05-20,417.6,18859.01,On-time,False
SH003872,W02,ST10,CR01,2024-05-18,2024-05-19,2024-05-19,11.2,865.12,On-time,False
SH003873,W02,ST10,CR05,2024-05-19,2024-05-20,2024-05-20,9.8,853.22,On-time,False
SH003874,W02,ST10,CR01,2024-05-21,2024-05-22,2024-05-22,33.6,1843.79,On-time,False
SH003875,W02,ST10,CR01,2024-05-22,2024-05-23,2024-05-23,9.2,1058.56,On-time,False
SH003876,W02,ST10,CR02,2024-05-23,2024-05-24,2024-05-24,19.5,1214.24,On-time,False
SH003877,W02,ST10,CR02,2024-05-24,2024-05-25,2024-05-25,29.0,,On-time,False
SH003878,W02,ST10,CR05,2024-05-25,2024-05-26,2024-05-26,27.9,1614.47,On-time,False
SH003879,W02,ST10,CR01,2024-05-27,2024-05-28,2024-05-28,32.7,2339.31,On-time,False
SH003880,W01,ST10,CR01,2024-05-28,2024-05-30,2024-05-30,221.4,11670.54,On-time,False
SH003881,W02,ST10,CR02,2024-05-29,2024-05-30,2024-05-30,12.6,1210.18,On-time,False
SH003882,W02,ST10,CR03,2024-05-31,2024-06-01,2024-06-01,34.8,1816.3,On-time,False
SH003883,W02,ST10,CR04,2024-06-01,2024-06-02,2024-06-02,25.8,1285.81,On-time,False
SH003884,W02,ST10,CR01,2024-06-02,2024-06-03,2024-06-06,11.6,1110.06,Delayed,False
SH003885,W01,ST10,CR01,2024-06-03,2024-06-05,2024-06-05,221.4,12557.96,On-time,False
SH003886,W02,ST10,CR01,2024-06-05,2024-06-06,2024-06-06,31.9,1788.77,On-time,False
SH003887,W02,ST10,CR01,2024-06-06,2024-06-07,2024-06-07,18.5,1057.26,On-time,False
SH003888,W02,ST10,CR02,2024-06-07,2024-06-08,2024-06-08,30.2,1511.24,On-time,False
SH003889,W02,ST10,CR02,2024-06-08,2024-06-09,2024-06-12,9.8,846.69,Delayed,False
SH003890,W02,ST10,CR03,2024-06-10,2024-06-11,2024-06-11,23.2,1381.15,On-time,False
SH003891,W02,ST10,CR01,2024-06-11,2024-06-12,2024-06-12,33.5,1830.0,On-time,False
SH003892,W02,ST10,CR03,2024-06-13,2024-06-14,2024-06-16,17.6,1156.29,Delayed,False
SH003893,W02,ST10,CR01,2024-06-15,2024-06-16,2024-06-16,11.2,,On-time,False
SH003894,W02,ST10,CR02,2024-06-16,2024-06-17,2024-06-17,12.6,991.6,On-time,False
SH003895,W02,ST10,CR05,2024-06-18,2024-06-19,2024-06-19,18.6,1469.58,On-time,False
SH003896,W02,ST10,CR01,2024-06-19,2024-06-20,2024-06-20,22.4,1497.06,On-time,False
SH003897,W02,ST10,CR04,2024-06-21,2024-06-22,2024-06-22,32.5,2076.97,On-time,False
SH003898,W02,ST10,CR05,2024-06-23,2024-06-24,2024-06-24,25.2,1540.51,On-time,False
SH003899,W02,ST10,CR02,2024-06-24,2024-06-25,2024-06-25,31.5,1509.32,On-time,False
SH003900,W02,ST10,CR01,2024-06-26,2024-06-27,2024-06-27,11.4,930.9,Damaged,False
SH003901,W02,ST10,CR01,2024-06-28,2024-06-29,2024-06-29,33.3,1767.92,On-time,False
SH003902,W02,ST10,CR04,2024-06-30,2024-07-01,2024-07-04,11.8,875.18,Delayed,False
SH003903,W02,ST10,CR03,2024-07-02,2024-07-03,2024-07-04,31.3,2056.04,Delayed,False
SH003904,W02,ST10,CR04,2024-07-04,2024-07-05,2024-07-06,19.6,1421.8,Delayed,False
SH003905,W02,ST10,CR01,2024-07-06,2024-07-07,2024-07-07,21.4,1244.65,On-time,False
SH003906,W02,ST10,CR03,2024-07-07,2024-07-08,2024-07-08,12.0,856.69,On-time,False
SH003907,W02,ST10,CR02,2024-07-09,2024-07-10,2024-07-10,19.3,1365.81,On-time,False
SH003908,W02,ST10,CR02,2024-07-10,2024-07-11,2024-07-11,19.1,,On-time,False
SH003909,W02,ST10,CR03,2024-07-11,2024-07-12,2024-07-12,28.0,1796.91,On-time,False
SH003910,W02,ST10,CR01,2024-07-12,2024-07-13,2024-07-13,31.6,1752.46,On-time,False
SH003911,W02,ST10,CR02,2024-07-13,2024-07-14,2024-07-14,26.7,1445.25,On-time,False
SH003912,W01,ST10,CR01,2024-07-14,2024-07-16,2024-07-16,221.4,11919.22,On-time,False
SH003913,W02,ST10,CR03,2024-07-16,2024-07-17,2024-07-17,10.2,1254.23,On-time,False
SH003914,W02,ST10,CR03,2024-07-17,2024-07-18,2024-07-18,7.1,,On-time,False
SH003915,W02,ST10,CR01,2024-07-19,2024-07-20,2024-07-23,19.2,1151.3,Delayed,False
SH003916,W02,ST10,CR05,2024-07-21,2024-07-22,2024-07-22,19.0,1349.92,On-time,False
SH003917,W02,ST10,CR03,2024-07-22,2024-07-23,2024-07-23,15.3,1046.04,On-time,False
SH003918,W02,ST10,CR03,2024-07-23,2024-07-24,2024-07-26,34.8,1579.92,Damaged,False
SH003919,W02,ST10,CR03,2024-07-24,2024-07-25,2024-07-25,34.7,1666.89,On-time,False
SH003920,W02,ST10,CR01,2024-07-25,2024-07-26,2024-07-26,34.0,1749.65,On-time,False
SH003921,W02,ST10,CR02,2024-07-27,2024-07-28,2024-07-28,6.7,889.5,On-time,False
SH003922,W02,ST10,CR05,2024-07-29,2024-07-30,2024-07-30,22.2,1299.11,On-time,False
SH003923,W02,ST10,CR01,2024-07-30,2024-07-31,2024-08-01,26.9,1944.47,Delayed,False
SH003924,W02,ST10,CR01,2024-08-01,2024-08-02,2024-08-02,29.0,1810.74,On-time,False
SH003925,W02,ST10,CR03,2024-08-03,2024-08-04,2024-08-05,11.8,1297.32,Delayed,False
SH003926,W02,ST10,CR05,2024-08-04,2024-08-05,2024-08-05,19.5,1071.67,On-time,False
SH003927,W02,ST10,CR03,2024-08-05,2024-08-06,2024-08-06,34.4,1955.64,On-time,False
SH003928,W02,ST10,CR05,2024-08-07,2024-08-08,2024-08-08,19.5,1263.2,On-time,False
SH003929,W02,ST10,CR02,2024-08-09,2024-08-10,2024-08-14,30.1,1905.08,Delayed,False
SH003930,W02,ST99,CR01,2024-08-10,2024-08-11,2024-08-11,20.9,1540.27,On-time,True
SH003931,W02,ST10,CR01,2024-08-11,2024-08-12,2024-08-12,34.0,1848.75,On-time,False
SH003932,W02,ST10,CR03,2024-08-12,2024-08-13,2024-08-13,33.5,1538.3,On-time,False
SH003933,W02,ST10,CR03,2024-08-14,2024-08-15,2024-08-15,27.1,1783.21,On-time,False
SH003934,W02,ST10,CR01,2024-08-15,2024-08-16,2024-08-16,21.0,1301.84,On-time,False
SH003935,W02,ST10,CR05,2024-08-17,2024-08-18,2024-08-18,20.4,1564.45,Lost,False
SH003936,W02,ST10,CR02,2024-08-19,2024-08-20,2024-08-24,32.3,1629.45,Delayed,False
SH003937,W03,ST10,CR03,2024-08-20,2024-08-23,2024-08-23,417.6,,On-time,False
SH003938,W02,ST10,CR02,2024-08-21,2024-08-22,2024-08-22,10.3,968.61,On-time,False
SH003939,W02,ST10,CR01,2024-08-23,2024-08-24,2024-08-24,19.6,1197.63,On-time,False
SH003940,W02,ST10,CR01,2024-08-25,2024-08-26,2024-08-26,26.4,1411.18,On-time,False
SH003941,W02,ST10,CR02,2024-08-26,2024-08-27,2024-08-27,25.8,1648.16,On-time,False
SH003942,W02,ST99,CR02,2024-08-28,2024-08-29,2024-08-29,12.3,933.51,On-time,True
SH003943,W02,ST10,CR03,2024-08-30,2024-08-31,2024-08-31,21.3,1480.68,On-time,False
SH003944,W02,ST10,CR04,2024-08-31,2024-09-01,2024-09-01,16.6,1280.7,On-time,False
SH003945,W02,ST10,CR01,2024-09-02,2024-09-03,2024-09-04,23.5,1130.86,Delayed,False
SH003946,W01,ST10,CR01,2024-09-04,2024-09-06,2024-09-06,221.4,9155.92,On-time,False
SH003947,W02,ST10,CR04,2024-09-05,2024-09-06,2024-09-10,32.1,,Delayed,False
SH003948,W02,ST10,CR01,2024-09-06,2024-09-07,2024-09-10,34.6,2508.77,Delayed,False
SH003949,W02,ST10,CR05,2024-09-08,2024-09-09,2024-09-09,27.7,1761.03,On-time,False
SH003950,W02,ST10,CR03,2024-09-09,2024-09-10,2024-09-10,14.6,1146.77,On-time,False
SH003951,W02,ST10,CR05,2024-09-10,2024-09-11,2024-09-11,9.8,817.24,On-time,False
SH003952,W02,ST10,CR02,2024-09-11,2024-09-12,2024-09-16,9.0,799.28,Delayed,False
SH003953,W02,ST10,CR01,2024-09-13,2024-09-14,2024-09-16,11.5,1096.2,Delayed,False
SH003954,W01,ST10,CR05,2024-09-14,2024-09-16,2024-09-17,221.4,8683.68,Delayed,False
SH003955,W02,ST10,CR05,2024-09-15,2024-09-16,2024-09-16,10.1,892.67,On-time,False
SH003956,W02,ST10,CR04,2024-09-16,2024-09-17,2024-09-18,23.4,1169.18,Delayed,False
SH003957,W03,ST10,CR03,2024-09-18,2024-09-21,2024-09-21,417.6,21213.54,On-time,False
SH003958,W02,ST10,CR01,2024-09-20,2024-09-21,2024-09-21,24.0,,On-time,False
SH003959,W02,ST10,CR02,2024-09-22,2024-09-23,2024-09-23,23.6,1422.51,On-time,False
SH003960,W02,ST10,CR02,2024-09-24,2024-09-25,2024-09-25,14.9,1000.94,On-time,False
SH003961,W02,ST10,CR05,2024-09-26,2024-09-27,2024-09-27,26.5,1763.84,On-time,False
SH003962,W02,ST10,CR02,2024-09-28,2024-09-29,2024-09-29,12.1,1072.11,On-time,False
SH003963,W02,ST10,CR03,2024-09-29,2024-09-30,2024-09-30,27.9,1800.61,On-time,False
SH003964,W02,ST10,CR04,2024-09-30,2024-10-01,2024-10-01,9.1,968.62,On-time,False
SH003965,W02,ST10,CR01,2024-10-01,2024-10-02,2024-10-02,13.1,1217.39,On-time,False
SH003966,W02,ST10,CR05,2024-10-03,2024-10-04,2024-10-04,12.8,1103.16,On-time,False
SH003967,W03,ST10,CR03,2024-10-04,2024-10-07,2024-10-07,417.6,20215.18,Damaged,False
SH003968,W02,ST10,CR03,2024-10-06,2024-10-07,2024-10-10,14.7,1063.92,Delayed,False
SH003969,W02,ST10,CR01,2024-10-07,2024-10-08,2024-10-08,14.8,950.29,On-time,False
SH003970,W02,ST10,CR01,2024-10-08,2024-10-09,2024-10-09,24.8,1594.7,On-time,False
SH003971,W02,ST10,CR01,2024-10-10,2024-10-11,2024-10-11,8.0,588.33,On-time,False
SH003972,W02,ST10,CR05,2024-10-12,2024-10-13,2024-10-13,15.2,859.5,On-time,False
SH003973,W02,ST10,CR05,2024-10-13,2024-10-14,2024-10-14,21.7,1836.84,On-time,False
SH003974,W02,ST10,CR04,2024-10-14,2024-10-15,2024-10-15,31.3,1595.91,On-time,False
SH003975,W02,ST10,CR01,2024-10-16,2024-10-17,2024-10-17,16.3,1191.64,On-time,False
SH003976,W02,ST10,CR04,2024-10-17,2024-10-18,2024-10-18,34.6,2073.33,On-time,False
SH003977,W02,ST10,CR03,2024-10-18,2024-10-19,2024-10-19,14.8,1062.74,On-time,False
SH003978,W02,ST10,CR02,2024-10-20,2024-10-21,2024-10-24,11.5,1323.44,Delayed,False
SH003979,W02,ST10,CR04,2024-10-21,2024-10-22,2024-10-23,29.4,1816.92,Delayed,False
SH003980,W02,ST10,CR01,2024-10-22,2024-10-23,2024-10-23,27.6,1714.91,On-time,False
SH003981,W02,ST10,CR01,2024-10-23,2024-10-24,2024-10-24,26.4,1565.18,On-time,False
SH003982,W02,ST10,CR02,2024-10-25,2024-10-26,2024-10-26,18.6,2004.46,On-time,False
SH003983,W02,ST10,CR01,2024-10-26,2024-10-27,2024-10-27,16.3,814.95,On-time,False
SH003984,W02,ST10,CR03,2024-10-27,2024-10-28,2024-10-29,22.6,1310.28,Delayed,False
SH003985,W02,ST10,CR03,2024-10-29,2024-10-30,2024-10-30,19.9,1840.32,On-time,False
SH003986,W02,ST10,CR03,2024-10-30,2024-10-31,2024-10-31,16.8,1321.95,On-time,False
SH003987,W02,ST10,CR02,2024-10-31,2024-11-01,2024-11-01,10.0,861.74,On-time,False
SH003988,W02,ST10,CR03,2024-11-02,2024-11-03,2024-11-03,34.2,1646.06,On-time,False
SH003989,W02,ST10,CR01,2024-11-04,2024-11-05,2024-11-05,13.8,861.5,On-time,False
SH003990,W02,ST10,CR04,2024-11-05,2024-11-06,2024-11-06,27.7,1673.39,On-time,False
SH003991,W02,ST10,CR04,2024-11-06,2024-11-07,2024-11-08,9.9,941.27,Delayed,False
SH003992,W02,ST10,CR01,2024-11-07,2024-11-08,2024-11-08,34.2,1878.71,On-time,False
SH003993,W01,ST10,CR01,2024-11-09,2024-11-11,2024-11-11,221.4,11393.76,On-time,False
SH003994,W02,ST10,CR05,2024-11-10,2024-11-11,2024-11-11,18.6,1100.52,On-time,False
SH003995,W02,ST10,CR02,2024-11-11,2024-11-12,2024-11-12,13.7,,On-time,False
SH003996,W02,ST10,CR01,2024-11-13,2024-11-14,2024-11-14,31.8,1913.15,On-time,False
SH003997,W02,ST10,CR02,2024-11-14,2024-11-15,2024-11-15,16.8,1597.14,On-time,False
SH003998,W02,ST10,CR05,2024-11-16,2024-11-17,2024-11-17,13.2,781.42,On-time,False
SH003999,W02,ST10,CR01,2024-11-17,2024-11-18,2024-11-18,12.7,969.81,On-time,False
SH004000,W02,ST10,CR05,2024-11-18,2024-11-19,2024-11-19,23.4,1181.97,On-time,False
SH004001,W02,ST10,CR04,2024-11-19,2024-11-20,2024-11-24,20.1,1037.65,Delayed,False
SH004002,W02,ST10,CR05,2024-11-20,2024-11-21,2024-11-21,32.1,1936.95,On-time,False
SH004003,W03,ST10,CR04,2024-11-21,2024-11-24,2024-11-24,417.6,17993.71,On-time,False
SH004004,W02,ST10,CR03,2024-11-23,2024-11-24,2024-11-24,20.5,1754.05,On-time,False
SH004005,W03,ST10,CR03,2024-11-25,2024-11-28,2024-11-28,417.6,20079.28,On-time,False
SH004006,W03,ST10,CR04,2024-11-26,2024-11-29,2024-12-01,417.6,14580.31,Delayed,False
SH004007,W03,ST10,CR04,2024-11-28,2024-12-01,2024-12-01,417.6,19960.38,On-time,False
SH004008,W02,ST10,CR05,2024-11-29,2024-11-30,2024-11-30,19.3,1209.83,On-time,False
SH004009,W02,ST10,CR02,2024-11-30,2024-12-01,2024-12-01,8.0,798.2,On-time,False
SH004010,W02,ST10,CR03,2024-12-02,2024-12-03,2024-12-03,10.0,954.82,On-time,False
SH004011,W02,ST10,CR03,2024-12-03,2024-12-04,2024-12-04,5.7,972.6,Lost,False
SH004012,W02,ST10,CR01,2024-12-04,2024-12-05,2024-12-05,9.2,1048.62,On-time,False
SH004013,W02,ST10,CR02,2024-12-05,2024-12-06,2024-12-06,10.0,1038.21,On-time,False
SH004014,W02,ST10,CR05,2024-12-07,2024-12-08,2024-12-08,31.4,2382.48,On-time,False
SH004015,W02,ST10,CR01,2024-12-08,2024-12-09,2024-12-09,13.7,1155.47,On-time,False
SH004016,W02,ST10,CR02,2024-12-10,2024-12-11,2024-12-11,8.6,666.91,On-time,False
SH004017,W01,ST10,CR01,2024-12-11,2024-12-13,2024-12-13,221.4,11194.94,On-time,False
SH004018,W02,ST10,CR05,2024-12-12,2024-12-13,2024-12-16,19.6,1319.02,Delayed,False
SH004019,W03,ST10,CR04,2024-12-13,2024-12-16,2024-12-17,417.6,17850.72,Delayed,False
SH004020,W02,ST10,CR05,2024-12-14,2024-12-15,2024-12-19,14.0,1351.0,Delayed,False
SH004021,W02,ST10,CR02,2024-12-15,2024-12-16,2024-12-16,19.6,1188.38,On-time,False
SH004022,W02,ST10,CR03,2024-12-17,2024-12-18,2024-12-18,20.3,1252.18,On-time,False
SH004023,W02,ST10,CR03,2024-12-19,2024-12-20,2024-12-20,11.7,792.33,On-time,False
SH004024,W02,ST10,CR05,2024-12-20,2024-12-21,2024-12-24,19.6,1963.27,Delayed,False
SH004025,W02,ST10,CR05,2024-12-22,2024-12-23,2024-12-23,33.2,1779.17,On-time,False
SH004026,W02,ST10,CR04,2024-12-23,2024-12-24,2024-12-24,9.4,801.69,On-time,False
SH004027,W02,ST10,CR01,2024-12-25,2024-12-26,2024-12-26,18.3,1908.97,On-time,False
SH004028,W02,ST10,CR02,2024-12-26,2024-12-27,2024-12-27,34.3,2208.58,Lost,False
SH004029,W02,ST10,CR02,2024-12-28,2024-12-29,2025-01-01,18.0,2129.19,Delayed,False
SH004030,W02,ST10,CR02,2024-12-30,2024-12-31,2024-12-31,23.9,1439.82,On-time,False
SH004031,W02,ST10,CR02,2024-12-31,2025-01-01,2025-01-01,21.9,1305.04,On-time,False
SH004032,W02,ST10,CR05,2025-01-01,2025-01-02,2025-01-03,12.1,819.04,Delayed,False
SH004033,W02,ST10,CR02,2025-01-02,2025-01-03,2025-01-03,9.1,888.74,On-time,False
SH004034,W02,ST10,CR01,2025-01-03,2025-01-04,2025-01-04,18.2,1329.59,On-time,False
SH004035,W01,ST10,CR03,2025-01-04,2025-01-06,2025-01-06,221.4,10998.02,On-time,False
SH004036,W02,ST10,CR01,2025-01-05,2025-01-06,2025-01-06,26.8,1246.58,On-time,False
SH004037,W02,ST10,CR03,2025-01-06,2025-01-07,2025-01-07,6.7,727.87,On-time,False
SH004038,W02,ST10,CR05,2025-01-07,2025-01-08,2025-01-08,34.6,,On-time,False
SH004039,W02,ST10,CR05,2025-01-09,2025-01-10,2025-01-10,19.4,,On-time,False
SH004040,W02,ST10,CR03,2025-01-11,2025-01-12,2025-01-12,22.8,1437.06,On-time,False
SH004041,W02,ST10,CR03,2025-01-12,2025-01-13,2025-01-13,14.1,1166.29,On-time,False
SH004042,W02,ST10,CR04,2025-01-14,2025-01-15,2025-01-16,13.9,1032.15,Delayed,False
SH004043,W02,ST10,CR02,2025-01-15,2025-01-16,2025-01-16,31.8,1985.11,On-time,False
SH004044,W02,ST10,CR02,2025-01-16,2025-01-17,2025-01-17,12.1,843.72,On-time,False
SH004045,W02,ST10,CR03,2025-01-17,2025-01-18,2025-01-18,24.9,1696.36,On-time,False
SH004046,W02,ST10,CR01,2025-01-19,2025-01-20,2025-01-20,26.2,1515.39,On-time,False
SH004047,W02,ST10,CR05,2025-01-21,2025-01-22,2025-01-22,18.4,1205.18,On-time,False
SH004048,W02,ST10,CR05,2025-01-23,2025-01-24,2025-01-24,23.9,1277.42,On-time,False
SH004049,W02,ST10,CR02,2025-01-24,2025-01-25,2025-01-25,25.3,1770.43,On-time,False
SH004050,W02,ST10,CR02,2025-01-26,2025-01-27,2025-01-27,19.9,1034.21,On-time,False
SH004051,W02,ST10,CR01,2025-01-27,2025-01-28,2025-01-28,8.2,734.07,On-time,False
SH004052,W02,ST10,CR01,2025-01-28,2025-01-29,2025-01-30,21.6,1486.81,Delayed,False
SH004053,W02,ST10,CR05,2025-01-30,2025-01-31,2025-01-31,33.3,,On-time,False
SH004054,W02,ST10,CR03,2025-01-31,2025-02-01,2025-02-01,20.2,2230.35,On-time,False
SH004055,W02,ST10,CR01,2025-02-01,2025-02-02,2025-02-02,33.8,2212.2,On-time,False
SH004056,W02,ST10,CR05,2025-02-02,2025-02-03,2025-02-03,32.2,1963.65,On-time,False
SH004057,W01,ST10,CR01,2025-02-03,2025-02-05,2025-02-07,221.4,10505.74,Delayed,False
SH004058,W02,ST10,CR02,2025-02-04,2025-02-05,2025-02-05,32.8,1452.3,On-time,False
SH004059,W02,ST10,CR02,2025-02-06,2025-02-07,2025-02-08,20.9,1322.82,Lost,False
SH004060,W02,ST10,CR02,2025-02-07,2025-02-08,2025-02-08,34.2,1866.96,On-time,False
SH004061,W02,ST10,CR04,2025-02-08,2025-02-09,2025-02-09,11.7,1369.21,On-time,False
SH004062,W01,ST10,CR01,2025-02-09,2025-02-11,2025-02-11,221.4,11101.03,On-time,False
SH004063,W02,ST10,CR04,2025-02-10,2025-02-11,2025-02-11,30.1,2128.15,On-time,False
SH004064,W02,ST10,CR03,2025-02-11,2025-02-12,2025-02-12,22.2,1466.51,On-time,False
SH004065,W03,ST10,CR01,2025-02-12,2025-02-15,2025-02-15,417.6,16547.95,On-time,False
SH004066,W02,ST10,CR05,2025-02-14,2025-02-15,2025-02-15,13.9,800.0,On-time,False
SH004067,W02,ST10,CR02,2025-02-16,2025-02-17,2025-02-21,9.4,867.71,Lost,False
SH004068,W02,ST10,CR02,2025-02-17,2025-02-18,2025-02-18,21.8,,On-time,False
SH004069,W02,ST10,CR04,2025-02-18,2025-02-19,2025-02-19,28.2,1416.6,On-time,False
SH004070,W03,ST10,CR01,2025-02-19,2025-02-22,2025-02-22,417.6,20915.21,Damaged,False
SH004071,W02,ST10,CR04,2025-02-21,2025-02-22,2025-02-22,22.2,1534.94,On-time,False
SH004072,W02,ST10,CR02,2025-02-22,2025-02-23,2025-02-23,30.1,,On-time,False
SH004073,W02,ST10,CR03,2025-02-24,2025-02-25,2025-02-25,21.6,1551.35,On-time,False
SH004074,W03,ST10,CR03,2025-02-25,2025-02-28,2025-02-28,417.6,21377.84,On-time,False
SH004075,W02,ST10,CR03,2025-02-26,2025-02-27,2025-02-27,12.9,1267.64,On-time,False
SH004076,W02,ST10,CR04,2025-02-27,2025-02-28,2025-02-28,8.7,1119.16,On-time,False
SH004077,W02,ST10,CR05,2025-02-28,2025-03-01,2025-03-01,10.3,805.05,Lost,False
SH004078,W02,ST10,CR02,2025-03-02,2025-03-03,2025-03-03,30.0,1480.83,On-time,False
SH004079,W02,ST10,CR02,2025-03-04,2025-03-05,2025-03-07,19.6,1470.92,Delayed,False
SH004080,W02,ST10,CR03,2025-03-05,2025-03-06,2025-03-06,14.5,1183.92,On-time,False
SH004081,W02,ST10,CR02,2025-03-06,2025-03-07,2025-03-07,23.4,1123.65,On-time,False
SH004082,W02,ST10,CR05,2025-03-08,2025-03-09,2025-03-09,18.9,1415.51,On-time,False
SH004083,W02,ST10,CR03,2025-03-09,2025-03-10,2025-03-10,16.5,1123.97,On-time,False
SH004084,W02,ST10,CR02,2025-03-10,2025-03-11,2025-03-11,8.9,929.7,On-time,False
SH004085,W02,ST10,CR02,2025-03-11,2025-03-12,2025-03-12,17.2,1127.42,On-time,False
SH004086,W02,ST10,CR03,2025-03-12,2025-03-13,2025-03-13,31.0,1968.23,On-time,False
SH004087,W02,ST10,CR03,2025-03-14,2025-03-15,2025-03-15,33.6,1979.18,On-time,False
SH004088,W01,ST10,CR02,2025-03-16,2025-03-18,2025-03-18,221.4,8306.08,On-time,False
SH004089,W02,ST10,CR03,2025-03-18,2025-03-19,2025-03-19,31.5,1580.02,On-time,False
SH004090,W02,ST10,CR05,2025-03-20,2025-03-21,2025-03-21,14.7,1197.88,On-time,False
SH004091,W02,ST10,CR01,2025-03-22,2025-03-23,2025-03-23,20.4,,On-time,False
SH004092,W02,ST10,CR03,2025-03-23,2025-03-24,2025-03-24,19.1,1261.99,On-time,False
SH004093,W02,ST10,CR03,2025-03-24,2025-03-25,2025-03-25,28.1,1904.48,On-time,False
SH004094,W02,ST10,CR01,2025-03-25,2025-03-26,2025-03-26,26.0,1231.66,On-time,False
SH004095,W02,ST10,CR05,2025-03-26,2025-03-27,2025-03-27,29.1,1537.58,On-time,False
SH004096,W02,ST10,CR05,2025-03-27,2025-03-28,2025-04-01,27.6,1550.15,Delayed,False
SH004097,W02,ST10,CR03,2025-03-28,2025-03-29,2025-03-29,27.0,1571.72,On-time,False
SH004098,W02,ST10,CR01,2025-03-30,2025-03-31,2025-04-04,24.4,1223.73,Delayed,False
SH004099,W02,ST10,CR01,2025-03-31,2025-04-01,2025-04-01,24.5,1664.91,On-time,False
SH004100,W02,ST10,CR02,2025-04-01,2025-04-02,2025-04-02,17.2,1325.67,On-time,False
SH004101,W02,ST10,CR05,2025-04-02,2025-04-03,2025-04-03,32.0,1598.4,On-time,False
SH004102,W02,ST10,CR01,2025-04-04,2025-04-05,2025-04-05,12.3,1006.6,On-time,False
SH004103,W02,ST10,CR04,2025-04-05,2025-04-06,2025-04-06,21.7,1312.65,On-time,False
SH004104,W02,ST10,CR03,2025-04-07,2025-04-08,2025-04-08,25.3,,On-time,False
SH004105,W02,ST10,CR05,2025-04-09,2025-04-10,2025-04-10,11.5,1127.63,On-time,False
SH004106,W02,ST10,CR01,2025-04-11,2025-04-12,2025-04-12,10.1,928.27,On-time,False
SH004107,W02,ST10,CR01,2025-04-12,2025-04-13,2025-04-16,18.7,2009.81,Delayed,False
SH004108,W01,ST10,CR05,2025-04-14,2025-04-16,2025-04-16,221.4,11328.34,On-time,False
SH004109,W02,ST10,CR04,2025-04-16,2025-04-17,2025-04-17,13.1,1150.15,On-time,False
SH004110,W02,ST10,CR02,2025-04-17,2025-04-18,2025-04-22,31.8,2070.94,Delayed,False
SH004111,W02,ST10,CR03,2025-04-19,2025-04-20,2025-04-20,24.1,1845.49,On-time,False
SH004112,W02,ST10,CR02,2025-04-20,2025-04-21,2025-04-21,16.5,1032.36,On-time,False
SH004113,W02,ST10,CR03,2025-04-22,2025-04-23,2025-04-23,8.8,928.34,On-time,False
SH004114,W02,ST10,CR01,2025-04-24,2025-04-25,2025-04-27,34.8,2106.88,Damaged,False
SH004115,W02,ST10,CR01,2025-04-25,2025-04-26,2025-04-26,32.6,1895.77,On-time,False
SH004116,W02,ST10,CR04,2025-04-27,2025-04-28,2025-04-30,11.8,835.2,Delayed,False
SH004117,W02,ST10,CR03,2025-04-28,2025-04-29,2025-04-29,23.7,1229.44,On-time,False
SH004118,W02,ST10,CR01,2025-04-29,2025-04-30,2025-04-30,34.8,2012.37,On-time,False
SH004119,W02,ST10,CR01,2025-05-01,2025-05-02,2025-05-02,26.4,1400.7,On-time,False
SH004120,W02,ST10,CR03,2025-05-02,2025-05-03,2025-05-03,24.1,1226.41,On-time,False
SH004121,W02,ST10,CR01,2025-05-03,2025-05-04,2025-05-04,22.7,1450.79,On-time,False
SH004122,W01,ST10,CR02,2025-05-04,2025-05-06,2025-05-06,221.4,9529.52,On-time,False
SH004123,W02,ST10,CR05,2025-05-05,2025-05-06,2025-05-06,32.9,2046.38,On-time,False
SH004124,W02,ST10,CR05,2025-05-06,2025-05-07,2025-05-07,32.2,1847.72,On-time,False
SH004125,W02,ST10,CR04,2025-05-08,2025-05-09,2025-05-09,11.7,1118.92,On-time,False
SH004126,W02,ST10,CR05,2025-05-09,2025-05-10,2025-05-10,32.8,1662.86,On-time,False
SH004127,W02,ST10,CR03,2025-05-11,2025-05-12,2025-05-12,11.9,1596.17,On-time,False
SH004128,W02,ST10,CR05,2025-05-12,2025-05-13,2025-05-13,15.2,890.08,On-time,False
SH004129,W02,ST10,CR02,2025-05-13,2025-05-14,2025-05-14,8.7,,On-time,False
SH004130,W02,ST10,CR05,2025-05-15,2025-05-16,2025-05-16,26.2,1957.23,On-time,False
SH004131,W02,ST10,CR03,2025-05-16,2025-05-17,2025-05-17,17.2,1177.24,On-time,False
SH004132,W02,ST10,CR03,2025-05-17,2025-05-18,2025-05-18,14.2,1605.73,On-time,False
SH004133,W02,ST10,CR02,2025-05-18,2025-05-19,2025-05-20,22.5,1829.94,Delayed,False
SH004134,W02,ST10,CR02,2025-05-19,2025-05-20,2025-05-23,35.0,1969.21,Delayed,False
SH004135,W02,ST10,CR01,2025-05-21,2025-05-22,2025-05-22,16.2,1470.72,On-time,False
SH004136,W02,ST10,CR04,2025-05-23,2025-05-24,2025-05-27,33.8,1954.16,Delayed,False
SH004137,W02,ST10,CR04,2025-05-24,2025-05-25,2025-05-25,32.7,2346.37,On-time,False
SH004138,W02,ST10,CR01,2025-05-25,2025-05-26,2025-05-26,14.0,1391.49,On-time,False
SH004139,W02,ST10,CR02,2025-05-26,2025-05-27,2025-05-27,20.6,1702.84,On-time,False
SH004140,W03,ST10,CR02,2025-05-28,2025-05-31,2025-06-04,417.6,18339.42,Delayed,False
SH004141,W02,ST10,CR04,2025-05-30,2025-05-31,2025-05-31,33.9,1632.61,On-time,False
SH004142,W02,ST10,CR01,2025-05-31,2025-06-01,2025-06-01,13.9,1536.56,On-time,False
SH004143,W02,ST10,CR01,2025-06-02,2025-06-03,2025-06-03,31.6,1800.92,On-time,False
SH004144,W02,ST10,CR02,2025-06-03,2025-06-04,2025-06-04,20.0,1466.46,On-time,False
SH004145,W02,ST10,CR03,2025-06-05,2025-06-06,2025-06-06,30.1,1603.55,On-time,False
SH004146,W02,ST10,CR01,2025-06-06,2025-06-07,2025-06-09,20.9,,Delayed,False
SH004147,W02,ST10,CR01,2025-06-07,2025-06-08,2025-06-12,30.5,1500.11,Delayed,False
SH004148,W03,ST10,CR02,2025-06-08,2025-06-11,2025-06-15,417.6,25169.36,Delayed,False
SH004149,W03,ST10,CR05,2025-06-09,2025-06-12,2025-06-15,417.6,18119.73,Delayed,False
SH004150,W03,ST10,CR01,2025-06-10,2025-06-13,2025-06-15,417.6,15587.25,Delayed,False
SH004151,W02,ST10,CR04,2025-06-12,2025-06-13,2025-06-14,33.7,1697.72,Delayed,False
SH004152,W02,ST10,CR03,2025-06-14,2025-06-15,2025-06-19,29.3,2265.12,Delayed,False
SH004153,W02,ST10,CR03,2025-06-15,2025-06-16,2025-06-18,18.2,875.12,Delayed,False
SH004154,W02,ST10,CR03,2025-06-17,2025-06-18,2025-06-18,15.5,1037.25,On-time,False
SH004155,W02,ST10,CR05,2025-06-18,2025-06-19,2025-06-19,18.8,1241.47,On-time,False
SH004156,W02,ST10,CR02,2025-06-20,2025-06-21,2025-06-21,20.4,1601.96,On-time,False
SH004157,W02,ST10,CR03,2025-06-21,2025-06-22,2025-06-22,13.7,1385.94,On-time,False
SH004158,W02,ST10,CR04,2025-06-23,2025-06-24,2025-06-24,11.4,845.71,On-time,False
SH004159,W02,ST10,CR04,2025-06-25,2025-06-26,2025-06-26,24.3,1523.73,On-time,False
SH004160,W01,ST10,CR01,2025-06-27,2025-06-29,2025-06-29,221.4,14102.39,On-time,False
SH004161,W02,ST10,CR01,2025-06-29,2025-06-30,2025-07-04,15.9,1184.72,Lost,False
SH004162,W02,ST10,CR05,2025-06-30,2025-07-01,2025-07-03,32.1,2057.36,Delayed,False
SH004163,W02,ST10,CR03,2025-07-01,2025-07-02,2025-07-05,5.8,940.9,Delayed,False
SH004164,W02,ST10,CR03,2025-07-03,2025-07-04,2025-07-04,25.5,1464.42,On-time,False
SH004165,W02,ST10,CR02,2025-07-04,2025-07-05,2025-07-05,10.7,1167.65,On-time,False
SH004166,W02,ST10,CR01,2025-07-05,2025-07-06,2025-07-06,25.6,1269.88,On-time,False
SH004167,W02,ST10,CR04,2025-07-07,2025-07-08,2025-07-09,8.2,895.78,Delayed,False
SH004168,W02,ST10,CR04,2025-07-08,2025-07-09,2025-07-09,28.5,1497.74,On-time,False
SH004169,W02,ST10,CR04,2025-07-09,2025-07-10,2025-07-12,20.8,1285.63,Delayed,False
SH004170,W02,ST10,CR05,2025-07-11,2025-07-12,2025-07-12,20.0,1657.82,Lost,False
SH004171,W03,ST10,CR03,2025-07-12,2025-07-15,2025-07-18,417.6,16650.58,Delayed,False
SH004172,W02,ST10,CR01,2025-07-13,2025-07-14,2025-07-14,15.1,1168.1,On-time,False
SH004173,W02,ST10,CR02,2025-07-14,2025-07-15,2025-07-15,11.2,924.96,On-time,False
SH004174,W02,ST10,CR01,2025-07-15,2025-07-16,2025-07-16,20.6,2272.39,On-time,False
SH004175,W03,ST10,CR05,2025-07-16,2025-07-19,2025-07-19,417.6,25516.69,On-time,False
SH004176,W02,ST10,CR02,2025-07-18,2025-07-19,2025-07-19,32.4,2091.43,On-time,False
SH004177,W02,ST10,CR02,2025-07-19,2025-07-20,2025-07-20,16.1,1001.07,On-time,False
SH004178,W02,ST10,CR02,2025-07-20,2025-07-21,2025-07-22,18.9,1442.12,Delayed,False
SH004179,W02,ST10,CR03,2025-07-22,2025-07-23,2025-07-23,13.0,1094.56,On-time,False
SH004180,W02,ST10,CR01,2025-07-23,2025-07-24,2025-07-24,9.4,702.69,On-time,False
SH004181,W02,ST10,CR02,2025-07-25,2025-07-26,2025-07-26,27.5,1782.41,On-time,False
SH004182,W02,ST10,CR05,2025-07-26,2025-07-27,2025-07-27,33.7,1626.7,On-time,False
SH004183,W02,ST10,CR02,2025-07-28,2025-07-29,2025-07-30,34.3,1866.08,Delayed,False
SH004184,W02,ST10,CR04,2025-07-29,2025-07-30,2025-07-31,34.7,1957.36,Delayed,False
SH004185,W02,ST10,CR01,2025-07-30,2025-07-31,2025-07-31,13.4,1025.84,On-time,False
SH004186,W03,ST10,CR03,2025-08-01,2025-08-04,2025-08-04,417.6,16603.89,On-time,False
SH004187,W02,ST10,CR01,2025-08-02,2025-08-03,2025-08-03,25.1,,On-time,False
SH004188,W02,ST10,CR04,2025-08-03,2025-08-04,2025-08-07,20.2,1866.24,Delayed,False
SH004189,W02,ST10,CR05,2025-08-05,2025-08-06,2025-08-09,21.1,2526.38,Delayed,False
SH004190,W02,ST10,CR01,2025-08-07,2025-08-08,2025-08-08,19.2,1593.08,On-time,False
SH004191,W02,ST10,CR04,2025-08-08,2025-08-09,2025-08-12,19.6,1911.08,Delayed,False
SH004192,W01,ST10,CR03,2025-08-09,2025-08-11,2025-08-14,221.4,12108.62,Delayed,False
SH004193,W02,ST10,CR01,2025-08-10,2025-08-11,2025-08-11,26.5,1431.92,On-time,False
SH004194,W02,ST10,CR04,2025-08-11,2025-08-12,2025-08-12,33.9,1510.59,On-time,False
SH004195,W02,ST10,CR01,2025-08-12,2025-08-13,2025-08-13,30.6,1671.77,On-time,False
SH004196,W01,ST10,CR03,2025-08-14,2025-08-16,2025-08-16,221.4,12176.78,Lost,False
SH004197,W03,ST10,CR02,2025-08-16,2025-08-19,2025-08-19,417.6,16809.02,On-time,False
SH004198,W02,ST10,CR05,2025-08-17,2025-08-18,2025-08-18,28.9,1520.97,On-time,False
SH004199,W02,ST10,CR01,2025-08-18,2025-08-19,2025-08-19,28.5,1734.95,On-time,False
SH004200,W02,ST10,CR01,2025-08-20,2025-08-21,2025-08-22,28.2,1580.85,Delayed,False
SH004201,W02,ST10,CR01,2025-08-22,2025-08-23,2025-08-23,32.3,2257.0,On-time,False
SH004202,W02,ST10,CR04,2025-08-23,2025-08-24,2025-08-27,16.8,1166.49,Delayed,False
SH004203,W02,ST10,CR01,2025-08-25,2025-08-26,2025-08-26,21.1,1257.86,On-time,False
SH004204,W02,ST10,CR01,2025-08-27,2025-08-28,2025-08-28,27.2,1883.79,On-time,False
SH004205,W02,ST10,CR01,2025-08-28,2025-08-29,2025-09-02,11.7,854.63,Delayed,False
SH004206,W02,ST10,CR01,2025-08-30,2025-08-31,2025-09-01,24.6,1838.7,Delayed,False
SH004207,W02,ST10,CR05,2025-09-01,2025-09-02,2025-09-02,11.7,888.76,On-time,False
SH004208,W02,ST10,CR03,2025-09-02,2025-09-03,2025-09-03,16.7,1273.01,On-time,False
SH004209,W02,ST10,CR05,2025-09-03,2025-09-04,2025-09-06,21.1,1540.61,Delayed,False
SH004210,W02,ST10,CR04,2025-09-04,2025-09-05,2025-09-09,25.4,1199.45,Delayed,False
SH004211,W02,ST10,CR05,2025-09-05,2025-09-06,2025-09-06,30.9,,On-time,False
SH004212,W02,ST10,CR04,2025-09-07,2025-09-08,2025-09-11,26.0,1535.66,Delayed,False
SH004213,W01,ST10,CR05,2025-09-08,2025-09-10,2025-09-11,221.4,11826.97,Delayed,False
SH004214,W02,ST10,CR02,2025-09-10,2025-09-11,2025-09-11,26.4,1615.37,On-time,False
SH004215,W02,ST10,CR03,2025-09-11,2025-09-12,2025-09-13,31.0,1752.94,Delayed,False
SH004216,W02,ST10,CR01,2025-09-13,2025-09-14,2025-09-14,20.4,1669.19,On-time,False
SH004217,W02,ST10,CR01,2025-09-15,2025-09-16,2025-09-16,29.1,1668.45,On-time,False
SH004218,W02,ST10,CR05,2025-09-16,2025-09-17,2025-09-17,20.6,1067.09,On-time,False
SH004219,W02,ST10,CR04,2025-09-17,2025-09-18,2025-09-18,34.4,1858.14,On-time,False
SH004220,W02,ST10,CR02,2025-09-19,2025-09-20,2025-09-24,5.3,909.05,Delayed,False
SH004221,W02,ST10,CR03,2025-09-20,2025-09-21,2025-09-21,15.4,915.21,On-time,False
SH004222,W02,ST10,CR04,2025-09-21,2025-09-22,2025-09-26,16.8,1577.42,Delayed,False
SH004223,W02,ST10,CR03,2025-09-23,2025-09-24,2025-09-24,10.2,1085.95,On-time,False
SH004224,W02,ST10,CR02,2025-09-24,2025-09-25,2025-09-25,9.4,842.8,On-time,False
SH004225,W02,ST10,CR02,2025-09-25,2025-09-26,2025-09-26,22.3,,On-time,False
SH004226,W02,ST10,CR01,2025-09-26,2025-09-27,2025-09-27,20.8,1638.62,On-time,False
SH004227,W02,ST10,CR03,2025-09-28,2025-09-29,2025-09-29,24.5,1808.78,Lost,False
SH004228,W02,ST10,CR05,2025-09-30,2025-10-01,2025-10-01,5.3,796.46,On-time,False
SH004229,W02,ST10,CR01,2025-10-01,2025-10-02,2025-10-02,16.3,1180.43,On-time,False
SH004230,W02,ST10,CR02,2025-10-03,2025-10-04,2025-10-04,10.4,759.64,On-time,False
SH004231,W02,ST10,CR03,2025-10-04,2025-10-05,2025-10-05,31.5,1700.07,On-time,False
SH004232,W02,ST10,CR01,2025-10-06,2025-10-07,2025-10-07,27.9,1921.36,On-time,False
SH004233,W02,ST10,CR02,2025-10-08,2025-10-09,2025-10-09,19.8,1357.69,On-time,False
SH004234,W02,ST10,CR03,2025-10-09,2025-10-10,2025-10-10,32.2,1924.69,On-time,False
SH004235,W02,ST10,CR04,2025-10-11,2025-10-12,2025-10-12,33.8,1882.61,On-time,False
SH004236,W02,ST10,CR01,2025-10-13,2025-10-14,2025-10-14,8.2,732.22,On-time,False
SH004237,W02,ST10,CR01,2025-10-14,2025-10-15,2025-10-15,19.6,1653.56,On-time,False
SH004238,W02,ST10,CR05,2025-10-15,2025-10-16,2025-10-16,9.9,918.93,Damaged,False
SH004239,W02,ST10,CR03,2025-10-16,2025-10-17,2025-10-17,18.7,1114.05,On-time,False
SH004240,W02,ST10,CR02,2025-10-18,2025-10-19,2025-10-19,21.0,1777.44,On-time,False
SH004241,W02,ST10,CR03,2025-10-20,2025-10-21,2025-10-21,10.1,1065.82,On-time,False
SH004242,W02,ST10,CR03,2025-10-22,2025-10-23,2025-10-23,21.5,2218.41,On-time,False
SH004243,W02,ST10,CR03,2025-10-23,2025-10-24,2025-10-24,16.3,1798.05,On-time,False
SH004244,W02,ST10,CR02,2025-10-24,2025-10-25,2025-10-25,21.2,1311.84,On-time,False
SH004245,W02,ST10,CR04,2025-10-25,2025-10-26,2025-10-26,34.0,2221.36,On-time,False
SH004246,W02,ST10,CR04,2025-10-26,2025-10-27,2025-10-30,15.8,1262.57,Delayed,False
SH004247,W02,ST10,CR03,2025-10-27,2025-10-28,2025-10-28,17.7,1060.12,On-time,False
SH004248,W02,ST10,CR03,2025-10-29,2025-10-30,2025-10-30,16.4,,On-time,False
SH004249,W02,ST10,CR02,2025-10-30,2025-10-31,2025-11-04,11.1,670.53,Delayed,False
SH004250,W02,ST10,CR01,2025-10-31,2025-11-01,2025-11-01,14.7,1258.78,On-time,False
SH004251,W02,ST10,CR01,2025-11-01,2025-11-02,2025-11-02,13.5,1119.4,On-time,False
SH004252,W02,ST10,CR05,2025-11-02,2025-11-03,2025-11-03,23.2,1313.67,On-time,False
SH004253,W02,ST10,CR03,2025-11-04,2025-11-05,2025-11-05,27.3,1926.31,On-time,False
SH004254,W02,ST10,CR03,2025-11-06,2025-11-07,2025-11-08,12.7,,Delayed,False
SH004255,W01,ST10,CR01,2025-11-08,2025-11-10,2025-11-10,221.4,12503.2,On-time,False
SH004256,W02,ST10,CR01,2025-11-10,2025-11-11,2025-11-11,14.2,1173.21,On-time,False
SH004257,W02,ST10,CR01,2025-11-11,2025-11-12,2025-11-12,17.4,839.99,On-time,False
SH004258,W02,ST10,CR04,2025-11-12,2025-11-13,2025-11-17,34.1,1909.55,Delayed,False
SH004259,W02,ST10,CR02,2025-11-13,2025-11-14,2025-11-14,28.0,2060.84,On-time,False
SH004260,W02,ST10,CR01,2025-11-14,2025-11-15,2025-11-15,7.7,751.36,On-time,False
SH004261,W02,ST10,CR03,2025-11-16,2025-11-17,2025-11-17,23.2,1110.31,On-time,False
SH004262,W02,ST10,CR03,2025-11-17,2025-11-18,2025-11-18,14.8,1143.59,On-time,False
SH004263,W02,ST10,CR03,2025-11-19,2025-11-20,2025-11-20,14.7,1105.13,On-time,False
SH004264,W02,ST10,CR01,2025-11-21,2025-11-22,2025-11-22,11.8,1078.61,On-time,False
SH004265,W02,ST10,CR03,2025-11-23,2025-11-24,2025-11-24,10.4,1156.6,On-time,False
SH004266,W02,ST10,CR03,2025-11-25,2025-11-26,2025-11-26,24.9,1713.78,On-time,False
SH004267,W03,ST10,CR05,2025-11-26,2025-11-29,2025-11-29,417.6,18975.16,Damaged,False
SH004268,W01,ST10,CR04,2025-11-27,2025-11-29,2025-12-02,221.4,11058.01,Delayed,False
SH004269,W02,ST10,CR03,2025-11-28,2025-11-29,2025-11-29,10.4,1024.59,On-time,False
SH004270,W02,ST10,CR03,2025-11-29,2025-11-30,2025-11-30,22.0,1777.06,On-time,False
SH004271,W02,ST10,CR05,2025-12-01,2025-12-02,2025-12-02,10.4,1032.23,On-time,False
SH004272,W02,ST10,CR03,2025-12-02,2025-12-03,2025-12-03,8.3,690.46,On-time,False
SH004273,W02,ST10,CR02,2025-12-03,2025-12-04,2025-12-04,33.7,1557.45,On-time,False
SH004274,W01,ST10,CR02,2025-12-04,2025-12-06,2025-12-09,221.4,12431.68,Damaged,False
SH004275,W02,ST10,CR01,2025-12-05,2025-12-06,2025-12-07,22.7,1574.69,Delayed,False
SH004276,W02,ST10,CR04,2025-12-07,2025-12-08,2025-12-08,22.3,1352.33,On-time,False
SH004277,W02,ST10,CR02,2025-12-08,2025-12-09,2025-12-09,34.1,1916.32,On-time,False
SH004278,W02,ST10,CR03,2025-12-10,2025-12-11,2025-12-11,26.2,1597.44,On-time,False
SH004279,W02,ST10,CR03,2025-12-11,2025-12-12,2025-12-12,24.2,1355.47,On-time,False
SH004280,W02,ST10,CR03,2025-12-12,2025-12-13,2025-12-13,32.9,2188.93,On-time,False
SH004281,W02,ST10,CR02,2025-12-13,2025-12-14,2025-12-14,31.3,1438.31,On-time,False
SH004282,W01,ST10,CR02,2025-12-15,2025-12-17,2025-12-17,221.4,,On-time,False
SH004283,W02,ST10,CR03,2025-12-17,2025-12-18,2025-12-18,11.3,1031.72,On-time,False
SH004284,W02,ST10,CR02,2025-12-18,2025-12-19,2025-12-19,30.4,1288.93,On-time,False
SH004285,W02,ST10,CR04,2025-12-19,2025-12-20,2025-12-23,25.3,1361.84,Delayed,False
SH004286,W02,ST10,CR05,2025-12-20,2025-12-21,2025-12-21,17.3,1099.31,On-time,False
SH004287,W02,ST10,CR03,2025-12-22,2025-12-23,2025-12-25,9.3,689.85,Delayed,False
SH004288,W02,ST10,CR01,2025-12-24,2025-12-25,2025-12-27,14.8,785.65,Delayed,False
SH004289,W02,ST10,CR01,2025-12-26,2025-12-27,2025-12-27,13.2,789.34,On-time,False
SH004290,W02,ST10,CR01,2025-12-28,2025-12-29,2025-12-29,24.9,1777.35,On-time,False
SH004291,W02,ST10,CR04,2025-12-29,2025-12-30,2025-12-30,19.2,1302.13,On-time,False
SH004292,W02,ST10,CR02,2025-12-30,2025-12-31,2025-12-31,27.6,1918.07,On-time,False
SH004293,W02,ST10,CR02,2025-12-31,2026-01-01,,30.5,1691.47,In-Transit,False
SH004294,W02,ST11,CR01,2024-01-04,2024-01-05,2024-01-05,22.0,1547.56,On-time,False
SH004295,W02,ST11,CR04,2024-01-06,2024-01-07,2024-01-07,31.6,1665.94,On-time,False
SH004296,W02,ST11,CR01,2024-01-08,2024-01-09,2024-01-10,28.3,1933.56,Delayed,False
SH004297,W02,ST11,CR04,2024-01-10,2024-01-11,2024-01-13,20.3,1490.38,Delayed,False
SH004298,W02,ST11,CR05,2024-01-13,2024-01-14,2024-01-14,9.7,1367.45,On-time,False
SH004299,W02,ST11,CR02,2024-01-15,2024-01-16,2024-01-16,25.8,1433.13,On-time,False
SH004300,W02,ST11,CR02,2024-01-18,2024-01-19,2024-01-19,21.4,1595.45,On-time,False
SH004301,W02,ST11,CR05,2024-01-21,2024-01-22,2024-01-22,32.6,1997.98,On-time,False
SH004302,W02,ST11,CR01,2024-01-23,2024-01-24,2024-01-24,8.7,552.53,On-time,False
SH004303,W02,ST11,CR01,2024-01-25,2024-01-26,2024-01-26,23.4,1213.79,On-time,False
SH004304,W02,ST11,CR03,2024-01-27,2024-01-28,2024-01-28,11.3,1061.82,On-time,False
SH004305,W02,ST11,CR02,2024-01-30,2024-01-31,2024-01-31,32.4,2366.71,On-time,False
SH004306,W02,ST11,CR03,2024-02-02,2024-02-03,2024-02-03,8.8,734.54,On-time,False
SH004307,W02,ST11,CR05,2024-02-05,2024-02-06,2024-02-06,14.4,1202.59,On-time,False
SH004308,W02,ST11,CR03,2024-02-07,2024-02-08,2024-02-08,20.5,1464.75,On-time,False
SH004309,W02,ST11,CR01,2024-02-10,2024-02-11,2024-02-11,9.3,1414.48,On-time,False
SH004310,W02,ST11,CR01,2024-02-13,2024-02-14,2024-02-14,17.6,1443.67,Lost,False
SH004311,W02,ST11,CR01,2024-02-15,2024-02-16,2024-02-16,9.9,995.95,On-time,False
SH004312,W02,ST11,CR05,2024-02-18,2024-02-19,2024-02-19,17.6,1191.92,Lost,False
SH004313,W02,ST11,CR03,2024-02-20,2024-02-21,2024-02-25,19.9,1367.68,Delayed,False
SH004314,W02,ST11,CR02,2024-02-23,2024-02-24,2024-02-24,22.2,1354.52,On-time,False
SH004315,W02,ST11,CR03,2024-02-26,2024-02-27,2024-02-27,19.2,1456.35,On-time,False
SH004316,W01,ST11,CR05,2024-02-28,2024-03-01,2024-03-02,221.4,9208.74,Delayed,False
SH004317,W02,ST11,CR04,2024-03-02,2024-03-03,2024-03-03,10.0,929.56,On-time,False
SH004318,W02,ST11,CR03,2024-03-04,2024-03-05,2024-03-05,22.7,1377.32,On-time,False
SH004319,W02,ST11,CR01,2024-03-06,2024-03-07,2024-03-07,13.2,931.95,On-time,False
SH004320,W02,ST11,CR01,2024-03-09,2024-03-10,2024-03-10,11.3,1015.62,On-time,False
SH004321,W02,ST11,CR03,2024-03-12,2024-03-13,2024-03-13,19.4,1330.48,On-time,False
SH004322,W02,ST11,CR02,2024-03-14,2024-03-15,2024-03-15,22.8,1588.8,On-time,False
SH004323,W02,ST11,CR05,2024-03-16,2024-03-17,2024-03-17,14.7,870.72,On-time,False
SH004324,W02,ST11,CR05,2024-03-18,2024-03-19,2024-03-21,18.7,1078.96,Delayed,False
SH004325,W02,ST11,CR01,2024-03-21,2024-03-22,2024-03-22,17.4,1243.26,On-time,False
SH004326,W02,ST11,CR04,2024-03-24,2024-03-25,2024-03-28,21.3,2386.55,Delayed,False
SH004327,W02,ST11,CR02,2024-03-27,2024-03-28,2024-03-28,21.8,1567.66,On-time,False
SH004328,W01,ST11,CR02,2024-03-30,2024-04-01,2024-04-01,221.4,10645.73,On-time,False
SH004329,W02,ST11,CR05,2024-04-01,2024-04-02,2024-04-02,22.3,1395.37,On-time,False
SH004330,W02,ST11,CR05,2024-04-04,2024-04-05,2024-04-05,21.5,1197.01,On-time,False
SH004331,W02,ST11,CR04,2024-04-06,2024-04-07,2024-04-07,24.2,1382.17,On-time,False
SH004332,W02,ST11,CR03,2024-04-08,2024-04-09,2024-04-09,5.2,874.91,On-time,False
SH004333,W02,ST11,CR05,2024-04-10,2024-04-11,2024-04-11,11.1,661.68,Lost,False
SH004334,W02,ST11,CR05,2024-04-12,2024-04-13,2024-04-13,22.9,1630.63,On-time,False
SH004335,W02,ST11,CR03,2024-04-15,2024-04-16,2024-04-16,16.5,1573.24,On-time,False
SH004336,W02,ST11,CR03,2024-04-17,2024-04-18,2024-04-18,12.0,,On-time,False
SH004337,W03,ST11,CR05,2024-04-19,2024-04-22,2024-04-22,417.6,21013.0,On-time,False
SH004338,W02,ST11,CR03,2024-04-21,2024-04-22,2024-04-22,25.9,1534.35,On-time,False
SH004339,W02,ST11,CR03,2024-04-23,2024-04-24,2024-04-24,15.2,1674.19,On-time,False
SH004340,W02,ST11,CR02,2024-04-26,2024-04-27,2024-04-29,23.3,1214.22,Delayed,False
SH004341,W02,ST11,CR01,2024-04-28,2024-04-29,2024-04-29,34.1,2410.12,On-time,False
SH004342,W02,ST11,CR05,2024-05-01,2024-05-02,2024-05-02,19.5,1379.36,On-time,False
SH004343,W02,ST11,CR03,2024-05-03,2024-05-04,2024-05-04,29.3,1655.12,On-time,False
SH004344,W02,ST11,CR02,2024-05-05,2024-05-06,2024-05-06,19.1,1165.48,On-time,False
SH004345,W02,ST11,CR03,2024-05-07,2024-05-08,2024-05-11,14.0,958.85,Delayed,False
SH004346,W02,ST11,CR02,2024-05-10,2024-05-11,2024-05-11,19.0,1642.6,On-time,False
SH004347,W02,ST11,CR03,2024-05-13,2024-05-14,2024-05-14,16.8,1203.25,On-time,False
SH004348,W03,ST11,CR01,2024-05-15,2024-05-18,2024-05-18,417.6,17220.56,On-time,False
SH004349,W01,ST11,CR03,2024-05-18,2024-05-20,2024-05-21,221.4,10840.03,Delayed,False
SH004350,W02,ST11,CR04,2024-05-21,2024-05-22,2024-05-25,29.5,1982.54,Delayed,False
SH004351,W03,ST11,CR01,2024-05-24,2024-05-27,2024-05-27,417.6,19543.19,On-time,False
SH004352,W02,ST11,CR03,2024-05-26,2024-05-27,2024-05-27,8.6,1190.83,On-time,False
SH004353,W02,ST11,CR04,2024-05-28,2024-05-29,2024-05-29,26.4,,On-time,False
SH004354,W02,ST11,CR01,2024-05-31,2024-06-01,2024-06-01,22.2,1571.49,On-time,False
SH004355,W02,ST11,CR01,2024-06-02,2024-06-03,2024-06-06,9.3,970.43,Delayed,False
SH004356,W02,ST11,CR01,2024-06-04,2024-06-05,2024-06-05,13.6,1200.64,On-time,False
SH004357,W02,ST11,CR01,2024-06-07,2024-06-08,2024-06-09,29.2,2141.4,Delayed,False
SH004358,W02,ST11,CR01,2024-06-09,2024-06-10,2024-06-10,12.9,1303.87,On-time,False
SH004359,W02,ST11,CR01,2024-06-11,2024-06-12,2024-06-12,33.2,2029.48,On-time,False
SH004360,W02,ST11,CR03,2024-06-14,2024-06-15,2024-06-17,13.1,1242.75,Delayed,False
SH004361,W02,ST11,CR05,2024-06-16,2024-06-17,2024-06-17,33.9,1704.95,On-time,False
SH004362,W02,ST11,CR03,2024-06-19,2024-06-20,2024-06-20,11.1,848.7,On-time,False
SH004363,W02,ST11,CR02,2024-06-21,2024-06-22,2024-06-22,33.5,1685.46,On-time,False
SH004364,W02,ST11,CR05,2024-06-23,2024-06-24,2024-06-24,13.8,901.47,On-time,False
SH004365,W02,ST11,CR03,2024-06-25,2024-06-26,2024-06-28,13.5,1029.04,Delayed,False
SH004366,W02,ST11,CR02,2024-06-28,2024-06-29,2024-06-29,8.2,785.56,On-time,False
SH004367,W02,ST11,CR02,2024-07-01,2024-07-02,2024-07-02,19.1,1123.79,On-time,False
SH004368,W02,ST11,CR05,2024-07-03,2024-07-04,2024-07-04,34.8,1802.97,On-time,False
SH004369,W02,ST11,CR01,2024-07-05,2024-07-06,2024-07-06,10.8,820.09,On-time,False
SH004370,W02,ST11,CR03,2024-07-07,2024-07-08,2024-07-08,27.8,1563.05,On-time,False
SH004371,W02,ST11,CR01,2024-07-10,2024-07-11,2024-07-12,26.8,1933.25,Delayed,False
SH004372,W03,ST11,CR03,2024-07-13,2024-07-16,2024-07-20,417.6,15922.03,Delayed,False
SH004373,W02,ST11,CR05,2024-07-15,2024-07-16,2024-07-18,18.9,1404.13,Delayed,False
SH004374,W02,ST11,CR03,2024-07-18,2024-07-19,2024-07-19,23.4,1709.87,On-time,False
SH004375,W02,ST11,CR05,2024-07-20,2024-07-21,2024-07-21,9.1,723.56,On-time,False
SH004376,W02,ST11,CR02,2024-07-23,2024-07-24,2024-07-24,14.1,1156.06,On-time,False
SH004377,W02,ST11,CR02,2024-07-26,2024-07-27,2024-07-27,9.9,543.41,On-time,False
SH004378,W02,ST11,CR02,2024-07-28,2024-07-29,2024-07-29,32.4,2305.17,On-time,False
SH004379,W02,ST11,CR01,2024-07-30,2024-07-31,2024-08-03,14.6,1300.57,Delayed,False
SH004380,W02,ST11,CR04,2024-08-01,2024-08-02,2024-08-03,28.5,1846.26,Delayed,False
SH004381,W02,ST11,CR01,2024-08-04,2024-08-05,2024-08-05,21.6,1442.24,On-time,False
SH004382,W02,ST11,CR05,2024-08-07,2024-08-08,2024-08-10,14.2,1158.18,Damaged,False
SH004383,W02,ST11,CR05,2024-08-09,2024-08-10,2024-08-10,24.6,1623.73,On-time,False
SH004384,W02,ST11,CR01,2024-08-12,2024-08-13,2024-08-13,34.7,2190.42,On-time,False
SH004385,W02,ST11,CR02,2024-08-14,2024-08-15,2024-08-18,28.3,1868.86,Delayed,False
SH004386,W02,ST11,CR02,2024-08-17,2024-08-18,2024-08-19,21.3,1887.18,Delayed,False
SH004387,W02,ST11,CR05,2024-08-19,2024-08-20,2024-08-20,15.7,1164.09,On-time,False
SH004388,W02,ST11,CR05,2024-08-22,2024-08-23,2024-08-24,31.6,1932.98,Delayed,False
SH004389,W02,ST11,CR04,2024-08-25,2024-08-26,2024-08-28,24.2,1917.99,Delayed,False
SH004390,W02,ST11,CR04,2024-08-27,2024-08-28,2024-08-28,12.7,1234.94,On-time,False
SH004391,W02,ST11,CR01,2024-08-29,2024-08-30,2024-08-30,25.5,1311.38,On-time,False
SH004392,W02,ST11,CR04,2024-08-31,2024-09-01,2024-09-02,26.0,1282.39,Delayed,False
SH004393,W02,ST11,CR05,2024-09-03,2024-09-04,2024-09-04,29.8,1592.24,On-time,False
SH004394,W02,ST11,CR03,2024-09-06,2024-09-07,2024-09-07,26.0,1983.73,On-time,False
SH004395,W02,ST11,CR05,2024-09-09,2024-09-10,2024-09-10,24.4,1499.16,On-time,False
SH004396,W02,ST11,CR01,2024-09-11,2024-09-12,2024-09-12,9.6,1127.91,On-time,False
SH004397,W02,ST11,CR05,2024-09-13,2024-09-14,2024-09-14,9.2,903.31,On-time,False
SH004398,W02,ST11,CR04,2024-09-15,2024-09-16,2024-09-17,27.6,1430.94,Delayed,False
SH004399,W02,ST11,CR01,2024-09-18,2024-09-19,2024-09-19,14.9,1061.95,On-time,False
SH004400,W02,ST11,CR03,2024-09-20,2024-09-21,2024-09-21,24.0,1571.67,On-time,False
SH004401,W02,ST11,CR05,2024-09-22,2024-09-23,2024-09-23,19.9,2209.31,On-time,False
SH004402,W02,ST11,CR02,2024-09-24,2024-09-25,2024-09-25,12.3,1382.43,On-time,False
SH004403,W01,ST11,CR01,2024-09-27,2024-09-29,2024-09-29,221.4,8464.91,On-time,False
SH004404,W02,ST11,CR01,2024-09-30,2024-10-01,2024-10-01,23.2,1393.1,On-time,False
SH004405,W02,ST11,CR01,2024-10-03,2024-10-04,2024-10-07,28.8,1599.75,Delayed,False
SH004406,W02,ST11,CR04,2024-10-05,2024-10-06,2024-10-06,19.6,1276.07,On-time,False
SH004407,W02,ST11,CR01,2024-10-08,2024-10-09,2024-10-09,19.6,1130.03,On-time,False
SH004408,W02,ST11,CR02,2024-10-10,2024-10-11,2024-10-13,12.8,748.54,Delayed,False
SH004409,W02,ST11,CR05,2024-10-13,2024-10-14,2024-10-14,18.7,1355.74,On-time,False
SH004410,W02,ST11,CR03,2024-10-15,2024-10-16,2024-10-16,21.5,,On-time,False
SH004411,W02,ST11,CR04,2024-10-17,2024-10-18,2024-10-18,16.0,1258.39,On-time,False
SH004412,W02,ST11,CR05,2024-10-20,2024-10-21,2024-10-21,10.6,,Damaged,False
SH004413,W02,ST11,CR05,2024-10-22,2024-10-23,2024-10-23,22.9,1458.05,On-time,False
SH004414,W02,ST11,CR03,2024-10-24,2024-10-25,2024-10-25,28.8,1266.36,On-time,False
SH004415,W02,ST11,CR05,2024-10-26,2024-10-27,2024-10-27,9.7,834.12,On-time,False
SH004416,W02,ST11,CR04,2024-10-28,2024-10-29,2024-10-29,10.1,871.48,On-time,False
SH004417,W02,ST11,CR02,2024-10-31,2024-11-01,2024-11-01,12.6,925.23,On-time,False
SH004418,W02,ST11,CR02,2024-11-02,2024-11-03,2024-11-03,15.5,1092.39,On-time,False
SH004419,W02,ST11,CR05,2024-11-05,2024-11-06,2024-11-06,31.5,1605.68,On-time,False
SH004420,W03,ST11,CR03,2024-11-07,2024-11-10,2024-11-10,417.6,24796.37,On-time,False
SH004421,W02,ST11,CR04,2024-11-10,2024-11-11,2024-11-11,9.3,711.09,On-time,False
SH004422,W02,ST11,CR03,2024-11-13,2024-11-14,2024-11-14,15.9,1474.91,On-time,False
SH004423,W02,ST11,CR03,2024-11-15,2024-11-16,2024-11-16,34.9,2227.77,On-time,False
SH004424,W02,ST11,CR02,2024-11-17,2024-11-18,2024-11-18,19.0,1371.76,On-time,False
SH004425,W02,ST11,CR03,2024-11-20,2024-11-21,2024-11-21,22.4,1573.38,On-time,False
SH004426,W02,ST11,CR01,2024-11-23,2024-11-24,2024-11-27,31.1,1633.53,Delayed,False
SH004427,W02,ST11,CR01,2024-11-25,2024-11-26,2024-11-26,11.1,1120.35,On-time,False
SH004428,W02,ST11,CR03,2024-11-27,2024-11-28,2024-11-28,22.1,1371.04,On-time,False
SH004429,W02,ST11,CR03,2024-11-29,2024-11-30,2024-11-30,19.5,1067.09,On-time,False
SH004430,W02,ST11,CR01,2024-12-02,2024-12-03,2024-12-03,27.8,1780.9,On-time,False
SH004431,W02,ST11,CR02,2024-12-05,2024-12-06,2024-12-06,10.9,1254.91,On-time,False
SH004432,W01,ST11,CR01,2024-12-07,2024-12-09,2024-12-09,221.4,10557.13,On-time,False
SH004433,W02,ST11,CR03,2024-12-10,2024-12-11,2024-12-11,22.9,1542.28,On-time,False
SH004434,W02,ST11,CR05,2024-12-12,2024-12-13,2024-12-13,17.7,1112.32,On-time,False
SH004435,W02,ST11,CR03,2024-12-15,2024-12-16,2024-12-16,13.7,673.35,On-time,False
SH004436,W02,ST11,CR05,2024-12-17,2024-12-18,2024-12-18,16.5,1871.81,On-time,False
SH004437,W02,ST11,CR05,2024-12-20,2024-12-21,2024-12-21,21.4,1892.42,On-time,False
SH004438,W02,ST11,CR01,2024-12-23,2024-12-24,2024-12-24,12.8,1045.98,On-time,False
SH004439,W02,ST11,CR05,2024-12-25,2024-12-26,2024-12-26,24.7,1733.11,On-time,False
SH004440,W02,ST11,CR01,2024-12-27,2024-12-28,2024-12-28,18.5,1590.38,On-time,False
SH004441,W02,ST11,CR01,2024-12-30,2024-12-31,2024-12-31,10.4,958.76,On-time,False
SH004442,W02,ST11,CR05,2025-01-01,2025-01-02,2025-01-02,24.9,1387.78,On-time,False
SH004443,W02,ST11,CR02,2025-01-03,2025-01-04,2025-01-04,9.3,1101.57,On-time,False
SH004444,W02,ST11,CR01,2025-01-05,2025-01-06,2025-01-06,17.6,1015.54,On-time,False
SH004445,W02,ST11,CR01,2025-01-07,2025-01-08,2025-01-12,33.3,2109.91,Delayed,False
SH004446,W02,ST11,CR03,2025-01-09,2025-01-10,2025-01-10,11.1,1110.45,On-time,False
SH004447,W02,ST11,CR05,2025-01-11,2025-01-12,2025-01-12,29.9,1381.28,On-time,False
SH004448,W02,ST11,CR05,2025-01-13,2025-01-14,2025-01-14,26.2,1422.67,On-time,False
SH004449,W02,ST11,CR03,2025-01-16,2025-01-17,2025-01-17,29.3,1836.0,On-time,False
SH004450,W02,ST11,CR03,2025-01-19,2025-01-20,2025-01-20,9.1,864.32,On-time,False
SH004451,W02,ST11,CR05,2025-01-22,2025-01-23,2025-01-23,25.8,1503.2,On-time,False
SH004452,W02,ST11,CR02,2025-01-25,2025-01-26,2025-01-26,34.1,1858.03,On-time,False
SH004453,W02,ST11,CR01,2025-01-27,2025-01-28,2025-01-28,17.3,1454.59,On-time,False
SH004454,W02,ST11,CR03,2025-01-29,2025-01-30,2025-01-30,14.2,1173.26,On-time,False
SH004455,W02,ST11,CR03,2025-02-01,2025-02-02,2025-02-06,23.1,1424.97,Delayed,False
SH004456,W02,ST11,CR01,2025-02-04,2025-02-05,2025-02-05,32.6,1744.71,On-time,False
SH004457,W02,ST11,CR05,2025-02-07,2025-02-08,2025-02-08,17.9,1269.21,On-time,False
SH004458,W02,ST11,CR04,2025-02-11,2025-02-12,2025-02-12,12.1,780.65,On-time,False
SH004459,W02,ST11,CR02,2025-02-13,2025-02-14,2025-02-17,27.9,1606.03,Delayed,False
SH004460,W02,ST11,CR02,2025-02-16,2025-02-17,2025-02-17,20.5,1231.75,On-time,False
SH004461,W02,ST11,CR02,2025-02-18,2025-02-19,2025-02-19,14.2,1038.53,On-time,False
SH004462,W02,ST11,CR01,2025-02-21,2025-02-22,2025-02-22,19.1,1079.56,On-time,False
SH004463,W03,ST11,CR01,2025-02-24,2025-02-27,2025-02-27,417.6,18689.96,On-time,False
SH004464,W02,ST11,CR03,2025-02-26,2025-02-27,2025-02-27,8.2,,On-time,False
SH004465,W02,ST11,CR03,2025-02-28,2025-03-01,2025-03-05,30.8,1744.31,Delayed,False
SH004466,W02,ST11,CR02,2025-03-03,2025-03-04,2025-03-05,26.9,1646.24,Delayed,False
SH004467,W02,ST11,CR01,2025-03-05,2025-03-06,2025-03-06,31.5,1914.25,On-time,False
SH004468,W02,ST11,CR01,2025-03-08,2025-03-09,2025-03-09,21.7,1395.4,On-time,False
SH004469,W02,ST11,CR04,2025-03-10,2025-03-11,2025-03-11,33.6,1870.16,On-time,False
SH004470,W02,ST11,CR01,2025-03-13,2025-03-14,2025-03-18,11.0,1243.35,Delayed,False
SH004471,W02,ST11,CR01,2025-03-15,2025-03-16,2025-03-16,13.9,1047.37,On-time,False
SH004472,W02,ST11,CR01,2025-03-18,2025-03-19,2025-03-19,9.6,1340.1,On-time,False
SH004473,W02,ST11,CR01,2025-03-20,2025-03-21,2025-03-21,26.3,2112.95,On-time,False
SH004474,W02,ST11,CR03,2025-03-22,2025-03-23,2025-03-26,15.6,1174.17,Delayed,False
SH004475,W03,ST11,CR03,2025-03-24,2025-03-27,2025-03-27,417.6,15808.98,On-time,False
SH004476,W03,ST11,CR02,2025-03-27,2025-03-30,2025-03-30,417.6,21972.12,On-time,False
SH004477,W02,ST11,CR01,2025-03-30,2025-03-31,2025-04-01,21.1,1430.21,Delayed,False
SH004478,W02,ST11,CR01,2025-04-02,2025-04-03,2025-04-03,19.8,1997.78,On-time,False
SH004479,W02,ST11,CR01,2025-04-04,2025-04-05,2025-04-05,25.5,1685.32,On-time,False
SH004480,W02,ST11,CR02,2025-04-07,2025-04-08,2025-04-08,18.5,1669.21,On-time,False
SH004481,W02,ST11,CR04,2025-04-10,2025-04-11,2025-04-11,18.8,1514.76,On-time,False
SH004482,W01,ST11,CR05,2025-04-12,2025-04-14,2025-04-16,221.4,,Delayed,False
SH004483,W02,ST11,CR05,2025-04-15,2025-04-16,2025-04-16,33.1,1950.91,On-time,False
SH004484,W02,ST11,CR04,2025-04-17,2025-04-18,2025-04-22,23.5,1453.4,Delayed,False
SH004485,W02,ST11,CR02,2025-04-19,2025-04-20,2025-04-20,33.3,1731.51,On-time,False
SH004486,W02,ST11,CR05,2025-04-22,2025-04-23,2025-04-23,11.7,1584.11,On-time,False
SH004487,W03,ST11,CR05,2025-04-25,2025-04-28,2025-04-28,417.6,22091.61,On-time,False
SH004488,W02,ST11,CR04,2025-04-27,2025-04-28,2025-04-28,10.8,971.91,On-time,False
SH004489,W02,ST11,CR01,2025-04-30,2025-05-01,2025-05-03,29.9,1581.98,Delayed,False
SH004490,W02,ST11,CR05,2025-05-03,2025-05-04,2025-05-04,16.9,1525.8,On-time,False
SH004491,W02,ST11,CR02,2025-05-05,2025-05-06,2025-05-06,14.0,1314.72,On-time,False
SH004492,W01,ST11,CR02,2025-05-08,2025-05-10,2025-05-10,221.4,10291.54,On-time,False
SH004493,W02,ST11,CR01,2025-05-10,2025-05-11,2025-05-11,24.0,1372.19,On-time,False
SH004494,W01,ST11,CR03,2025-05-13,2025-05-15,2025-05-17,221.4,,Delayed,False
SH004495,W02,ST11,CR01,2025-05-15,2025-05-16,2025-05-16,11.8,1141.29,On-time,False
SH004496,W02,ST11,CR05,2025-05-17,2025-05-18,2025-05-18,31.5,1767.03,On-time,False
SH004497,W02,ST11,CR03,2025-05-19,2025-05-20,2025-05-20,21.7,1755.59,On-time,False
SH004498,W02,ST11,CR04,2025-05-21,2025-05-22,2025-05-22,9.3,686.68,On-time,False
SH004499,W02,ST11,CR01,2025-05-24,2025-05-25,2025-05-25,30.9,2253.45,On-time,False
SH004500,W02,ST11,CR04,2025-05-26,2025-05-27,2025-05-28,26.1,,Delayed,False
SH004501,W02,ST11,CR05,2025-05-28,2025-05-29,2025-05-29,31.9,2010.6,On-time,False
SH004502,W02,ST11,CR05,2025-05-30,2025-05-31,2025-05-31,33.0,2264.54,On-time,False
SH004503,W02,ST11,CR02,2025-06-02,2025-06-03,2025-06-06,18.9,,Delayed,False
SH004504,W02,ST11,CR02,2025-06-04,2025-06-05,2025-06-05,11.9,1251.23,Damaged,False
SH004505,W02,ST11,CR01,2025-06-07,2025-06-08,2025-06-08,13.6,938.67,On-time,False
SH004506,W02,ST11,CR05,2025-06-10,2025-06-11,2025-06-14,33.3,2267.58,Delayed,False
SH004507,W02,ST11,CR05,2025-06-13,2025-06-14,2025-06-14,24.5,1513.25,On-time,False
SH004508,W02,ST11,CR01,2025-06-15,2025-06-16,2025-06-18,34.5,1785.07,Delayed,False
SH004509,W02,ST11,CR04,2025-06-17,2025-06-18,2025-06-18,9.7,658.96,On-time,False
SH004510,W02,ST11,CR03,2025-06-20,2025-06-21,2025-06-22,13.9,1528.71,Delayed,False
SH004511,W02,ST11,CR02,2025-06-23,2025-06-24,2025-06-24,11.8,1368.69,On-time,False
SH004512,W02,ST11,CR05,2025-06-25,2025-06-26,2025-06-26,16.7,977.81,On-time,False
SH004513,W02,ST11,CR04,2025-06-27,2025-06-28,2025-06-28,19.0,1132.6,On-time,False
SH004514,W02,ST11,CR05,2025-06-30,2025-07-01,2025-07-01,29.5,1811.77,On-time,False
SH004515,W02,ST11,CR03,2025-07-02,2025-07-03,2025-07-03,30.8,1411.71,On-time,False
SH004516,W02,ST11,CR04,2025-07-05,2025-07-06,2025-07-06,10.9,770.2,On-time,False
SH004517,W02,ST11,CR02,2025-07-08,2025-07-09,2025-07-13,30.3,1970.76,Delayed,False
SH004518,W02,ST11,CR03,2025-07-11,2025-07-12,2025-07-12,14.2,1412.09,On-time,False
SH004519,W02,ST11,CR03,2025-07-14,2025-07-15,2025-07-18,27.1,1559.6,Delayed,False
SH004520,W02,ST11,CR03,2025-07-17,2025-07-18,2025-07-18,30.2,1516.97,On-time,False
SH004521,W02,ST11,CR01,2025-07-20,2025-07-21,2025-07-21,32.4,1942.04,On-time,False
SH004522,W03,ST11,CR05,2025-07-23,2025-07-26,2025-07-26,417.6,15762.52,On-time,False
SH004523,W03,ST11,CR05,2025-07-26,2025-07-29,2025-07-29,417.6,20115.21,On-time,False
SH004524,W02,ST11,CR03,2025-07-28,2025-07-29,2025-07-29,33.9,2133.44,On-time,False
SH004525,W02,ST11,CR01,2025-07-31,2025-08-01,2025-08-03,28.2,2024.56,Delayed,False
SH004526,W02,ST11,CR05,2025-08-02,2025-08-03,2025-08-04,16.9,1159.95,Delayed,False
SH004527,W02,ST11,CR05,2025-08-05,2025-08-06,2025-08-07,24.0,,Delayed,False
SH004528,W02,ST11,CR02,2025-08-08,2025-08-09,2025-08-10,8.5,684.64,Delayed,False
SH004529,W02,ST11,CR02,2025-08-12,2025-08-13,2025-08-13,12.7,793.84,On-time,False
SH004530,W02,ST11,CR01,2025-08-15,2025-08-16,2025-08-16,33.0,2222.99,On-time,False
SH004531,W02,ST11,CR02,2025-08-17,2025-08-18,2025-08-19,30.0,1773.93,Damaged,False
SH004532,W02,ST11,CR01,2025-08-19,2025-08-20,2025-08-20,34.0,2121.92,On-time,False
SH004533,W02,ST11,CR02,2025-08-21,2025-08-22,2025-08-22,23.7,1478.67,On-time,False
SH004534,W02,ST11,CR03,2025-08-23,2025-08-24,2025-08-24,17.8,1111.68,On-time,False
SH004535,W03,ST11,CR03,2025-08-25,2025-08-28,2025-08-28,417.6,15901.88,On-time,False
SH004536,W02,ST11,CR03,2025-08-28,2025-08-29,2025-08-29,30.8,1935.4,On-time,False
SH004537,W03,ST11,CR03,2025-08-31,2025-09-03,2025-09-04,417.6,19857.54,Delayed,False
SH004538,W02,ST11,CR03,2025-09-02,2025-09-03,2025-09-03,12.3,1775.53,On-time,False
SH004539,W02,ST11,CR02,2025-09-05,2025-09-06,2025-09-08,17.4,1061.45,Delayed,False
SH004540,W02,ST11,CR05,2025-09-08,2025-09-09,2025-09-09,21.8,1196.49,On-time,False
SH004541,W02,ST11,CR02,2025-09-11,2025-09-12,2025-09-12,19.3,1044.15,Damaged,False
SH004542,W02,ST11,CR02,2025-09-14,2025-09-15,2025-09-19,17.5,1407.36,Delayed,False
SH004543,W02,ST11,CR05,2025-09-17,2025-09-18,2025-09-18,8.5,994.75,On-time,False
SH004544,W02,ST11,CR02,2025-09-20,2025-09-21,2025-09-25,11.1,847.74,Delayed,False
SH004545,W02,ST11,CR03,2025-09-23,2025-09-24,2025-09-27,34.3,1998.69,Delayed,False
SH004546,W02,ST11,CR01,2025-09-25,2025-09-26,2025-09-26,20.5,1026.67,On-time,False
SH004547,W02,ST11,CR05,2025-09-27,2025-09-28,2025-09-28,24.0,1545.94,On-time,False
SH004548,W02,ST11,CR04,2025-09-30,2025-10-01,2025-10-03,27.5,1770.97,Damaged,False
SH004549,W02,ST11,CR05,2025-10-02,2025-10-03,2025-10-03,25.4,1437.12,On-time,False
SH004550,W02,ST11,CR02,2025-10-04,2025-10-05,2025-10-05,17.6,,On-time,False
SH004551,W03,ST11,CR04,2025-10-06,2025-10-09,2025-10-09,417.6,20581.53,On-time,False
SH004552,W02,ST11,CR03,2025-10-08,2025-10-09,2025-10-11,28.1,1590.04,Delayed,False
SH004553,W02,ST11,CR01,2025-10-10,2025-10-11,2025-10-11,19.3,1070.48,On-time,False
SH004554,W02,ST11,CR01,2025-10-13,2025-10-14,2025-10-14,12.5,958.88,On-time,False
SH004555,W02,ST11,CR02,2025-10-16,2025-10-17,2025-10-17,28.3,1561.76,On-time,False
SH004556,W01,ST11,CR02,2025-10-19,2025-10-21,2025-10-21,221.4,8505.72,On-time,False
SH004557,W02,ST11,CR04,2025-10-21,2025-10-22,2025-10-22,16.9,1426.99,On-time,False
SH004558,W02,ST11,CR03,2025-10-24,2025-10-25,2025-10-25,19.3,1086.13,On-time,False
SH004559,W02,ST11,CR02,2025-10-26,2025-10-27,2025-10-27,26.9,1979.49,On-time,False
SH004560,W02,ST11,CR04,2025-10-29,2025-10-30,2025-10-30,29.5,1576.88,On-time,False
SH004561,W02,ST11,CR02,2025-10-31,2025-11-01,2025-11-01,31.0,1954.15,On-time,False
SH004562,W02,ST11,CR04,2025-11-03,2025-11-04,2025-11-04,35.0,2016.47,On-time,False
SH004563,W02,ST11,CR04,2025-11-06,2025-11-07,2025-11-07,8.9,1201.81,On-time,False
SH004564,W02,ST11,CR04,2025-11-09,2025-11-10,2025-11-10,16.0,1147.17,On-time,False
SH004565,W02,ST11,CR05,2025-11-12,2025-11-13,2025-11-13,12.4,1225.23,On-time,False
SH004566,W02,ST11,CR05,2025-11-14,2025-11-15,2025-11-15,25.3,1733.14,On-time,False
SH004567,W02,ST11,CR02,2025-11-16,2025-11-17,2025-11-17,28.3,1566.26,On-time,False
SH004568,W02,ST11,CR03,2025-11-19,2025-11-20,2025-11-20,10.9,796.68,On-time,False
SH004569,W02,ST11,CR05,2025-11-21,2025-11-22,2025-11-22,14.4,1280.04,On-time,False
SH004570,W02,ST11,CR02,2025-11-24,2025-11-25,2025-11-29,24.5,1695.76,Delayed,False
SH004571,W02,ST11,CR02,2025-11-27,2025-11-28,2025-11-30,12.6,1178.17,Delayed,False
SH004572,W02,ST11,CR05,2025-11-30,2025-12-01,2025-12-01,14.7,968.93,On-time,False
SH004573,W02,ST11,CR02,2025-12-03,2025-12-04,2025-12-04,17.3,1321.41,On-time,False
SH004574,W02,ST11,CR02,2025-12-05,2025-12-06,2025-12-06,21.1,1135.19,On-time,False
SH004575,W02,ST11,CR02,2025-12-08,2025-12-09,2025-12-09,9.8,1331.99,On-time,False
SH004576,W02,ST11,CR03,2025-12-11,2025-12-12,2025-12-12,32.1,1856.99,On-time,False
SH004577,W02,ST11,CR02,2025-12-14,2025-12-15,2025-12-15,23.7,1310.4,On-time,False
SH004578,W02,ST11,CR02,2025-12-16,2025-12-17,2025-12-17,14.8,1235.61,On-time,False
SH004579,W02,ST11,CR03,2025-12-19,2025-12-20,2025-12-20,9.6,823.73,On-time,False
SH004580,W02,ST11,CR01,2025-12-21,2025-12-22,2025-12-22,25.6,1457.94,On-time,False
SH004581,W02,ST11,CR02,2025-12-24,2025-12-25,2025-12-25,32.1,1373.96,Damaged,False
SH004582,W02,ST11,CR02,2025-12-27,2025-12-28,2025-12-28,13.8,830.45,On-time,False
SH004583,W02,ST11,CR01,2025-12-30,2025-12-31,2025-12-31,19.3,,On-time,False
SH004584,W01,ST12,CR05,2024-01-03,2024-01-04,2024-01-04,123.3,6381.78,On-time,False
SH004585,W01,ST12,CR01,2024-01-08,2024-01-09,2024-01-09,123.3,4808.95,Damaged,False
SH004586,W01,ST12,CR04,2024-01-13,2024-01-14,2024-01-14,123.3,7033.11,On-time,False
SH004587,W01,ST12,CR05,2024-01-18,2024-01-19,2024-01-22,123.3,7505.58,Delayed,False
SH004588,W01,ST12,CR05,2024-01-23,2024-01-24,2024-01-28,123.3,6168.46,Delayed,False
SH004589,W01,ST12,CR01,2024-01-27,2024-01-28,2024-01-28,123.3,7217.36,On-time,False
SH004590,W01,ST12,CR03,2024-01-31,2024-02-01,2024-02-01,123.3,6316.69,On-time,False
SH004591,W01,ST12,CR03,2024-02-05,2024-02-06,2024-02-06,123.3,5223.45,On-time,False
SH004592,W01,ST12,CR02,2024-02-11,2024-02-12,2024-02-13,123.3,6945.06,Delayed,False
SH004593,W01,ST12,CR01,2024-02-16,2024-02-17,2024-02-19,123.3,7574.73,Delayed,False
SH004594,W01,ST12,CR05,2024-02-21,2024-02-22,2024-02-22,123.3,5881.26,On-time,False
SH004595,W01,ST12,CR05,2024-02-26,2024-02-27,2024-02-27,123.3,7133.37,On-time,False
SH004596,W01,ST12,CR01,2024-03-02,2024-03-03,2024-03-03,123.3,6676.43,Lost,False
SH004597,W01,ST12,CR05,2024-03-07,2024-03-08,2024-03-08,123.3,5561.11,On-time,False
SH004598,W03,ST12,CR02,2024-03-11,2024-03-13,2024-03-13,270.1,8991.48,On-time,False
SH004599,W01,ST12,CR05,2024-03-17,2024-03-18,2024-03-18,123.3,6097.79,On-time,False
SH004600,W01,ST12,CR01,2024-03-23,2024-03-24,2024-03-24,123.3,6111.67,On-time,False
SH004601,W03,ST12,CR05,2024-03-29,2024-03-31,2024-03-31,270.1,12272.72,On-time,False
SH004602,W01,ST12,CR05,2024-04-02,2024-04-03,2024-04-03,123.3,6341.33,On-time,False
SH004603,W03,ST12,CR02,2024-04-07,2024-04-09,2024-04-09,270.1,12392.39,On-time,False
SH004604,W01,ST12,CR05,2024-04-12,2024-04-13,2024-04-13,123.3,,On-time,False
SH004605,W01,ST12,CR05,2024-04-18,2024-04-19,2024-04-19,123.3,7059.64,On-time,False
SH004606,W01,ST12,CR05,2024-04-23,2024-04-24,2024-04-24,123.3,5972.08,On-time,False
SH004607,W01,ST12,CR05,2024-04-28,2024-04-29,2024-04-29,123.3,6281.53,On-time,False
SH004608,W01,ST12,CR03,2024-05-01,2024-05-02,2024-05-06,123.3,4969.05,Delayed,False
SH004609,W01,ST12,CR03,2024-05-07,2024-05-08,2024-05-08,123.3,5753.98,On-time,False
SH004610,W01,ST12,CR02,2024-05-12,2024-05-13,2024-05-13,123.3,5559.72,On-time,False
SH004611,W01,ST12,CR01,2024-05-16,2024-05-17,2024-05-17,123.3,5776.99,On-time,False
SH004612,W01,ST12,CR02,2024-05-21,2024-05-22,2024-05-22,123.3,5527.7,On-time,False
SH004613,W01,ST12,CR01,2024-05-24,2024-05-25,2024-05-25,123.3,7391.22,On-time,False
SH004614,W01,ST12,CR01,2024-05-28,2024-05-29,2024-05-29,123.3,5263.02,On-time,False
SH004615,W01,ST12,CR03,2024-06-02,2024-06-03,2024-06-03,123.3,7427.2,On-time,False
SH004616,W01,ST12,CR04,2024-06-08,2024-06-09,2024-06-09,123.3,6361.76,On-time,False
SH004617,W01,ST12,CR02,2024-06-13,2024-06-14,2024-06-14,123.3,7014.88,On-time,False
SH004618,W01,ST12,CR03,2024-06-18,2024-06-19,2024-06-19,123.3,5979.68,On-time,False
SH004619,W01,ST12,CR02,2024-06-22,2024-06-23,2024-06-23,123.3,5721.22,On-time,False
SH004620,W01,ST12,CR03,2024-06-25,2024-06-26,2024-06-26,123.3,5782.2,On-time,False
SH004621,W02,ST12,CR01,2024-06-28,2024-06-30,2024-06-30,161.0,9646.43,On-time,False
SH004622,W01,ST12,CR02,2024-07-03,2024-07-04,2024-07-06,123.3,5831.05,Delayed,False
SH004623,W01,ST12,CR05,2024-07-06,2024-07-07,2024-07-07,123.3,7294.7,On-time,False
SH004624,W01,ST12,CR03,2024-07-09,2024-07-10,2024-07-10,123.3,7709.87,On-time,False
SH004625,W02,ST12,CR01,2024-07-14,2024-07-16,2024-07-16,161.0,7900.52,On-time,False
SH004626,W01,ST12,CR01,2024-07-20,2024-07-21,2024-07-21,123.3,7072.75,On-time,False
SH004627,W01,ST12,CR01,2024-07-25,2024-07-26,2024-07-26,123.3,6048.0,On-time,False
SH004628,W03,ST12,CR05,2024-07-29,2024-07-31,2024-07-31,270.1,12658.18,On-time,False
SH004629,W01,ST12,CR04,2024-08-03,2024-08-04,2024-08-04,123.3,5528.85,On-time,False
SH004630,W01,ST12,CR04,2024-08-09,2024-08-10,2024-08-10,123.3,,On-time,False
SH004631,W01,ST12,CR02,2024-08-14,2024-08-15,2024-08-15,123.3,6153.34,On-time,False
SH004632,W01,ST12,CR03,2024-08-18,2024-08-19,2024-08-19,123.3,6428.17,On-time,False
SH004633,W01,ST12,CR03,2024-08-22,2024-08-23,2024-08-23,123.3,6301.91,On-time,False
SH004634,W01,ST12,CR02,2024-08-26,2024-08-27,2024-08-30,123.3,7563.52,Delayed,False
SH004635,W01,ST12,CR04,2024-08-30,2024-08-31,2024-08-31,123.3,5804.04,On-time,False
SH004636,W01,ST12,CR05,2024-09-03,2024-09-04,2024-09-07,123.3,6113.44,Delayed,False
SH004637,W01,ST12,CR05,2024-09-06,2024-09-07,2024-09-07,123.3,5149.68,On-time,False
SH004638,W01,ST12,CR03,2024-09-10,2024-09-11,2024-09-11,123.3,6640.23,On-time,False
SH004639,W01,ST12,CR04,2024-09-13,2024-09-14,2024-09-17,123.3,5870.05,Delayed,False
SH004640,W01,ST12,CR02,2024-09-17,2024-09-18,2024-09-18,123.3,5730.74,On-time,False
SH004641,W01,ST12,CR05,2024-09-21,2024-09-22,2024-09-22,123.3,4277.02,On-time,False
SH004642,W01,ST12,CR03,2024-09-25,2024-09-26,2024-09-26,123.3,7316.82,On-time,False
SH004643,W01,ST12,CR02,2024-09-30,2024-10-01,2024-10-01,123.3,5226.67,Lost,False
SH004644,W01,ST12,CR02,2024-10-03,2024-10-04,2024-10-04,123.3,4637.73,On-time,False
SH004645,W01,ST12,CR01,2024-10-09,2024-10-10,2024-10-10,123.3,6943.87,On-time,False
SH004646,W02,ST12,CR03,2024-10-12,2024-10-14,2024-10-14,161.0,8086.43,On-time,False
SH004647,W01,ST12,CR05,2024-10-17,2024-10-18,2024-10-18,123.3,4939.99,On-time,False
SH004648,W01,ST12,CR02,2024-10-22,2024-10-23,2024-10-23,123.3,4491.46,On-time,False
SH004649,W01,ST12,CR05,2024-10-26,2024-10-27,2024-10-27,123.3,6206.7,On-time,False
SH004650,W01,ST12,CR05,2024-10-31,2024-11-01,2024-11-01,123.3,,On-time,False
SH004651,W01,ST12,CR01,2024-11-03,2024-11-04,2024-11-04,123.3,4869.1,On-time,False
SH004652,W01,ST12,CR01,2024-11-09,2024-11-10,2024-11-10,123.3,5504.28,On-time,False
SH004653,W01,ST12,CR02,2024-11-14,2024-11-15,2024-11-15,123.3,6645.96,On-time,False
SH004654,W01,ST12,CR02,2024-11-19,2024-11-20,2024-11-20,123.3,6700.47,On-time,False
SH004655,W01,ST12,CR01,2024-11-23,2024-11-24,2024-11-24,123.3,5079.25,On-time,False
SH004656,W01,ST12,CR02,2024-11-28,2024-11-29,2024-12-01,123.3,6511.79,Delayed,False
SH004657,W01,ST12,CR02,2024-12-02,2024-12-03,2024-12-03,123.3,7046.99,On-time,False
SH004658,W01,ST12,CR01,2024-12-07,2024-12-08,2024-12-08,123.3,,On-time,False
SH004659,W01,ST12,CR02,2024-12-12,2024-12-13,2024-12-13,123.3,7855.18,On-time,False
SH004660,W01,ST12,CR01,2024-12-15,2024-12-16,2024-12-17,123.3,7341.07,Delayed,False
SH004661,W01,ST12,CR03,2024-12-21,2024-12-22,2024-12-22,123.3,6364.21,On-time,False
SH004662,W01,ST12,CR05,2024-12-24,2024-12-25,2024-12-25,123.3,5644.64,On-time,False
SH004663,W01,ST99,CR02,2024-12-29,2024-12-30,2024-12-30,123.3,5716.91,On-time,True
SH004664,W01,ST12,CR02,2025-01-03,2025-01-04,2025-01-04,123.3,7615.66,On-time,False
SH004665,W01,ST12,CR01,2025-01-07,2025-01-08,2025-01-08,123.3,6742.77,On-time,False
SH004666,W01,ST12,CR01,2025-01-10,2025-01-11,2025-01-11,123.3,5400.84,On-time,False
SH004667,W01,ST12,CR01,2025-01-15,2025-01-16,2025-01-16,123.3,6261.1,On-time,False
SH004668,W01,ST12,CR01,2025-01-20,2025-01-21,2025-01-25,123.3,5115.66,Delayed,False
SH004669,W01,ST12,CR02,2025-01-24,2025-01-25,2025-01-25,123.3,5616.4,On-time,False
SH004670,W01,ST12,CR05,2025-01-29,2025-01-30,2025-01-30,123.3,4587.96,On-time,False
SH004671,W01,ST12,CR03,2025-02-04,2025-02-05,2025-02-05,123.3,5896.22,On-time,False
SH004672,W01,ST12,CR01,2025-02-09,2025-02-10,2025-02-10,123.3,5236.82,On-time,False
SH004673,W01,ST12,CR02,2025-02-12,2025-02-13,2025-02-13,123.3,6591.86,On-time,False
SH004674,W01,ST12,CR05,2025-02-18,2025-02-19,2025-02-19,123.3,5941.41,On-time,False
SH004675,W01,ST12,CR05,2025-02-24,2025-02-25,2025-02-25,123.3,5829.98,On-time,False
SH004676,W01,ST12,CR05,2025-03-01,2025-03-02,2025-03-02,123.3,7181.24,On-time,False
SH004677,W01,ST12,CR04,2025-03-05,2025-03-06,2025-03-06,123.3,7428.85,On-time,False
SH004678,W03,ST12,CR03,2025-03-11,2025-03-13,2025-03-13,270.1,12818.96,On-time,False
SH004679,W01,ST12,CR02,2025-03-15,2025-03-16,2025-03-16,123.3,6709.37,On-time,False
SH004680,W03,ST12,CR02,2025-03-21,2025-03-23,2025-03-23,270.1,15020.69,On-time,False
SH004681,W01,ST12,CR05,2025-03-26,2025-03-27,2025-03-27,123.3,,On-time,False
SH004682,W01,ST12,CR05,2025-03-29,2025-03-30,2025-04-03,123.3,5518.02,Delayed,False
SH004683,W03,ST12,CR04,2025-04-04,2025-04-06,2025-04-08,270.1,13530.78,Delayed,False
SH004684,W01,ST12,CR03,2025-04-10,2025-04-11,2025-04-11,123.3,5007.52,On-time,False
SH004685,W01,ST12,CR01,2025-04-16,2025-04-17,2025-04-17,123.3,4913.08,On-time,False
SH004686,W03,ST12,CR03,2025-04-21,2025-04-23,2025-04-23,270.1,11593.92,On-time,False
SH004687,W01,ST12,CR05,2025-04-27,2025-04-28,2025-04-28,123.3,6161.69,On-time,False
SH004688,W01,ST12,CR05,2025-05-02,2025-05-03,2025-05-03,123.3,4210.07,On-time,False
SH004689,W03,ST12,CR03,2025-05-05,2025-05-07,2025-05-08,270.1,10651.44,Delayed,False
SH004690,W01,ST12,CR05,2025-05-09,2025-05-10,2025-05-10,123.3,6316.54,On-time,False
SH004691,W03,ST12,CR03,2025-05-12,2025-05-14,2025-05-18,270.1,12793.26,Delayed,False
SH004692,W01,ST12,CR05,2025-05-18,2025-05-19,2025-05-19,123.3,5960.69,On-time,False
SH004693,W01,ST12,CR03,2025-05-23,2025-05-24,2025-05-24,123.3,6537.88,Damaged,False
SH004694,W01,ST12,CR03,2025-05-27,2025-05-28,2025-05-28,123.3,6593.28,On-time,False
SH004695,W01,ST12,CR01,2025-05-31,2025-06-01,2025-06-01,123.3,6378.62,On-time,False
SH004696,W01,ST12,CR01,2025-06-04,2025-06-05,2025-06-05,123.3,5670.7,On-time,False
SH004697,W01,ST12,CR03,2025-06-08,2025-06-09,2025-06-09,123.3,6408.3,On-time,False
SH004698,W01,ST12,CR03,2025-06-13,2025-06-14,2025-06-14,123.3,7257.03,On-time,False
SH004699,W01,ST12,CR01,2025-06-18,2025-06-19,2025-06-20,123.3,7725.98,Delayed,False
SH004700,W01,ST12,CR05,2025-06-22,2025-06-23,2025-06-23,123.3,7361.53,On-time,False
SH004701,W01,ST12,CR05,2025-06-26,2025-06-27,2025-06-27,123.3,5803.83,On-time,False
SH004702,W01,ST12,CR02,2025-06-30,2025-07-01,2025-07-03,123.3,7978.89,Delayed,False
SH004703,W01,ST12,CR04,2025-07-06,2025-07-07,2025-07-08,123.3,6432.68,Delayed,False
SH004704,W01,ST12,CR05,2025-07-11,2025-07-12,2025-07-12,123.3,5891.44,On-time,False
SH004705,W03,ST12,CR02,2025-07-17,2025-07-19,2025-07-20,270.1,,Delayed,False
SH004706,W01,ST12,CR02,2025-07-23,2025-07-24,2025-07-27,123.3,6782.91,Delayed,False
SH004707,W01,ST12,CR03,2025-07-28,2025-07-29,2025-07-29,123.3,4434.07,On-time,False
SH004708,W01,ST12,CR03,2025-08-01,2025-08-02,2025-08-02,123.3,6146.89,On-time,False
SH004709,W01,ST12,CR01,2025-08-04,2025-08-05,2025-08-05,123.3,5736.65,On-time,False
SH004710,W01,ST12,CR01,2025-08-08,2025-08-09,2025-08-09,123.3,6319.48,Damaged,False
SH004711,W01,ST12,CR03,2025-08-13,2025-08-14,2025-08-14,123.3,7798.67,On-time,False
SH004712,W01,ST12,CR05,2025-08-18,2025-08-19,2025-08-19,123.3,5841.92,On-time,False
SH004713,W01,ST12,CR02,2025-08-24,2025-08-25,2025-08-28,123.3,4740.95,Delayed,False
SH004714,W01,ST12,CR01,2025-08-30,2025-08-31,2025-09-02,123.3,4757.35,Delayed,False
SH004715,W01,ST12,CR04,2025-09-05,2025-09-06,2025-09-10,123.3,5929.81,Delayed,False
SH004716,W01,ST12,CR05,2025-09-11,2025-09-12,2025-09-12,123.3,5757.15,On-time,False
SH004717,W01,ST12,CR04,2025-09-14,2025-09-15,2025-09-19,123.3,6062.49,Delayed,False
SH004718,W01,ST12,CR03,2025-09-18,2025-09-19,2025-09-19,123.3,,On-time,False
SH004719,W01,ST12,CR03,2025-09-23,2025-09-24,2025-09-24,123.3,7632.0,On-time,False
SH004720,W01,ST12,CR05,2025-09-26,2025-09-27,2025-09-27,123.3,5553.09,Damaged,False
SH004721,W01,ST12,CR03,2025-10-01,2025-10-02,2025-10-06,123.3,5721.2,Delayed,False
SH004722,W01,ST12,CR03,2025-10-05,2025-10-06,2025-10-06,123.3,5423.89,On-time,False
SH004723,W01,ST12,CR04,2025-10-08,2025-10-09,2025-10-09,123.3,4540.22,On-time,False
SH004724,W01,ST12,CR03,2025-10-13,2025-10-14,2025-10-14,123.3,5466.06,On-time,False
SH004725,W01,ST12,CR03,2025-10-18,2025-10-19,2025-10-19,123.3,6242.61,On-time,False
SH004726,W01,ST12,CR01,2025-10-24,2025-10-25,2025-10-25,123.3,6759.4,On-time,False
SH004727,W01,ST12,CR01,2025-10-30,2025-10-31,2025-11-03,123.3,6119.82,Delayed,False
SH004728,W01,ST12,CR02,2025-11-03,2025-11-04,2025-11-04,123.3,6964.0,On-time,False
SH004729,W01,ST12,CR05,2025-11-09,2025-11-10,2025-11-10,123.3,4874.87,On-time,False
SH004730,W01,ST12,CR01,2025-11-13,2025-11-14,2025-11-14,123.3,7451.85,On-time,False
SH004731,W01,ST12,CR05,2025-11-16,2025-11-17,2025-11-17,123.3,6459.89,On-time,False
SH004732,W01,ST12,CR02,2025-11-21,2025-11-22,2025-11-22,123.3,5573.89,On-time,False
SH004733,W01,ST12,CR03,2025-11-25,2025-11-26,2025-11-26,123.3,7555.5,On-time,False
SH004734,W01,ST12,CR05,2025-11-29,2025-11-30,2025-12-03,123.3,4762.85,Delayed,False
SH004735,W02,ST12,CR03,2025-12-04,2025-12-06,2025-12-10,161.0,9297.61,Delayed,False
SH004736,W01,ST12,CR03,2025-12-07,2025-12-08,2025-12-11,123.3,5018.66,Damaged,False
SH004737,W01,ST12,CR05,2025-12-10,2025-12-11,2025-12-11,123.3,4296.67,On-time,False
SH004738,W01,ST12,CR02,2025-12-15,2025-12-16,2025-12-16,123.3,4820.52,On-time,False
SH004739,W01,ST12,CR03,2025-12-19,2025-12-20,2025-12-20,123.3,5699.02,On-time,False
SH004740,W03,ST12,CR04,2025-12-24,2025-12-26,2025-12-26,270.1,11988.52,On-time,False
SH004741,W03,ST12,CR03,2025-12-27,2025-12-29,,270.1,12870.71,In-Transit,False
SH004742,W01,ST12,CR02,2025-12-31,2026-01-01,,123.3,5032.31,In-Transit,False
SH004743,W02,ST13,CR04,2024-01-01,2024-01-03,2024-01-03,282.1,11060.54,On-time,False
SH004744,W02,ST13,CR04,2024-01-02,2024-01-04,2024-01-04,282.1,12994.78,On-time,False
SH004745,W02,ST13,CR02,2024-01-05,2024-01-07,2024-01-09,282.1,12743.81,Delayed,False
SH004746,W02,ST13,CR01,2024-01-07,2024-01-09,2024-01-09,282.1,12168.86,On-time,False
SH004747,W02,ST13,CR01,2024-01-09,2024-01-11,2024-01-11,282.1,12630.66,On-time,False
SH004748,W02,ST13,CR04,2024-01-11,2024-01-13,2024-01-13,282.1,13356.23,On-time,False
SH004749,W02,ST13,CR03,2024-01-14,2024-01-16,2024-01-18,282.1,,Delayed,False
SH004750,W02,ST13,CR02,2024-01-17,2024-01-19,2024-01-19,282.1,14677.25,On-time,False
SH004751,W02,ST13,CR04,2024-01-18,2024-01-20,2024-01-24,282.1,16131.64,Delayed,False
SH004752,W02,ST13,CR02,2024-01-19,2024-01-21,2024-01-24,282.1,12703.37,Damaged,False
SH004753,W02,ST13,CR01,2024-01-21,2024-01-23,2024-01-23,282.1,16400.35,On-time,False
SH004754,W02,ST13,CR03,2024-01-23,2024-01-25,2024-01-25,282.1,13200.89,On-time,False
SH004755,W02,ST13,CR01,2024-01-25,2024-01-27,2024-01-27,282.1,14265.33,On-time,False
SH004756,W02,ST13,CR04,2024-01-26,2024-01-28,2024-02-01,282.1,10309.04,Delayed,False
SH004757,W02,ST13,CR01,2024-01-27,2024-01-29,2024-01-29,282.1,14033.51,Damaged,False
SH004758,W02,ST13,CR01,2024-01-28,2024-01-30,2024-01-30,282.1,15043.53,Damaged,False
SH004759,W02,ST13,CR03,2024-01-30,2024-02-01,2024-02-01,282.1,10695.14,On-time,False
SH004760,W02,ST13,CR01,2024-01-31,2024-02-02,2024-02-02,282.1,16387.01,On-time,False
SH004761,W03,ST13,CR02,2024-02-02,2024-02-04,2024-02-04,367.7,18989.95,On-time,False
SH004762,W02,ST13,CR01,2024-02-04,2024-02-06,2024-02-06,282.1,12024.8,On-time,False
SH004763,W02,ST13,CR05,2024-02-05,2024-02-07,2024-02-07,282.1,14118.03,On-time,False
SH004764,W02,ST13,CR04,2024-02-06,2024-02-08,2024-02-10,282.1,14229.08,Delayed,False
SH004765,W02,ST13,CR01,2024-02-08,2024-02-10,2024-02-10,282.1,10838.21,On-time,False
SH004766,W02,ST13,CR01,2024-02-10,2024-02-12,2024-02-12,282.1,12455.98,On-time,False
SH004767,W02,ST13,CR02,2024-02-11,2024-02-13,2024-02-14,282.1,15652.82,Delayed,False
SH004768,W02,ST13,CR05,2024-02-13,2024-02-15,2024-02-15,282.1,10813.81,On-time,False
SH004769,W02,ST13,CR02,2024-02-15,2024-02-17,2024-02-17,282.1,13810.79,On-time,False
SH004770,W02,ST13,CR02,2024-02-16,2024-02-18,2024-02-21,282.1,14073.34,Delayed,False
SH004771,W01,ST13,CR02,2024-02-18,2024-02-20,2024-02-23,202.2,12157.9,Delayed,False
SH004772,W02,ST13,CR03,2024-02-20,2024-02-22,2024-02-22,282.1,,On-time,False
SH004773,W02,ST13,CR04,2024-02-21,2024-02-23,2024-02-23,282.1,13971.3,On-time,False
SH004774,W02,ST13,CR03,2024-02-23,2024-02-25,2024-02-25,282.1,13074.4,On-time,False
SH004775,W02,ST13,CR01,2024-02-24,2024-02-26,2024-02-26,282.1,14776.53,On-time,False
SH004776,W02,ST13,CR03,2024-02-26,2024-02-28,2024-02-28,282.1,15039.5,Lost,False
SH004777,W02,ST13,CR03,2024-02-28,2024-03-01,2024-03-01,282.1,10260.08,On-time,False
SH004778,W02,ST13,CR03,2024-03-02,2024-03-04,2024-03-04,282.1,,On-time,False
SH004779,W02,ST13,CR01,2024-03-04,2024-03-06,2024-03-06,282.1,16107.64,On-time,False
SH004780,W03,ST13,CR01,2024-03-06,2024-03-08,2024-03-08,367.7,15129.64,On-time,False
SH004781,W02,ST13,CR02,2024-03-08,2024-03-10,2024-03-10,282.1,11447.54,On-time,False
SH004782,W02,ST13,CR05,2024-03-10,2024-03-12,2024-03-12,282.1,13001.63,On-time,False
SH004783,W02,ST13,CR04,2024-03-12,2024-03-14,2024-03-14,282.1,11214.05,Damaged,False
SH004784,W02,ST13,CR02,2024-03-15,2024-03-17,2024-03-17,282.1,16538.21,On-time,False
SH004785,W02,ST13,CR04,2024-03-18,2024-03-20,2024-03-20,282.1,15653.16,On-time,False
SH004786,W02,ST13,CR04,2024-03-20,2024-03-22,2024-03-25,282.1,11692.13,Delayed,False
SH004787,W02,ST13,CR02,2024-03-22,2024-03-24,2024-03-24,282.1,13402.09,On-time,False
SH004788,W02,ST13,CR02,2024-03-24,2024-03-26,2024-03-26,282.1,14198.68,On-time,False
SH004789,W02,ST13,CR04,2024-03-26,2024-03-28,2024-03-28,282.1,14961.6,On-time,False
SH004790,W02,ST13,CR05,2024-03-27,2024-03-29,2024-03-29,282.1,10706.06,On-time,False
SH004791,W02,ST13,CR02,2024-03-28,2024-03-30,2024-03-30,282.1,13333.33,On-time,False
SH004792,W02,ST13,CR01,2024-03-30,2024-04-01,2024-04-01,282.1,15232.94,On-time,False
SH004793,W02,ST13,CR01,2024-03-31,2024-04-02,2024-04-02,282.1,10730.35,On-time,False
SH004794,W02,ST13,CR05,2024-04-02,2024-04-04,2024-04-04,282.1,14918.25,Lost,False
SH004795,W01,ST13,CR05,2024-04-04,2024-04-06,2024-04-06,202.2,8403.22,On-time,False
SH004796,W02,ST13,CR02,2024-04-06,2024-04-08,2024-04-08,282.1,16435.11,On-time,False
SH004797,W02,ST13,CR04,2024-04-08,2024-04-10,2024-04-14,282.1,15238.86,Delayed,False
SH004798,W02,ST13,CR05,2024-04-10,2024-04-12,2024-04-12,282.1,11418.35,On-time,False
SH004799,W02,ST13,CR02,2024-04-12,2024-04-14,2024-04-14,282.1,10788.95,On-time,False
SH004800,W02,ST13,CR02,2024-04-13,2024-04-15,2024-04-15,282.1,,On-time,False
SH004801,W02,ST13,CR03,2024-04-15,2024-04-17,2024-04-17,282.1,15430.56,Damaged,False
SH004802,W02,ST13,CR01,2024-04-17,2024-04-19,2024-04-19,282.1,15653.45,On-time,False
SH004803,W02,ST13,CR03,2024-04-19,2024-04-21,2024-04-21,282.1,12286.33,On-time,False
SH004804,W02,ST13,CR02,2024-04-21,2024-04-23,2024-04-23,282.1,13575.08,On-time,False
SH004805,W02,ST13,CR01,2024-04-23,2024-04-25,2024-04-25,282.1,15825.11,On-time,False
SH004806,W01,ST13,CR01,2024-04-25,2024-04-27,2024-04-27,202.2,9795.6,On-time,False
SH004807,W02,ST13,CR01,2024-04-27,2024-04-29,2024-04-29,282.1,13642.29,On-time,False
SH004808,W02,ST13,CR05,2024-04-28,2024-04-30,2024-04-30,282.1,15476.18,On-time,False
SH004809,W02,ST13,CR01,2024-04-29,2024-05-01,2024-05-01,282.1,10322.49,On-time,False
SH004810,W02,ST13,CR03,2024-05-02,2024-05-04,2024-05-04,282.1,16762.43,On-time,False
SH004811,W01,ST13,CR03,2024-05-03,2024-05-05,2024-05-05,202.2,10845.83,On-time,False
SH004812,W02,ST13,CR03,2024-05-05,2024-05-07,2024-05-07,282.1,10730.68,On-time,False
SH004813,W02,ST13,CR01,2024-05-07,2024-05-09,2024-05-09,282.1,11473.73,On-time,False
SH004814,W02,ST13,CR03,2024-05-09,2024-05-11,2024-05-11,282.1,12572.17,On-time,False
SH004815,W02,ST13,CR03,2024-05-12,2024-05-14,2024-05-14,282.1,12219.9,On-time,False
SH004816,W02,ST13,CR02,2024-05-13,2024-05-15,2024-05-15,282.1,14402.16,On-time,False
SH004817,W02,ST13,CR01,2024-05-15,2024-05-17,2024-05-17,282.1,13775.23,On-time,False
SH004818,W02,ST13,CR03,2024-05-17,2024-05-19,2024-05-19,282.1,9913.85,On-time,False
SH004819,W03,ST13,CR01,2024-05-18,2024-05-20,2024-05-24,367.7,19355.99,Delayed,False
SH004820,W02,ST13,CR02,2024-05-19,2024-05-21,2024-05-22,282.1,17127.39,Delayed,False
SH004821,W02,ST13,CR02,2024-05-21,2024-05-23,2024-05-24,282.1,13355.24,Delayed,False
SH004822,W02,ST13,CR02,2024-05-23,2024-05-25,2024-05-26,282.1,13212.15,Delayed,False
SH004823,W02,ST13,CR04,2024-05-25,2024-05-27,2024-05-27,282.1,16602.99,On-time,False
SH004824,W02,ST13,CR05,2024-05-27,2024-05-29,2024-05-29,282.1,14278.57,On-time,False
SH004825,W02,ST13,CR01,2024-05-28,2024-05-30,2024-05-30,282.1,14506.94,On-time,False
SH004826,W02,ST13,CR04,2024-05-30,2024-06-01,2024-06-01,282.1,14726.45,On-time,False
SH004827,W02,ST13,CR02,2024-06-01,2024-06-03,2024-06-03,282.1,11326.49,On-time,False
SH004828,W02,ST13,CR01,2024-06-02,2024-06-04,2024-06-05,282.1,10285.38,Delayed,False
SH004829,W01,ST13,CR02,2024-06-03,2024-06-05,2024-06-09,202.2,9000.08,Delayed,False
SH004830,W02,ST13,CR02,2024-06-05,2024-06-07,2024-06-07,282.1,10983.76,On-time,False
SH004831,W02,ST13,CR01,2024-06-07,2024-06-09,2024-06-09,282.1,14255.86,On-time,False
SH004832,W02,ST13,CR05,2024-06-09,2024-06-11,2024-06-11,282.1,13863.2,On-time,False
SH004833,W01,ST13,CR01,2024-06-11,2024-06-13,2024-06-14,202.2,8993.83,Delayed,False
SH004834,W02,ST13,CR03,2024-06-14,2024-06-16,2024-06-16,282.1,15633.24,On-time,False
SH004835,W02,ST13,CR04,2024-06-16,2024-06-18,2024-06-18,282.1,11668.27,On-time,False
SH004836,W02,ST13,CR03,2024-06-18,2024-06-20,2024-06-21,282.1,9890.62,Delayed,False
SH004837,W02,ST13,CR04,2024-06-20,2024-06-22,2024-06-22,282.1,,On-time,False
SH004838,W02,ST13,CR03,2024-06-22,2024-06-24,2024-06-24,282.1,12413.81,On-time,False
SH004839,W02,ST13,CR05,2024-06-24,2024-06-26,2024-06-26,282.1,10916.9,On-time,False
SH004840,W02,ST13,CR04,2024-06-27,2024-06-29,2024-06-29,282.1,,On-time,False
SH004841,W01,ST13,CR02,2024-06-29,2024-07-01,2024-07-01,202.2,6974.85,On-time,False
SH004842,W02,ST13,CR01,2024-06-30,2024-07-02,2024-07-02,282.1,14306.29,On-time,False
SH004843,W02,ST13,CR03,2024-07-01,2024-07-03,2024-07-04,282.1,13321.29,Delayed,False
SH004844,W02,ST13,CR05,2024-07-04,2024-07-06,2024-07-06,282.1,13994.23,On-time,False
SH004845,W02,ST13,CR02,2024-07-07,2024-07-09,2024-07-09,282.1,15888.38,On-time,False
SH004846,W02,ST13,CR02,2024-07-09,2024-07-11,2024-07-12,282.1,13278.95,Delayed,False
SH004847,W02,ST13,CR02,2024-07-11,2024-07-13,2024-07-13,282.1,11095.43,On-time,False
SH004848,W02,ST13,CR04,2024-07-12,2024-07-14,2024-07-18,282.1,16791.61,Lost,False
SH004849,W02,ST13,CR02,2024-07-13,2024-07-15,2024-07-15,282.1,11998.01,On-time,False
SH004850,W02,ST13,CR01,2024-07-16,2024-07-18,2024-07-18,282.1,15073.74,On-time,False
SH004851,W02,ST13,CR03,2024-07-18,2024-07-20,2024-07-24,282.1,14587.64,Delayed,False
SH004852,W02,ST13,CR05,2024-07-20,2024-07-22,2024-07-25,282.1,11576.23,Delayed,False
SH004853,W02,ST13,CR02,2024-07-22,2024-07-24,2024-07-25,282.1,15893.98,Delayed,False
SH004854,W02,ST13,CR02,2024-07-24,2024-07-26,2024-07-26,282.1,14333.48,On-time,False
SH004855,W02,ST13,CR03,2024-07-26,2024-07-28,2024-07-28,282.1,13809.39,On-time,False
SH004856,W02,ST13,CR05,2024-07-28,2024-07-30,2024-07-30,282.1,10840.61,On-time,False
SH004857,W02,ST13,CR01,2024-07-29,2024-07-31,2024-07-31,282.1,11976.54,On-time,False
SH004858,W02,ST13,CR05,2024-07-30,2024-08-01,2024-08-01,282.1,11803.92,On-time,False
SH004859,W02,ST13,CR05,2024-08-01,2024-08-03,2024-08-03,282.1,12456.9,On-time,False
SH004860,W02,ST13,CR02,2024-08-03,2024-08-05,2024-08-05,282.1,9741.43,On-time,False
SH004861,W03,ST13,CR02,2024-08-05,2024-08-07,2024-08-10,367.7,16606.73,Delayed,False
SH004862,W02,ST13,CR01,2024-08-07,2024-08-09,2024-08-09,282.1,12083.38,On-time,False
SH004863,W02,ST13,CR03,2024-08-09,2024-08-11,2024-08-11,282.1,13592.09,On-time,False
SH004864,W02,ST13,CR02,2024-08-10,2024-08-12,2024-08-12,282.1,15430.64,On-time,False
SH004865,W02,ST13,CR04,2024-08-12,2024-08-14,2024-08-14,282.1,15482.21,On-time,False
SH004866,W02,ST13,CR04,2024-08-13,2024-08-15,2024-08-18,282.1,,Delayed,False
SH004867,W02,ST13,CR03,2024-08-14,2024-08-16,2024-08-16,282.1,16228.1,On-time,False
SH004868,W02,ST13,CR03,2024-08-16,2024-08-18,2024-08-18,282.1,12351.28,On-time,False
SH004869,W02,ST13,CR02,2024-08-18,2024-08-20,2024-08-20,282.1,15602.95,On-time,False
SH004870,W02,ST13,CR02,2024-08-20,2024-08-22,2024-08-22,282.1,14430.76,On-time,False
SH004871,W02,ST13,CR04,2024-08-22,2024-08-24,2024-08-24,282.1,14821.71,On-time,False
SH004872,W02,ST13,CR02,2024-08-24,2024-08-26,2024-08-26,282.1,14512.6,On-time,False
SH004873,W02,ST13,CR05,2024-08-25,2024-08-27,2024-08-27,282.1,15118.25,On-time,False
SH004874,W02,ST13,CR03,2024-08-27,2024-08-29,2024-08-29,282.1,12202.04,On-time,False
SH004875,W02,ST13,CR01,2024-08-28,2024-08-30,2024-08-30,282.1,15030.54,On-time,False
SH004876,W02,ST13,CR05,2024-08-30,2024-09-01,2024-09-01,282.1,12796.62,On-time,False
SH004877,W02,ST13,CR01,2024-09-01,2024-09-03,2024-09-03,282.1,15891.78,On-time,False
SH004878,W02,ST13,CR01,2024-09-03,2024-09-05,2024-09-05,282.1,14569.27,On-time,False
SH004879,W02,ST13,CR01,2024-09-04,2024-09-06,2024-09-06,282.1,14179.16,On-time,False
SH004880,W02,ST13,CR03,2024-09-05,2024-09-07,2024-09-07,282.1,10458.17,On-time,False
SH004881,W02,ST13,CR01,2024-09-06,2024-09-08,2024-09-09,282.1,15086.16,Delayed,False
SH004882,W02,ST13,CR04,2024-09-08,2024-09-10,2024-09-10,282.1,,On-time,False
SH004883,W02,ST13,CR02,2024-09-09,2024-09-11,2024-09-15,282.1,,Delayed,False
SH004884,W02,ST13,CR02,2024-09-11,2024-09-13,2024-09-13,282.1,13774.81,On-time,False
SH004885,W02,ST13,CR03,2024-09-12,2024-09-14,2024-09-17,282.1,11907.35,Delayed,False
SH004886,W02,ST13,CR03,2024-09-15,2024-09-17,2024-09-17,282.1,11483.04,On-time,False
SH004887,W02,ST13,CR04,2024-09-17,2024-09-19,2024-09-21,282.1,17460.04,Delayed,False
SH004888,W02,ST13,CR05,2024-09-18,2024-09-20,2024-09-20,282.1,15491.11,On-time,False
SH004889,W02,ST13,CR03,2024-09-20,2024-09-22,2024-09-22,282.1,17177.02,On-time,False
SH004890,W02,ST13,CR03,2024-09-23,2024-09-25,2024-09-25,282.1,11681.65,On-time,False
SH004891,W03,ST13,CR05,2024-09-25,2024-09-27,2024-09-27,367.7,17292.58,On-time,False
SH004892,W02,ST13,CR04,2024-09-27,2024-09-29,2024-09-29,282.1,12135.28,On-time,False
SH004893,W02,ST13,CR02,2024-09-28,2024-09-30,2024-09-30,282.1,11665.37,On-time,False
SH004894,W02,ST13,CR03,2024-09-30,2024-10-02,2024-10-02,282.1,12551.96,On-time,False
SH004895,W02,ST13,CR04,2024-10-02,2024-10-04,2024-10-04,282.1,15602.43,On-time,False
SH004896,W02,ST13,CR01,2024-10-03,2024-10-05,2024-10-05,282.1,12995.91,On-time,False
SH004897,W02,ST13,CR02,2024-10-05,2024-10-07,2024-10-07,282.1,10778.15,On-time,False
SH004898,W02,ST13,CR03,2024-10-07,2024-10-09,2024-10-09,282.1,14376.92,On-time,False
SH004899,W02,ST13,CR05,2024-10-09,2024-10-11,2024-10-11,282.1,13305.95,On-time,False
SH004900,W02,ST13,CR03,2024-10-11,2024-10-13,2024-10-13,282.1,14088.54,On-time,False
SH004901,W02,ST13,CR04,2024-10-13,2024-10-15,2024-10-17,282.1,10986.55,Delayed,False
SH004902,W02,ST13,CR04,2024-10-15,2024-10-17,2024-10-18,282.1,13568.09,Delayed,False
SH004903,W02,ST13,CR02,2024-10-16,2024-10-18,2024-10-18,282.1,11244.84,On-time,False
SH004904,W02,ST13,CR03,2024-10-17,2024-10-19,2024-10-19,282.1,13912.98,On-time,False
SH004905,W02,ST13,CR02,2024-10-20,2024-10-22,2024-10-24,282.1,14163.91,Delayed,False
SH004906,W02,ST13,CR05,2024-10-22,2024-10-24,2024-10-24,282.1,10251.52,On-time,False
SH004907,W02,ST13,CR05,2024-10-24,2024-10-26,2024-10-26,282.1,17634.92,On-time,False
SH004908,W02,ST13,CR01,2024-10-26,2024-10-28,2024-10-28,282.1,13079.04,On-time,False
SH004909,W02,ST13,CR04,2024-10-29,2024-10-31,2024-10-31,282.1,17724.53,On-time,False
SH004910,W02,ST13,CR02,2024-10-31,2024-11-02,2024-11-06,282.1,10241.65,Delayed,False
SH004911,W03,ST13,CR03,2024-11-01,2024-11-03,2024-11-03,367.7,17259.36,On-time,False
SH004912,W02,ST13,CR01,2024-11-03,2024-11-05,2024-11-09,282.1,14273.5,Delayed,False
SH004913,W02,ST13,CR03,2024-11-05,2024-11-07,2024-11-07,282.1,14243.33,On-time,False
SH004914,W02,ST13,CR05,2024-11-06,2024-11-08,2024-11-08,282.1,14449.75,On-time,False
SH004915,W02,ST13,CR01,2024-11-09,2024-11-11,2024-11-11,282.1,11173.91,On-time,False
SH004916,W02,ST13,CR01,2024-11-11,2024-11-13,2024-11-13,282.1,11500.97,On-time,False
SH004917,W02,ST13,CR02,2024-11-13,2024-11-15,2024-11-15,282.1,10776.12,On-time,False
SH004918,W02,ST13,CR01,2024-11-15,2024-11-17,2024-11-17,282.1,14755.26,On-time,False
SH004919,W02,ST13,CR03,2024-11-17,2024-11-19,2024-11-19,282.1,15817.02,On-time,False
SH004920,W02,ST13,CR04,2024-11-18,2024-11-20,2024-11-20,282.1,11448.13,On-time,False
SH004921,W02,ST13,CR04,2024-11-20,2024-11-22,2024-11-22,282.1,17637.56,On-time,False
SH004922,W02,ST13,CR05,2024-11-22,2024-11-24,2024-11-24,282.1,13249.15,On-time,False
SH004923,W02,ST13,CR04,2024-11-23,2024-11-25,2024-11-27,282.1,13316.9,Delayed,False
SH004924,W02,ST13,CR04,2024-11-25,2024-11-27,2024-11-27,282.1,10458.25,Damaged,False
SH004925,W02,ST13,CR02,2024-11-26,2024-11-28,2024-11-28,282.1,16505.69,On-time,False
SH004926,W02,ST13,CR03,2024-11-28,2024-11-30,2024-11-30,282.1,13993.37,On-time,False
SH004927,W02,ST13,CR05,2024-12-01,2024-12-03,2024-12-03,282.1,17751.1,Damaged,False
SH004928,W02,ST13,CR02,2024-12-02,2024-12-04,2024-12-04,282.1,12912.99,On-time,False
SH004929,W02,ST13,CR05,2024-12-03,2024-12-05,2024-12-05,282.1,13684.98,On-time,False
SH004930,W02,ST13,CR04,2024-12-05,2024-12-07,2024-12-07,282.1,11910.61,On-time,False
SH004931,W02,ST13,CR01,2024-12-07,2024-12-09,2024-12-09,282.1,13012.86,On-time,False
SH004932,W02,ST13,CR05,2024-12-09,2024-12-11,2024-12-11,282.1,14624.27,On-time,False
SH004933,W02,ST13,CR03,2024-12-11,2024-12-13,2024-12-13,282.1,13872.76,On-time,False
SH004934,W02,ST13,CR03,2024-12-13,2024-12-15,2024-12-15,282.1,12531.25,On-time,False
SH004935,W02,ST13,CR01,2024-12-15,2024-12-17,2024-12-17,282.1,12325.19,On-time,False
SH004936,W02,ST13,CR05,2024-12-18,2024-12-20,2024-12-20,282.1,11082.71,On-time,False
SH004937,W02,ST13,CR03,2024-12-21,2024-12-23,2024-12-23,282.1,15202.74,On-time,False
SH004938,W02,ST13,CR02,2024-12-23,2024-12-25,2024-12-25,282.1,14379.25,On-time,False
SH004939,W02,ST13,CR05,2024-12-24,2024-12-26,2024-12-26,282.1,14772.7,On-time,False
SH004940,W02,ST13,CR05,2024-12-27,2024-12-29,2024-12-29,282.1,11752.41,On-time,False
SH004941,W02,ST13,CR03,2024-12-28,2024-12-30,2024-12-30,282.1,14991.94,On-time,False
SH004942,W02,ST13,CR05,2024-12-30,2025-01-01,2025-01-04,282.1,13420.55,Delayed,False
SH004943,W02,ST13,CR05,2025-01-01,2025-01-03,2025-01-03,282.1,12243.39,Damaged,False
SH004944,W02,ST13,CR04,2025-01-04,2025-01-06,2025-01-06,282.1,13259.89,On-time,False
SH004945,W02,ST13,CR01,2025-01-06,2025-01-08,2025-01-08,282.1,15997.09,On-time,False
SH004946,W02,ST13,CR02,2025-01-07,2025-01-09,2025-01-09,282.1,12237.31,On-time,False
SH004947,W02,ST13,CR05,2025-01-09,2025-01-11,2025-01-11,282.1,13306.85,On-time,False
SH004948,W02,ST13,CR01,2025-01-11,2025-01-13,2025-01-13,282.1,17090.35,On-time,False
SH004949,W02,ST13,CR03,2025-01-13,2025-01-15,2025-01-15,282.1,13887.18,On-time,False
SH004950,W02,ST13,CR02,2025-01-15,2025-01-17,2025-01-17,282.1,12696.0,On-time,False
SH004951,W03,ST13,CR01,2025-01-17,2025-01-19,2025-01-19,367.7,21937.99,On-time,False
SH004952,W02,ST13,CR05,2025-01-19,2025-01-21,2025-01-21,282.1,13523.31,On-time,False
SH004953,W02,ST13,CR05,2025-01-20,2025-01-22,2025-01-22,282.1,16020.92,On-time,False
SH004954,W02,ST13,CR03,2025-01-22,2025-01-24,2025-01-24,282.1,17228.91,On-time,False
SH004955,W02,ST13,CR04,2025-01-23,2025-01-25,2025-01-26,282.1,13965.71,Delayed,False
SH004956,W03,ST13,CR03,2025-01-25,2025-01-27,2025-01-28,367.7,19768.54,Delayed,False
SH004957,W02,ST13,CR02,2025-01-27,2025-01-29,2025-01-29,282.1,15871.43,On-time,False
SH004958,W03,ST13,CR01,2025-01-29,2025-01-31,2025-02-01,367.7,19302.86,Lost,False
SH004959,W02,ST13,CR03,2025-01-31,2025-02-02,2025-02-02,282.1,13018.79,On-time,False
SH004960,W02,ST13,CR02,2025-02-01,2025-02-03,2025-02-03,282.1,16444.63,On-time,False
SH004961,W02,ST13,CR01,2025-02-03,2025-02-05,2025-02-05,282.1,16579.81,On-time,False
SH004962,W02,ST13,CR02,2025-02-05,2025-02-07,2025-02-07,282.1,11082.14,On-time,False
SH004963,W02,ST13,CR04,2025-02-07,2025-02-09,2025-02-09,282.1,11306.45,On-time,False
SH004964,W02,ST13,CR02,2025-02-08,2025-02-10,2025-02-10,282.1,10860.63,On-time,False
SH004965,W02,ST13,CR03,2025-02-10,2025-02-12,2025-02-12,282.1,14086.93,On-time,False
SH004966,W02,ST13,CR03,2025-02-12,2025-02-14,2025-02-14,282.1,10194.38,On-time,False
SH004967,W02,ST13,CR01,2025-02-14,2025-02-16,2025-02-16,282.1,15065.74,On-time,False
SH004968,W03,ST13,CR01,2025-02-16,2025-02-18,2025-02-18,367.7,16756.18,On-time,False
SH004969,W02,ST13,CR04,2025-02-17,2025-02-19,2025-02-19,282.1,13763.65,On-time,False
SH004970,W02,ST13,CR03,2025-02-19,2025-02-21,2025-02-21,282.1,11169.49,On-time,False
SH004971,W02,ST13,CR05,2025-02-21,2025-02-23,2025-02-23,282.1,12856.68,On-time,False
SH004972,W02,ST13,CR03,2025-02-22,2025-02-24,2025-02-24,282.1,12590.82,On-time,False
SH004973,W02,ST13,CR02,2025-02-24,2025-02-26,2025-02-26,282.1,15952.05,On-time,False
SH004974,W02,ST13,CR02,2025-02-27,2025-03-01,2025-03-03,282.1,12739.1,Damaged,False
SH004975,W02,ST13,CR05,2025-03-01,2025-03-03,2025-03-03,282.1,14078.89,On-time,False
SH004976,W03,ST13,CR03,2025-03-03,2025-03-05,2025-03-06,367.7,16904.27,Delayed,False
SH004977,W02,ST13,CR01,2025-03-04,2025-03-06,2025-03-06,282.1,12038.3,On-time,False
SH004978,W02,ST13,CR02,2025-03-05,2025-03-07,2025-03-11,282.1,13447.02,Delayed,False
SH004979,W02,ST13,CR01,2025-03-07,2025-03-09,2025-03-10,282.1,13979.67,Delayed,False
SH004980,W01,ST13,CR03,2025-03-09,2025-03-11,2025-03-14,202.2,9555.26,Delayed,False
SH004981,W02,ST13,CR03,2025-03-11,2025-03-13,2025-03-16,282.1,10146.12,Delayed,False
SH004982,W02,ST13,CR05,2025-03-13,2025-03-15,2025-03-15,282.1,15094.95,On-time,False
SH004983,W02,ST13,CR01,2025-03-15,2025-03-17,2025-03-17,282.1,12545.2,On-time,False
SH004984,W02,ST13,CR01,2025-03-17,2025-03-19,2025-03-19,282.1,12061.68,On-time,False
SH004985,W01,ST13,CR04,2025-03-19,2025-03-21,2025-03-22,202.2,9652.43,Damaged,False
SH004986,W02,ST13,CR02,2025-03-21,2025-03-23,2025-03-23,282.1,13942.94,On-time,False
SH004987,W02,ST13,CR01,2025-03-23,2025-03-25,2025-03-25,282.1,15539.14,On-time,False
SH004988,W02,ST13,CR01,2025-03-25,2025-03-27,2025-03-27,282.1,11093.01,On-time,False
SH004989,W02,ST13,CR01,2025-03-27,2025-03-29,2025-03-29,282.1,13039.6,On-time,False
SH004990,W02,ST13,CR05,2025-03-29,2025-03-31,2025-03-31,282.1,11118.9,On-time,False
SH004991,W02,ST13,CR01,2025-03-30,2025-04-01,2025-04-01,282.1,12187.51,Damaged,False
SH004992,W02,ST13,CR02,2025-03-31,2025-04-02,2025-04-02,282.1,10715.73,On-time,False
SH004993,W02,ST13,CR02,2025-04-02,2025-04-04,2025-04-04,282.1,14956.24,Damaged,False
SH004994,W02,ST13,CR01,2025-04-04,2025-04-06,2025-04-10,282.1,,Delayed,False
SH004995,W02,ST13,CR02,2025-04-06,2025-04-08,2025-04-08,282.1,14142.61,On-time,False
SH004996,W02,ST13,CR04,2025-04-09,2025-04-11,2025-04-11,282.1,,On-time,False
SH004997,W02,ST13,CR03,2025-04-11,2025-04-13,2025-04-17,282.1,13089.21,Delayed,False
SH004998,W02,ST13,CR01,2025-04-13,2025-04-15,2025-04-15,282.1,13236.88,On-time,False
SH004999,W02,ST13,CR03,2025-04-14,2025-04-16,2025-04-17,282.1,12619.6,Delayed,False
SH005000,W02,ST13,CR02,2025-04-16,2025-04-18,2025-04-22,282.1,13079.1,Delayed,False
SH005001,W02,ST13,CR05,2025-04-18,2025-04-20,2025-04-20,282.1,12878.0,On-time,False
SH005002,W02,ST13,CR01,2025-04-20,2025-04-22,2025-04-22,282.1,12612.48,On-time,False
SH005003,W02,ST13,CR03,2025-04-23,2025-04-25,2025-04-25,282.1,15970.01,On-time,False
SH005004,W02,ST13,CR02,2025-04-25,2025-04-27,2025-04-27,282.1,11145.6,On-time,False
SH005005,W02,ST13,CR02,2025-04-27,2025-04-29,2025-04-29,282.1,15193.12,On-time,False
SH005006,W03,ST13,CR02,2025-04-29,2025-05-01,2025-05-01,367.7,18064.48,On-time,False
SH005007,W02,ST13,CR04,2025-04-30,2025-05-02,2025-05-02,282.1,11392.07,On-time,False
SH005008,W02,ST13,CR05,2025-05-02,2025-05-04,2025-05-04,282.1,12284.38,On-time,False
SH005009,W02,ST13,CR02,2025-05-05,2025-05-07,2025-05-07,282.1,14371.76,On-time,False
SH005010,W02,ST13,CR01,2025-05-07,2025-05-09,2025-05-09,282.1,15073.89,On-time,False
SH005011,W02,ST13,CR02,2025-05-09,2025-05-11,2025-05-11,282.1,16034.77,On-time,False
SH005012,W02,ST13,CR05,2025-05-10,2025-05-12,2025-05-12,282.1,12397.38,On-time,False
SH005013,W02,ST13,CR05,2025-05-12,2025-05-14,2025-05-14,282.1,11422.66,On-time,False
SH005014,W02,ST13,CR01,2025-05-14,2025-05-16,2025-05-20,282.1,14930.49,Delayed,False
SH005015,W02,ST13,CR02,2025-05-17,2025-05-19,2025-05-19,282.1,15802.14,On-time,False
SH005016,W02,ST13,CR01,2025-05-19,2025-05-21,2025-05-21,282.1,11060.85,On-time,False
SH005017,W02,ST13,CR01,2025-05-21,2025-05-23,2025-05-23,282.1,12093.82,On-time,False
SH005018,W02,ST13,CR03,2025-05-23,2025-05-25,2025-05-27,282.1,,Delayed,False
SH005019,W02,ST13,CR05,2025-05-24,2025-05-26,2025-05-26,282.1,14231.65,On-time,False
SH005020,W02,ST13,CR01,2025-05-26,2025-05-28,2025-05-28,282.1,14057.84,On-time,False
SH005021,W02,ST13,CR04,2025-05-29,2025-05-31,2025-06-01,282.1,14377.97,Delayed,False
SH005022,W02,ST13,CR02,2025-05-30,2025-06-01,2025-06-01,282.1,12773.35,On-time,False
SH005023,W02,ST13,CR02,2025-06-01,2025-06-03,2025-06-03,282.1,,Damaged,False
SH005024,W02,ST13,CR02,2025-06-02,2025-06-04,2025-06-08,282.1,14090.22,Delayed,False
SH005025,W02,ST13,CR02,2025-06-05,2025-06-07,2025-06-08,282.1,16095.3,Delayed,False
SH005026,W02,ST13,CR05,2025-06-07,2025-06-09,2025-06-09,282.1,12020.54,On-time,False
SH005027,W02,ST13,CR01,2025-06-09,2025-06-11,2025-06-14,282.1,14839.34,Delayed,False
SH005028,W02,ST13,CR01,2025-06-11,2025-06-13,2025-06-13,282.1,14135.91,On-time,False
SH005029,W02,ST13,CR03,2025-06-13,2025-06-15,2025-06-15,282.1,12297.91,On-time,False
SH005030,W02,ST13,CR03,2025-06-16,2025-06-18,2025-06-21,282.1,13554.9,Delayed,False
SH005031,W02,ST13,CR02,2025-06-17,2025-06-19,2025-06-23,282.1,12524.44,Delayed,False
SH005032,W02,ST13,CR05,2025-06-18,2025-06-20,2025-06-20,282.1,14218.55,On-time,False
SH005033,W02,ST13,CR04,2025-06-20,2025-06-22,2025-06-25,282.1,16178.95,Delayed,False
SH005034,W02,ST13,CR05,2025-06-22,2025-06-24,2025-06-24,282.1,10005.89,On-time,False
SH005035,W01,ST13,CR02,2025-06-25,2025-06-27,2025-06-27,202.2,8476.31,On-time,False
SH005036,W01,ST13,CR04,2025-06-27,2025-06-29,2025-06-29,202.2,10064.83,On-time,False
SH005037,W02,ST13,CR04,2025-06-29,2025-07-01,2025-07-01,282.1,14619.08,On-time,False
SH005038,W02,ST13,CR04,2025-07-01,2025-07-03,2025-07-03,282.1,12811.54,On-time,False
SH005039,W01,ST13,CR05,2025-07-03,2025-07-05,2025-07-05,202.2,8829.62,On-time,False
SH005040,W02,ST13,CR04,2025-07-05,2025-07-07,2025-07-07,282.1,10958.39,On-time,False
SH005041,W02,ST13,CR04,2025-07-07,2025-07-09,2025-07-09,282.1,9387.85,On-time,False
SH005042,W02,ST13,CR02,2025-07-08,2025-07-10,2025-07-10,282.1,15328.72,On-time,False
SH005043,W02,ST13,CR02,2025-07-11,2025-07-13,2025-07-14,282.1,14779.91,Delayed,False
SH005044,W02,ST13,CR01,2025-07-13,2025-07-15,2025-07-15,282.1,15230.5,On-time,False
SH005045,W02,ST13,CR01,2025-07-15,2025-07-17,2025-07-21,282.1,13778.5,Delayed,False
SH005046,W03,ST13,CR04,2025-07-17,2025-07-19,2025-07-19,367.7,20405.42,On-time,False
SH005047,W02,ST13,CR04,2025-07-19,2025-07-21,2025-07-21,282.1,12257.9,On-time,False
SH005048,W02,ST13,CR03,2025-07-22,2025-07-24,2025-07-24,282.1,16330.53,On-time,False
SH005049,W02,ST13,CR03,2025-07-23,2025-07-25,2025-07-26,282.1,14356.19,Delayed,False
SH005050,W02,ST13,CR05,2025-07-25,2025-07-27,2025-07-27,282.1,15273.58,On-time,False
SH005051,W02,ST13,CR01,2025-07-26,2025-07-28,2025-07-28,282.1,11054.69,On-time,False
SH005052,W03,ST13,CR01,2025-07-29,2025-07-31,2025-08-02,367.7,16075.45,Delayed,False
SH005053,W02,ST13,CR02,2025-07-31,2025-08-02,2025-08-02,282.1,10286.35,On-time,False
SH005054,W02,ST13,CR03,2025-08-02,2025-08-04,2025-08-05,282.1,11328.79,Delayed,False
SH005055,W02,ST13,CR04,2025-08-03,2025-08-05,2025-08-07,282.1,15156.37,Delayed,False
SH005056,W02,ST13,CR03,2025-08-05,2025-08-07,2025-08-07,282.1,12103.64,On-time,False
SH005057,W02,ST13,CR01,2025-08-07,2025-08-09,2025-08-12,282.1,13178.74,Delayed,False
SH005058,W02,ST13,CR03,2025-08-09,2025-08-11,2025-08-11,282.1,12144.67,On-time,False
SH005059,W02,ST13,CR05,2025-08-11,2025-08-13,2025-08-13,282.1,17088.68,On-time,False
SH005060,W02,ST13,CR02,2025-08-13,2025-08-15,2025-08-15,282.1,17168.22,On-time,False
SH005061,W02,ST13,CR01,2025-08-16,2025-08-18,2025-08-18,282.1,15400.68,On-time,False
SH005062,W02,ST13,CR04,2025-08-18,2025-08-20,2025-08-20,282.1,11344.5,On-time,False
SH005063,W02,ST13,CR01,2025-08-20,2025-08-22,2025-08-22,282.1,12949.31,On-time,False
SH005064,W02,ST13,CR02,2025-08-21,2025-08-23,2025-08-26,282.1,14634.78,Delayed,False
SH005065,W01,ST13,CR05,2025-08-23,2025-08-25,2025-08-27,202.2,7675.78,Lost,False
SH005066,W02,ST13,CR04,2025-08-25,2025-08-27,2025-08-28,282.1,13781.87,Delayed,False
SH005067,W02,ST13,CR02,2025-08-28,2025-08-30,2025-08-30,282.1,12551.21,On-time,False
SH005068,W02,ST13,CR05,2025-08-29,2025-08-31,2025-08-31,282.1,11975.05,On-time,False
SH005069,W02,ST13,CR01,2025-08-30,2025-09-01,2025-09-01,282.1,16954.84,On-time,False
SH005070,W02,ST99,CR03,2025-09-01,2025-09-03,2025-09-03,282.1,12571.44,On-time,True
SH005071,W01,ST13,CR01,2025-09-04,2025-09-06,2025-09-07,202.2,7063.74,Delayed,False
SH005072,W02,ST13,CR02,2025-09-06,2025-09-08,2025-09-11,282.1,11220.99,Delayed,False
SH005073,W02,ST13,CR02,2025-09-08,2025-09-10,2025-09-10,282.1,12116.57,On-time,False
SH005074,W02,ST13,CR03,2025-09-10,2025-09-12,2025-09-12,282.1,12922.35,On-time,False
SH005075,W02,ST13,CR02,2025-09-12,2025-09-14,2025-09-14,282.1,10544.69,On-time,False
SH005076,W02,ST13,CR02,2025-09-14,2025-09-16,2025-09-16,282.1,10994.87,On-time,False
SH005077,W02,ST13,CR02,2025-09-16,2025-09-18,2025-09-18,282.1,11664.92,On-time,False
SH005078,W03,ST13,CR01,2025-09-17,2025-09-19,2025-09-19,367.7,14525.96,On-time,False
SH005079,W03,ST13,CR01,2025-09-19,2025-09-21,2025-09-21,367.7,14065.65,On-time,False
SH005080,W02,ST13,CR01,2025-09-21,2025-09-23,2025-09-23,282.1,,On-time,False
SH005081,W03,ST13,CR03,2025-09-22,2025-09-24,2025-09-24,367.7,16210.17,On-time,False
SH005082,W02,ST13,CR05,2025-09-24,2025-09-26,2025-09-26,282.1,13480.26,Damaged,False
SH005083,W02,ST13,CR01,2025-09-25,2025-09-27,2025-09-27,282.1,13980.42,On-time,False
SH005084,W02,ST13,CR03,2025-09-27,2025-09-29,2025-09-29,282.1,11383.29,On-time,False
SH005085,W02,ST13,CR03,2025-09-29,2025-10-01,2025-10-01,282.1,14158.9,On-time,False
SH005086,W02,ST13,CR05,2025-09-30,2025-10-02,2025-10-02,282.1,11551.41,On-time,False
SH005087,W02,ST13,CR02,2025-10-01,2025-10-03,2025-10-03,282.1,13841.46,On-time,False
SH005088,W02,ST13,CR03,2025-10-03,2025-10-05,2025-10-05,282.1,13667.53,On-time,False
SH005089,W02,ST13,CR04,2025-10-04,2025-10-06,2025-10-07,282.1,11606.9,Delayed,False
SH005090,W02,ST13,CR04,2025-10-07,2025-10-09,2025-10-09,282.1,13182.19,On-time,False
SH005091,W02,ST13,CR01,2025-10-09,2025-10-11,2025-10-11,282.1,11390.03,On-time,False
SH005092,W02,ST13,CR01,2025-10-11,2025-10-13,2025-10-13,282.1,14270.27,On-time,False
SH005093,W02,ST13,CR01,2025-10-13,2025-10-15,2025-10-15,282.1,15705.23,On-time,False
SH005094,W02,ST13,CR03,2025-10-15,2025-10-17,2025-10-21,282.1,10698.92,Delayed,False
SH005095,W02,ST13,CR03,2025-10-17,2025-10-19,2025-10-19,282.1,14670.08,On-time,False
SH005096,W02,ST13,CR05,2025-10-20,2025-10-22,2025-10-22,282.1,,On-time,False
SH005097,W02,ST13,CR05,2025-10-22,2025-10-24,2025-10-24,282.1,,On-time,False
SH005098,W02,ST13,CR01,2025-10-24,2025-10-26,2025-10-26,282.1,13763.39,On-time,False
SH005099,W02,ST13,CR01,2025-10-26,2025-10-28,2025-10-28,282.1,15693.09,Damaged,False
SH005100,W02,ST13,CR05,2025-10-27,2025-10-29,2025-10-29,282.1,12650.72,On-time,False
SH005101,W02,ST13,CR05,2025-10-28,2025-10-30,2025-10-30,282.1,14170.03,On-time,False
SH005102,W02,ST13,CR02,2025-10-29,2025-10-31,2025-10-31,282.1,15871.74,On-time,False
SH005103,W02,ST13,CR04,2025-10-30,2025-11-01,2025-11-01,282.1,13571.15,On-time,False
SH005104,W02,ST13,CR04,2025-11-01,2025-11-03,2025-11-06,282.1,,Delayed,False
SH005105,W03,ST13,CR01,2025-11-03,2025-11-05,2025-11-05,367.7,,On-time,False
SH005106,W02,ST13,CR02,2025-11-04,2025-11-06,2025-11-06,282.1,13956.83,On-time,False
SH005107,W02,ST13,CR05,2025-11-06,2025-11-08,2025-11-08,282.1,12822.08,On-time,False
SH005108,W01,ST13,CR05,2025-11-08,2025-11-10,2025-11-10,202.2,8987.59,On-time,False
SH005109,W02,ST13,CR01,2025-11-10,2025-11-12,2025-11-12,282.1,12370.52,On-time,False
SH005110,W02,ST13,CR03,2025-11-12,2025-11-14,2025-11-14,282.1,12135.73,On-time,False
SH005111,W03,ST13,CR05,2025-11-14,2025-11-16,2025-11-16,367.7,18882.35,On-time,False
SH005112,W02,ST13,CR05,2025-11-16,2025-11-18,2025-11-18,282.1,13231.87,On-time,False
SH005113,W02,ST13,CR01,2025-11-19,2025-11-21,2025-11-21,282.1,13784.42,On-time,False
SH005114,W02,ST13,CR03,2025-11-21,2025-11-23,2025-11-23,282.1,12989.66,On-time,False
SH005115,W02,ST13,CR02,2025-11-22,2025-11-24,2025-11-24,282.1,15824.36,On-time,False
SH005116,W02,ST13,CR01,2025-11-23,2025-11-25,2025-11-25,282.1,12447.69,On-time,False
SH005117,W02,ST13,CR01,2025-11-24,2025-11-26,2025-11-26,282.1,13031.67,On-time,False
SH005118,W02,ST13,CR03,2025-11-27,2025-11-29,2025-11-29,282.1,15879.26,On-time,False
SH005119,W03,ST13,CR02,2025-11-28,2025-11-30,2025-11-30,367.7,19212.86,On-time,False
SH005120,W02,ST13,CR05,2025-11-30,2025-12-02,2025-12-02,282.1,15172.43,On-time,False
SH005121,W02,ST13,CR03,2025-12-02,2025-12-04,2025-12-07,282.1,16582.5,Delayed,False
SH005122,W02,ST13,CR03,2025-12-04,2025-12-06,2025-12-06,282.1,15045.11,On-time,False
SH005123,W01,ST13,CR01,2025-12-06,2025-12-08,2025-12-08,202.2,9651.11,On-time,False
SH005124,W02,ST13,CR05,2025-12-08,2025-12-10,2025-12-10,282.1,12990.3,On-time,False
SH005125,W02,ST13,CR01,2025-12-09,2025-12-11,2025-12-11,282.1,11438.8,On-time,False
SH005126,W02,ST13,CR02,2025-12-11,2025-12-13,2025-12-13,282.1,11659.83,On-time,False
SH005127,W02,ST13,CR01,2025-12-13,2025-12-15,2025-12-15,282.1,15747.98,On-time,False
SH005128,W02,ST13,CR02,2025-12-15,2025-12-17,2025-12-17,282.1,12646.55,On-time,False
SH005129,W02,ST13,CR01,2025-12-18,2025-12-20,2025-12-20,282.1,10093.77,Lost,False
SH005130,W02,ST13,CR02,2025-12-19,2025-12-21,2025-12-21,282.1,12354.79,On-time,False
SH005131,W02,ST13,CR01,2025-12-21,2025-12-23,2025-12-23,282.1,14960.5,On-time,False
SH005132,W02,ST13,CR05,2025-12-23,2025-12-25,2025-12-25,282.1,12590.08,On-time,False
SH005133,W02,ST13,CR02,2025-12-25,2025-12-27,2025-12-31,282.1,14689.33,Delayed,False
SH005134,W02,ST13,CR01,2025-12-26,2025-12-28,2025-12-28,282.1,,On-time,False
SH005135,W01,ST13,CR01,2025-12-28,2025-12-30,2025-12-30,202.2,7313.76,On-time,False
SH005136,W02,ST13,CR01,2025-12-30,2026-01-01,,282.1,10841.99,In-Transit,False
SH005137,W03,ST14,CR05,2024-01-03,2024-01-05,2024-01-09,201.8,8611.64,Delayed,False
SH005138,W03,ST14,CR04,2024-01-05,2024-01-07,2024-01-08,201.8,11474.13,Delayed,False
SH005139,W03,ST14,CR03,2024-01-06,2024-01-08,2024-01-08,201.8,8947.63,On-time,False
SH005140,W03,ST14,CR05,2024-01-08,2024-01-10,2024-01-10,201.8,11039.79,On-time,False
SH005141,W03,ST14,CR01,2024-01-09,2024-01-11,2024-01-11,201.8,11917.13,On-time,False
SH005142,W03,ST14,CR05,2024-01-12,2024-01-14,2024-01-14,201.8,9291.05,On-time,False
SH005143,W03,ST14,CR01,2024-01-14,2024-01-16,2024-01-16,201.8,10491.4,On-time,False
SH005144,W03,ST14,CR05,2024-01-16,2024-01-18,2024-01-18,201.8,9564.57,On-time,False
SH005145,W03,ST14,CR02,2024-01-18,2024-01-20,2024-01-20,201.8,8878.31,On-time,False
SH005146,W03,ST14,CR05,2024-01-19,2024-01-21,2024-01-21,201.8,8966.6,Damaged,False
SH005147,W03,ST14,CR03,2024-01-22,2024-01-24,2024-01-24,201.8,9079.48,Damaged,False
SH005148,W03,ST14,CR01,2024-01-23,2024-01-25,2024-01-28,201.8,8443.17,Delayed,False
SH005149,W03,ST14,CR02,2024-01-25,2024-01-27,2024-01-27,201.8,9062.19,On-time,False
SH005150,W02,ST14,CR02,2024-01-27,2024-01-29,2024-01-29,252.7,,On-time,False
SH005151,W03,ST14,CR03,2024-01-29,2024-01-31,2024-01-31,201.8,9224.03,On-time,False
SH005152,W03,ST14,CR04,2024-01-30,2024-02-01,2024-02-01,201.8,9482.65,On-time,False
SH005153,W03,ST14,CR01,2024-02-01,2024-02-03,2024-02-03,201.8,12271.09,On-time,False
SH005154,W03,ST14,CR04,2024-02-03,2024-02-05,2024-02-05,201.8,9738.95,On-time,False
SH005155,W03,ST14,CR01,2024-02-04,2024-02-06,2024-02-06,201.8,9629.17,On-time,False
SH005156,W03,ST14,CR02,2024-02-06,2024-02-08,2024-02-08,201.8,10091.08,Damaged,False
SH005157,W03,ST14,CR05,2024-02-08,2024-02-10,2024-02-10,201.8,8080.14,On-time,False
SH005158,W03,ST14,CR02,2024-02-11,2024-02-13,2024-02-13,201.8,9483.93,On-time,False
SH005159,W03,ST14,CR03,2024-02-13,2024-02-15,2024-02-15,201.8,7664.61,On-time,False
SH005160,W03,ST14,CR02,2024-02-15,2024-02-17,2024-02-19,201.8,11571.89,Delayed,False
SH005161,W03,ST14,CR04,2024-02-16,2024-02-18,2024-02-18,201.8,9390.69,Damaged,False
SH005162,W03,ST14,CR01,2024-02-19,2024-02-21,2024-02-25,201.8,9563.3,Delayed,False
SH005163,W03,ST14,CR01,2024-02-21,2024-02-23,2024-02-26,201.8,8441.27,Delayed,False
SH005164,W03,ST14,CR03,2024-02-23,2024-02-25,2024-02-25,201.8,11503.85,On-time,False
SH005165,W03,ST14,CR05,2024-02-25,2024-02-27,2024-02-27,201.8,9764.13,On-time,False
SH005166,W03,ST14,CR03,2024-02-27,2024-02-29,2024-02-29,201.8,9567.44,On-time,False
SH005167,W03,ST14,CR05,2024-02-29,2024-03-02,2024-03-02,201.8,10603.27,On-time,False
SH005168,W03,ST14,CR01,2024-03-01,2024-03-03,2024-03-05,201.8,8239.26,Delayed,False
SH005169,W03,ST14,CR03,2024-03-04,2024-03-06,2024-03-06,201.8,8385.44,Damaged,False
SH005170,W03,ST14,CR04,2024-03-06,2024-03-08,2024-03-08,201.8,8590.36,On-time,False
SH005171,W03,ST14,CR01,2024-03-08,2024-03-10,2024-03-10,201.8,10183.9,On-time,False
SH005172,W03,ST14,CR01,2024-03-10,2024-03-12,2024-03-12,201.8,10341.76,On-time,False
SH005173,W03,ST14,CR03,2024-03-12,2024-03-14,2024-03-14,201.8,8213.96,On-time,False
SH005174,W03,ST14,CR05,2024-03-13,2024-03-15,2024-03-15,201.8,7930.22,On-time,False
SH005175,W03,ST14,CR04,2024-03-15,2024-03-17,2024-03-17,201.8,11914.93,On-time,False
SH005176,W02,ST14,CR01,2024-03-16,2024-03-18,2024-03-18,252.7,10548.57,On-time,False
SH005177,W03,ST14,CR01,2024-03-18,2024-03-20,2024-03-20,201.8,,On-time,False
SH005178,W01,ST14,CR01,2024-03-20,2024-03-22,2024-03-22,145.6,,On-time,False
SH005179,W03,ST14,CR01,2024-03-22,2024-03-24,2024-03-24,201.8,8884.04,Damaged,False
SH005180,W03,ST14,CR05,2024-03-25,2024-03-27,2024-03-27,201.8,9207.63,On-time,False
SH005181,W03,ST14,CR03,2024-03-26,2024-03-28,2024-03-28,201.8,9507.49,On-time,False
SH005182,W03,ST14,CR02,2024-03-29,2024-03-31,2024-04-03,201.8,10864.0,Delayed,False
SH005183,W03,ST14,CR01,2024-03-31,2024-04-02,2024-04-02,201.8,11180.54,On-time,False
SH005184,W03,ST14,CR03,2024-04-01,2024-04-03,2024-04-03,201.8,8121.83,Damaged,False
SH005185,W03,ST14,CR02,2024-04-03,2024-04-05,2024-04-06,201.8,11629.23,Delayed,False
SH005186,W03,ST14,CR01,2024-04-05,2024-04-07,2024-04-07,201.8,12068.28,On-time,False
SH005187,W03,ST14,CR01,2024-04-07,2024-04-09,2024-04-09,201.8,7453.56,On-time,False
SH005188,W03,ST14,CR01,2024-04-09,2024-04-11,2024-04-11,201.8,9837.86,On-time,False
SH005189,W02,ST14,CR01,2024-04-11,2024-04-13,2024-04-13,252.7,12021.6,On-time,False
SH005190,W03,ST14,CR01,2024-04-13,2024-04-15,2024-04-15,201.8,10853.5,On-time,False
SH005191,W03,ST14,CR05,2024-04-15,2024-04-17,2024-04-17,201.8,7259.03,On-time,False
SH005192,W03,ST14,CR02,2024-04-17,2024-04-19,2024-04-19,201.8,8068.58,On-time,False
SH005193,W03,ST14,CR05,2024-04-20,2024-04-22,2024-04-22,201.8,11321.48,On-time,False
SH005194,W02,ST14,CR05,2024-04-21,2024-04-23,2024-04-27,252.7,14703.0,Delayed,False
SH005195,W03,ST14,CR02,2024-04-23,2024-04-25,2024-04-25,201.8,7707.1,On-time,False
SH005196,W01,ST14,CR04,2024-04-24,2024-04-26,2024-04-26,145.6,8604.93,On-time,False
SH005197,W03,ST14,CR05,2024-04-27,2024-04-29,2024-04-29,201.8,7935.6,On-time,False
SH005198,W03,ST14,CR03,2024-04-30,2024-05-02,2024-05-02,201.8,9558.2,On-time,False
SH005199,W03,ST14,CR05,2024-05-02,2024-05-04,2024-05-04,201.8,10324.29,On-time,False
SH005200,W03,ST14,CR01,2024-05-04,2024-05-06,2024-05-07,201.8,8732.07,Delayed,False
SH005201,W03,ST14,CR01,2024-05-05,2024-05-07,2024-05-07,201.8,11345.25,On-time,False
SH005202,W03,ST14,CR05,2024-05-07,2024-05-09,2024-05-09,201.8,,On-time,False
SH005203,W03,ST14,CR02,2024-05-09,2024-05-11,2024-05-11,201.8,10684.94,On-time,False
SH005204,W03,ST14,CR05,2024-05-12,2024-05-14,2024-05-14,201.8,11104.9,On-time,False
SH005205,W03,ST14,CR04,2024-05-13,2024-05-15,2024-05-18,201.8,8821.53,Delayed,False
SH005206,W03,ST14,CR04,2024-05-15,2024-05-17,2024-05-20,201.8,,Delayed,False
SH005207,W03,ST14,CR05,2024-05-18,2024-05-20,2024-05-20,201.8,11427.98,On-time,False
SH005208,W03,ST14,CR03,2024-05-20,2024-05-22,2024-05-22,201.8,10869.09,On-time,False
SH005209,W03,ST14,CR03,2024-05-21,2024-05-23,2024-05-23,201.8,11513.88,Damaged,False
SH005210,W03,ST14,CR01,2024-05-23,2024-05-25,2024-05-25,201.8,12048.56,Lost,False
SH005211,W03,ST14,CR01,2024-05-25,2024-05-27,2024-05-27,201.8,,On-time,False
SH005212,W03,ST14,CR03,2024-05-26,2024-05-28,2024-05-28,201.8,9078.91,On-time,False
SH005213,W03,ST14,CR02,2024-05-28,2024-05-30,2024-06-03,201.8,8898.03,Delayed,False
SH005214,W03,ST14,CR03,2024-05-30,2024-06-01,2024-06-01,201.8,8085.35,On-time,False
SH005215,W03,ST14,CR02,2024-05-31,2024-06-02,2024-06-02,201.8,9148.6,On-time,False
SH005216,W03,ST14,CR05,2024-06-02,2024-06-04,2024-06-07,201.8,10183.32,Delayed,False
SH005217,W03,ST14,CR02,2024-06-04,2024-06-06,2024-06-07,201.8,9654.06,Delayed,False
SH005218,W02,ST14,CR02,2024-06-05,2024-06-07,2024-06-07,252.7,12736.17,On-time,False
SH005219,W03,ST14,CR02,2024-06-08,2024-06-10,2024-06-12,201.8,7975.14,Delayed,False
SH005220,W03,ST14,CR04,2024-06-11,2024-06-13,2024-06-13,201.8,10764.09,On-time,False
SH005221,W03,ST14,CR01,2024-06-12,2024-06-14,2024-06-17,201.8,10429.86,Delayed,False
SH005222,W03,ST14,CR05,2024-06-13,2024-06-15,2024-06-15,201.8,10573.23,On-time,False
SH005223,W03,ST14,CR03,2024-06-14,2024-06-16,2024-06-16,201.8,8208.09,On-time,False
SH005224,W03,ST14,CR03,2024-06-16,2024-06-18,2024-06-22,201.8,9480.3,Damaged,False
SH005225,W03,ST14,CR03,2024-06-18,2024-06-20,2024-06-20,201.8,8170.21,On-time,False
SH005226,W03,ST14,CR05,2024-06-20,2024-06-22,2024-06-24,201.8,10349.69,Delayed,False
SH005227,W03,ST14,CR05,2024-06-21,2024-06-23,2024-06-24,201.8,9133.65,Delayed,False
SH005228,W03,ST14,CR01,2024-06-22,2024-06-24,2024-06-24,201.8,9499.55,On-time,False
SH005229,W03,ST14,CR01,2024-06-24,2024-06-26,2024-06-26,201.8,10120.57,On-time,False
SH005230,W03,ST14,CR05,2024-06-26,2024-06-28,2024-06-28,201.8,8574.67,On-time,False
SH005231,W03,ST14,CR03,2024-06-28,2024-06-30,2024-06-30,201.8,11961.97,On-time,False
SH005232,W03,ST14,CR05,2024-06-30,2024-07-02,2024-07-02,201.8,10609.28,On-time,False
SH005233,W03,ST14,CR05,2024-07-02,2024-07-04,2024-07-04,201.8,7545.0,On-time,False
SH005234,W03,ST14,CR03,2024-07-03,2024-07-05,2024-07-08,201.8,10718.41,Delayed,False
SH005235,W03,ST14,CR04,2024-07-05,2024-07-07,2024-07-11,201.8,10053.6,Delayed,False
SH005236,W03,ST14,CR05,2024-07-07,2024-07-09,2024-07-09,201.8,9412.75,On-time,False
SH005237,W03,ST14,CR05,2024-07-10,2024-07-12,2024-07-12,201.8,11366.53,On-time,False
SH005238,W03,ST14,CR01,2024-07-12,2024-07-14,2024-07-14,201.8,8805.1,On-time,False
SH005239,W03,ST14,CR03,2024-07-14,2024-07-16,2024-07-16,201.8,9129.31,On-time,False
SH005240,W03,ST14,CR04,2024-07-16,2024-07-18,2024-07-18,201.8,11231.87,On-time,False
SH005241,W03,ST14,CR01,2024-07-19,2024-07-21,2024-07-23,201.8,8845.82,Delayed,False
SH005242,W01,ST14,CR02,2024-07-21,2024-07-23,2024-07-23,145.6,6283.81,On-time,False
SH005243,W03,ST14,CR01,2024-07-23,2024-07-25,2024-07-25,201.8,8481.62,On-time,False
SH005244,W03,ST14,CR03,2024-07-25,2024-07-27,2024-07-28,201.8,10419.66,Delayed,False
SH005245,W03,ST14,CR02,2024-07-27,2024-07-29,2024-07-29,201.8,12014.56,Damaged,False
SH005246,W03,ST14,CR01,2024-07-28,2024-07-30,2024-07-30,201.8,10990.93,On-time,False
SH005247,W01,ST14,CR05,2024-07-30,2024-08-01,2024-08-01,145.6,6447.51,On-time,False
SH005248,W03,ST14,CR01,2024-08-01,2024-08-03,2024-08-03,201.8,9206.66,On-time,False
SH005249,W03,ST14,CR04,2024-08-03,2024-08-05,2024-08-05,201.8,9055.62,On-time,False
SH005250,W03,ST14,CR04,2024-08-05,2024-08-07,2024-08-07,201.8,10761.82,On-time,False
SH005251,W03,ST14,CR01,2024-08-07,2024-08-09,2024-08-09,201.8,8476.12,On-time,False
SH005252,W03,ST14,CR01,2024-08-09,2024-08-11,2024-08-11,201.8,10549.96,On-time,False
SH005253,W03,ST14,CR03,2024-08-11,2024-08-13,2024-08-13,201.8,8246.79,On-time,False
SH005254,W03,ST14,CR03,2024-08-13,2024-08-15,2024-08-15,201.8,10919.82,On-time,False
SH005255,W03,ST14,CR03,2024-08-16,2024-08-18,2024-08-18,201.8,8463.48,On-time,False
SH005256,W03,ST14,CR01,2024-08-18,2024-08-20,2024-08-20,201.8,11002.52,On-time,False
SH005257,W03,ST14,CR04,2024-08-20,2024-08-22,2024-08-25,201.8,9520.52,Delayed,False
SH005258,W03,ST14,CR03,2024-08-22,2024-08-24,2024-08-26,201.8,7529.45,Delayed,False
SH005259,W03,ST14,CR01,2024-08-24,2024-08-26,2024-08-26,201.8,7854.51,Damaged,False
SH005260,W03,ST14,CR01,2024-08-25,2024-08-27,2024-08-27,201.8,11233.27,Damaged,False
SH005261,W03,ST14,CR01,2024-08-27,2024-08-29,2024-08-29,201.8,10038.84,On-time,False
SH005262,W03,ST14,CR03,2024-08-29,2024-08-31,2024-08-31,201.8,8227.54,On-time,False
SH005263,W01,ST14,CR02,2024-08-31,2024-09-02,2024-09-02,145.6,8127.51,On-time,False
SH005264,W03,ST14,CR04,2024-09-02,2024-09-04,2024-09-05,201.8,8994.74,Delayed,False
SH005265,W03,ST14,CR05,2024-09-03,2024-09-05,2024-09-05,201.8,11611.45,On-time,False
SH005266,W03,ST14,CR04,2024-09-05,2024-09-07,2024-09-07,201.8,9504.84,On-time,False
SH005267,W03,ST14,CR03,2024-09-07,2024-09-09,2024-09-09,201.8,11566.7,On-time,False
SH005268,W03,ST14,CR03,2024-09-09,2024-09-11,2024-09-11,201.8,8977.06,On-time,False
SH005269,W03,ST14,CR02,2024-09-11,2024-09-13,2024-09-13,201.8,10383.36,On-time,False
SH005270,W03,ST14,CR04,2024-09-12,2024-09-14,2024-09-14,201.8,12260.44,On-time,False
SH005271,W02,ST14,CR01,2024-09-14,2024-09-16,2024-09-16,252.7,13575.88,On-time,False
SH005272,W01,ST14,CR01,2024-09-15,2024-09-17,2024-09-17,145.6,5351.0,On-time,False
SH005273,W03,ST14,CR02,2024-09-17,2024-09-19,2024-09-20,201.8,8994.93,Delayed,False
SH005274,W03,ST14,CR04,2024-09-19,2024-09-21,2024-09-21,201.8,11529.57,On-time,False
SH005275,W03,ST14,CR04,2024-09-20,2024-09-22,2024-09-23,201.8,9691.46,Delayed,False
SH005276,W03,ST14,CR02,2024-09-22,2024-09-24,2024-09-24,201.8,9388.15,On-time,False
SH005277,W03,ST14,CR01,2024-09-25,2024-09-27,2024-09-27,201.8,11006.98,On-time,False
SH005278,W03,ST14,CR02,2024-09-27,2024-09-29,2024-09-29,201.8,11156.03,On-time,False
SH005279,W03,ST14,CR05,2024-09-29,2024-10-01,2024-10-01,201.8,9291.66,On-time,False
SH005280,W03,ST14,CR05,2024-10-02,2024-10-04,2024-10-04,201.8,8788.37,On-time,False
SH005281,W03,ST14,CR02,2024-10-05,2024-10-07,2024-10-08,201.8,9065.94,Delayed,False
SH005282,W03,ST14,CR03,2024-10-08,2024-10-10,2024-10-10,201.8,10733.18,On-time,False
SH005283,W03,ST14,CR04,2024-10-09,2024-10-11,2024-10-11,201.8,10721.49,On-time,False
SH005284,W03,ST14,CR05,2024-10-11,2024-10-13,2024-10-13,201.8,8813.65,On-time,False
SH005285,W03,ST14,CR02,2024-10-13,2024-10-15,2024-10-18,201.8,9669.02,Delayed,False
SH005286,W03,ST14,CR02,2024-10-15,2024-10-17,2024-10-20,201.8,12489.13,Delayed,False
SH005287,W03,ST14,CR01,2024-10-18,2024-10-20,2024-10-20,201.8,10897.81,On-time,False
SH005288,W03,ST14,CR02,2024-10-20,2024-10-22,2024-10-22,201.8,8800.4,On-time,False
SH005289,W03,ST14,CR05,2024-10-21,2024-10-23,2024-10-23,201.8,10013.79,On-time,False
SH005290,W03,ST14,CR03,2024-10-23,2024-10-25,2024-10-25,201.8,7948.13,On-time,False
SH005291,W03,ST14,CR05,2024-10-26,2024-10-28,2024-10-28,201.8,7627.95,On-time,False
SH005292,W03,ST14,CR01,2024-10-27,2024-10-29,2024-10-29,201.8,8339.53,On-time,False
SH005293,W03,ST14,CR01,2024-10-29,2024-10-31,2024-10-31,201.8,9619.89,On-time,False
SH005294,W03,ST14,CR02,2024-10-31,2024-11-02,2024-11-02,201.8,10976.39,On-time,False
SH005295,W02,ST14,CR04,2024-11-02,2024-11-04,2024-11-08,252.7,9478.36,Delayed,False
SH005296,W03,ST14,CR02,2024-11-03,2024-11-05,2024-11-05,201.8,8841.39,On-time,False
SH005297,W03,ST14,CR05,2024-11-05,2024-11-07,2024-11-07,201.8,8580.87,On-time,False
SH005298,W03,ST14,CR03,2024-11-06,2024-11-08,2024-11-08,201.8,10665.08,On-time,False
SH005299,W03,ST14,CR02,2024-11-08,2024-11-10,2024-11-10,201.8,11984.25,On-time,False
SH005300,W03,ST14,CR01,2024-11-10,2024-11-12,2024-11-12,201.8,11772.45,On-time,False
SH005301,W03,ST14,CR03,2024-11-13,2024-11-15,2024-11-19,201.8,9332.94,Delayed,False
SH005302,W03,ST14,CR03,2024-11-15,2024-11-17,2024-11-17,201.8,10301.19,On-time,False
SH005303,W03,ST14,CR01,2024-11-17,2024-11-19,2024-11-21,201.8,10871.64,Delayed,False
SH005304,W03,ST14,CR01,2024-11-20,2024-11-22,2024-11-22,201.8,10047.19,On-time,False
SH005305,W03,ST14,CR02,2024-11-23,2024-11-25,2024-11-28,201.8,9522.34,Delayed,False
SH005306,W03,ST14,CR01,2024-11-25,2024-11-27,2024-11-29,201.8,8349.91,Delayed,False
SH005307,W03,ST14,CR02,2024-11-28,2024-11-30,2024-12-02,201.8,9660.83,Delayed,False
SH005308,W03,ST14,CR02,2024-11-30,2024-12-02,2024-12-02,201.8,11636.81,On-time,False
SH005309,W03,ST14,CR04,2024-12-01,2024-12-03,2024-12-03,201.8,10745.94,On-time,False
SH005310,W03,ST14,CR01,2024-12-04,2024-12-06,2024-12-06,201.8,7694.53,On-time,False
SH005311,W03,ST14,CR02,2024-12-06,2024-12-08,2024-12-08,201.8,8912.54,On-time,False
SH005312,W03,ST14,CR04,2024-12-08,2024-12-10,2024-12-10,201.8,10560.05,On-time,False
SH005313,W03,ST14,CR03,2024-12-11,2024-12-13,2024-12-13,201.8,11313.48,On-time,False
SH005314,W03,ST14,CR03,2024-12-12,2024-12-14,2024-12-14,201.8,9299.14,On-time,False
SH005315,W03,ST14,CR03,2024-12-15,2024-12-17,2024-12-17,201.8,12530.61,On-time,False
SH005316,W03,ST14,CR01,2024-12-17,2024-12-19,2024-12-19,201.8,9518.43,On-time,False
SH005317,W03,ST14,CR03,2024-12-18,2024-12-20,2024-12-24,201.8,,Delayed,False
SH005318,W03,ST14,CR05,2024-12-20,2024-12-22,2024-12-22,201.8,9293.14,On-time,False
SH005319,W03,ST14,CR05,2024-12-22,2024-12-24,2024-12-24,201.8,,On-time,False
SH005320,W03,ST14,CR02,2024-12-23,2024-12-25,2024-12-25,201.8,9571.62,On-time,False
SH005321,W03,ST14,CR02,2024-12-26,2024-12-28,2024-12-28,201.8,7672.84,On-time,False
SH005322,W03,ST14,CR04,2024-12-28,2024-12-30,2025-01-03,201.8,10560.64,Delayed,False
SH005323,W03,ST14,CR03,2024-12-30,2025-01-01,2025-01-01,201.8,10175.91,On-time,False
SH005324,W03,ST14,CR02,2025-01-01,2025-01-03,2025-01-03,201.8,9441.91,On-time,False
SH005325,W03,ST14,CR01,2025-01-03,2025-01-05,2025-01-05,201.8,10184.63,On-time,False
SH005326,W03,ST14,CR02,2025-01-04,2025-01-06,2025-01-06,201.8,7973.16,On-time,False
SH005327,W03,ST14,CR03,2025-01-07,2025-01-09,2025-01-09,201.8,9390.44,On-time,False
SH005328,W03,ST14,CR02,2025-01-09,2025-01-11,2025-01-15,201.8,11249.36,Delayed,False
SH005329,W03,ST14,CR02,2025-01-11,2025-01-13,2025-01-13,201.8,8544.8,On-time,False
SH005330,W03,ST14,CR03,2025-01-13,2025-01-15,2025-01-19,201.8,,Delayed,False
SH005331,W03,ST14,CR01,2025-01-15,2025-01-17,2025-01-17,201.8,8586.3,On-time,False
SH005332,W03,ST14,CR02,2025-01-16,2025-01-18,2025-01-18,201.8,12223.01,On-time,False
SH005333,W03,ST14,CR02,2025-01-19,2025-01-21,2025-01-21,201.8,12061.0,On-time,False
SH005334,W01,ST14,CR02,2025-01-21,2025-01-23,2025-01-23,145.6,7772.5,On-time,False
SH005335,W03,ST14,CR01,2025-01-22,2025-01-24,2025-01-24,201.8,10751.47,On-time,False
SH005336,W03,ST14,CR02,2025-01-24,2025-01-26,2025-01-26,201.8,11344.0,On-time,False
SH005337,W03,ST14,CR05,2025-01-26,2025-01-28,2025-01-28,201.8,6654.73,On-time,False
SH005338,W03,ST14,CR01,2025-01-28,2025-01-30,2025-01-30,201.8,8198.16,On-time,False
SH005339,W03,ST14,CR04,2025-01-30,2025-02-01,2025-02-01,201.8,8553.31,On-time,False
SH005340,W03,ST14,CR01,2025-02-01,2025-02-03,2025-02-03,201.8,8553.59,On-time,False
SH005341,W03,ST14,CR02,2025-02-04,2025-02-06,2025-02-09,201.8,9415.81,Delayed,False
SH005342,W03,ST14,CR04,2025-02-05,2025-02-07,2025-02-07,201.8,8786.31,On-time,False
SH005343,W03,ST14,CR02,2025-02-07,2025-02-09,2025-02-10,201.8,11983.78,Delayed,False
SH005344,W03,ST14,CR04,2025-02-09,2025-02-11,2025-02-11,201.8,10886.51,On-time,False
SH005345,W03,ST14,CR02,2025-02-11,2025-02-13,2025-02-17,201.8,8443.97,Delayed,False
SH005346,W03,ST14,CR04,2025-02-13,2025-02-15,2025-02-15,201.8,9372.04,On-time,False
SH005347,W03,ST14,CR05,2025-02-15,2025-02-17,2025-02-17,201.8,9435.21,On-time,False
SH005348,W03,ST14,CR05,2025-02-17,2025-02-19,2025-02-19,201.8,9131.58,Damaged,False
SH005349,W01,ST14,CR02,2025-02-18,2025-02-20,2025-02-20,145.6,5812.55,On-time,False
SH005350,W03,ST14,CR04,2025-02-20,2025-02-22,2025-02-22,201.8,11451.16,On-time,False
SH005351,W03,ST14,CR02,2025-02-22,2025-02-24,2025-02-25,201.8,11799.37,Lost,False
SH005352,W01,ST14,CR02,2025-02-25,2025-02-27,2025-02-27,145.6,,On-time,False
SH005353,W03,ST14,CR01,2025-02-27,2025-03-01,2025-03-01,201.8,12005.04,Lost,False
SH005354,W03,ST14,CR02,2025-03-01,2025-03-03,2025-03-03,201.8,9366.92,On-time,False
SH005355,W03,ST14,CR02,2025-03-03,2025-03-05,2025-03-05,201.8,10693.52,On-time,False
SH005356,W03,ST14,CR04,2025-03-05,2025-03-07,2025-03-11,201.8,10220.76,Delayed,False
SH005357,W03,ST14,CR01,2025-03-07,2025-03-09,2025-03-09,201.8,11801.9,On-time,False
SH005358,W03,ST14,CR04,2025-03-08,2025-03-10,2025-03-10,201.8,11730.35,On-time,False
SH005359,W03,ST14,CR04,2025-03-10,2025-03-12,2025-03-14,201.8,8075.4,Delayed,False
SH005360,W03,ST14,CR05,2025-03-12,2025-03-14,2025-03-14,201.8,9271.35,On-time,False
SH005361,W03,ST14,CR03,2025-03-14,2025-03-16,2025-03-16,201.8,9754.24,On-time,False
SH005362,W03,ST14,CR03,2025-03-15,2025-03-17,2025-03-18,201.8,7397.76,Delayed,False
SH005363,W03,ST14,CR05,2025-03-17,2025-03-19,2025-03-19,201.8,8767.92,On-time,False
SH005364,W03,ST14,CR02,2025-03-19,2025-03-21,2025-03-21,201.8,,On-time,False
SH005365,W03,ST14,CR03,2025-03-21,2025-03-23,2025-03-23,201.8,,On-time,False
SH005366,W03,ST14,CR05,2025-03-23,2025-03-25,2025-03-25,201.8,9785.36,On-time,False
SH005367,W03,ST14,CR04,2025-03-24,2025-03-26,2025-03-27,201.8,8418.92,Delayed,False
SH005368,W03,ST14,CR02,2025-03-27,2025-03-29,2025-04-02,201.8,9525.95,Damaged,False
SH005369,W03,ST14,CR01,2025-03-29,2025-03-31,2025-04-04,201.8,7850.53,Delayed,False
SH005370,W03,ST14,CR01,2025-03-31,2025-04-02,2025-04-02,201.8,8223.16,On-time,False
SH005371,W01,ST14,CR04,2025-04-03,2025-04-05,2025-04-09,145.6,5716.59,Delayed,False
SH005372,W03,ST14,CR05,2025-04-04,2025-04-06,2025-04-06,201.8,9850.59,On-time,False
SH005373,W03,ST14,CR05,2025-04-06,2025-04-08,2025-04-08,201.8,9109.38,Lost,False
SH005374,W03,ST14,CR03,2025-04-08,2025-04-10,2025-04-10,201.8,8402.89,On-time,False
SH005375,W03,ST14,CR03,2025-04-10,2025-04-12,2025-04-12,201.8,12040.47,On-time,False
SH005376,W03,ST14,CR02,2025-04-11,2025-04-13,2025-04-13,201.8,9879.66,On-time,False
SH005377,W03,ST14,CR04,2025-04-14,2025-04-16,2025-04-17,201.8,10930.18,Delayed,False
SH005378,W01,ST14,CR02,2025-04-16,2025-04-18,2025-04-22,145.6,5464.11,Delayed,False
SH005379,W03,ST14,CR04,2025-04-19,2025-04-21,2025-04-22,201.8,9034.25,Delayed,False
SH005380,W03,ST14,CR02,2025-04-21,2025-04-23,2025-04-23,201.8,,On-time,False
SH005381,W03,ST14,CR04,2025-04-23,2025-04-25,2025-04-25,201.8,11274.67,On-time,False
SH005382,W03,ST14,CR01,2025-04-25,2025-04-27,2025-04-27,201.8,8890.93,On-time,False
SH005383,W03,ST14,CR03,2025-04-28,2025-04-30,2025-04-30,201.8,,On-time,False
SH005384,W03,ST14,CR01,2025-04-30,2025-05-02,2025-05-02,201.8,10677.41,On-time,False
SH005385,W03,ST14,CR03,2025-05-02,2025-05-04,2025-05-04,201.8,8239.16,On-time,False
SH005386,W03,ST14,CR03,2025-05-04,2025-05-06,2025-05-06,201.8,11337.39,On-time,False
SH005387,W03,ST14,CR02,2025-05-06,2025-05-08,2025-05-08,201.8,7659.22,On-time,False
SH005388,W03,ST14,CR02,2025-05-08,2025-05-10,2025-05-10,201.8,9656.85,On-time,False
SH005389,W03,ST14,CR02,2025-05-09,2025-05-11,2025-05-11,201.8,8881.38,On-time,False
SH005390,W03,ST14,CR02,2025-05-12,2025-05-14,2025-05-14,201.8,11972.8,On-time,False
SH005391,W03,ST14,CR05,2025-05-14,2025-05-16,2025-05-16,201.8,9085.45,On-time,False
SH005392,W03,ST14,CR02,2025-05-16,2025-05-18,2025-05-21,201.8,11072.21,Delayed,False
SH005393,W03,ST14,CR02,2025-05-19,2025-05-21,2025-05-21,201.8,9836.16,On-time,False
SH005394,W03,ST14,CR01,2025-05-21,2025-05-23,2025-05-23,201.8,9115.02,On-time,False
SH005395,W01,ST14,CR05,2025-05-23,2025-05-25,2025-05-25,145.6,6429.9,On-time,False
SH005396,W03,ST14,CR01,2025-05-25,2025-05-27,2025-05-27,201.8,7918.26,On-time,False
SH005397,W03,ST14,CR04,2025-05-27,2025-05-29,2025-06-01,201.8,8957.22,Delayed,False
SH005398,W03,ST14,CR01,2025-05-29,2025-05-31,2025-05-31,201.8,10079.23,On-time,False
SH005399,W03,ST14,CR02,2025-05-31,2025-06-02,2025-06-03,201.8,10078.95,Damaged,False
SH005400,W03,ST14,CR04,2025-06-02,2025-06-04,2025-06-04,201.8,8456.76,On-time,False
SH005401,W03,ST14,CR05,2025-06-04,2025-06-06,2025-06-09,201.8,7414.6,Delayed,False
SH005402,W03,ST14,CR01,2025-06-06,2025-06-08,2025-06-08,201.8,8011.92,On-time,False
SH005403,W03,ST14,CR03,2025-06-07,2025-06-09,2025-06-09,201.8,9644.21,On-time,False
SH005404,W03,ST14,CR02,2025-06-09,2025-06-11,2025-06-14,201.8,9242.37,Delayed,False
SH005405,W03,ST14,CR01,2025-06-12,2025-06-14,2025-06-16,201.8,10657.45,Delayed,False
SH005406,W03,ST14,CR02,2025-06-14,2025-06-16,2025-06-18,201.8,11393.59,Delayed,False
SH005407,W03,ST14,CR02,2025-06-16,2025-06-18,2025-06-18,201.8,11927.17,On-time,False
SH005408,W03,ST14,CR02,2025-06-18,2025-06-20,2025-06-20,201.8,10497.63,On-time,False
SH005409,W03,ST14,CR05,2025-06-20,2025-06-22,2025-06-25,201.8,10237.33,Delayed,False
SH005410,W03,ST14,CR05,2025-06-22,2025-06-24,2025-06-24,201.8,,On-time,False
SH005411,W03,ST14,CR03,2025-06-24,2025-06-26,2025-06-26,201.8,,On-time,False
SH005412,W03,ST14,CR01,2025-06-27,2025-06-29,2025-06-29,201.8,,On-time,False
SH005413,W03,ST14,CR02,2025-06-29,2025-07-01,2025-07-01,201.8,10355.61,On-time,False
SH005414,W03,ST14,CR01,2025-07-01,2025-07-03,2025-07-03,201.8,7176.16,On-time,False
SH005415,W03,ST14,CR04,2025-07-02,2025-07-04,2025-07-04,201.8,8429.87,On-time,False
SH005416,W03,ST14,CR05,2025-07-04,2025-07-06,2025-07-06,201.8,10978.36,On-time,False
SH005417,W01,ST14,CR01,2025-07-06,2025-07-08,2025-07-08,145.6,7579.01,On-time,False
SH005418,W03,ST14,CR02,2025-07-08,2025-07-10,2025-07-13,201.8,8815.47,Delayed,False
SH005419,W03,ST14,CR04,2025-07-10,2025-07-12,2025-07-12,201.8,9643.51,On-time,False
SH005420,W03,ST14,CR02,2025-07-11,2025-07-13,2025-07-13,201.8,12861.23,On-time,False
SH005421,W03,ST14,CR05,2025-07-12,2025-07-14,2025-07-14,201.8,11587.29,On-time,False
SH005422,W03,ST14,CR05,2025-07-15,2025-07-17,2025-07-18,201.8,10154.27,Delayed,False
SH005423,W03,ST14,CR03,2025-07-17,2025-07-19,2025-07-20,201.8,10715.2,Delayed,False
SH005424,W03,ST14,CR01,2025-07-19,2025-07-21,2025-07-21,201.8,8398.14,On-time,False
SH005425,W03,ST14,CR03,2025-07-22,2025-07-24,2025-07-27,201.8,9180.55,Delayed,False
SH005426,W03,ST14,CR05,2025-07-25,2025-07-27,2025-07-27,201.8,9376.85,On-time,False
SH005427,W03,ST14,CR02,2025-07-27,2025-07-29,2025-07-29,201.8,8095.74,On-time,False
SH005428,W03,ST14,CR01,2025-07-29,2025-07-31,2025-07-31,201.8,11133.38,On-time,False
SH005429,W03,ST14,CR02,2025-07-31,2025-08-02,2025-08-02,201.8,10989.76,On-time,False
SH005430,W03,ST14,CR05,2025-08-02,2025-08-04,2025-08-04,201.8,9469.57,On-time,False
SH005431,W03,ST14,CR01,2025-08-03,2025-08-05,2025-08-05,201.8,10372.45,On-time,False
SH005432,W03,ST14,CR03,2025-08-05,2025-08-07,2025-08-07,201.8,8298.5,On-time,False
SH005433,W03,ST14,CR02,2025-08-07,2025-08-09,2025-08-09,201.8,11491.69,On-time,False
SH005434,W03,ST14,CR01,2025-08-10,2025-08-12,2025-08-12,201.8,11757.48,On-time,False
SH005435,W03,ST14,CR03,2025-08-13,2025-08-15,2025-08-15,201.8,12267.46,On-time,False
SH005436,W03,ST14,CR01,2025-08-16,2025-08-18,2025-08-18,201.8,10162.79,On-time,False
SH005437,W03,ST14,CR02,2025-08-18,2025-08-20,2025-08-20,201.8,8043.08,On-time,False
SH005438,W03,ST14,CR02,2025-08-20,2025-08-22,2025-08-22,201.8,12891.64,On-time,False
SH005439,W03,ST14,CR02,2025-08-22,2025-08-24,2025-08-24,201.8,8209.26,On-time,False
SH005440,W03,ST14,CR02,2025-08-24,2025-08-26,2025-08-26,201.8,8855.84,On-time,False
SH005441,W03,ST14,CR03,2025-08-26,2025-08-28,2025-08-28,201.8,8563.93,On-time,False
SH005442,W03,ST14,CR01,2025-08-28,2025-08-30,2025-09-02,201.8,10201.93,Delayed,False
SH005443,W03,ST14,CR04,2025-08-30,2025-09-01,2025-09-01,201.8,12710.37,On-time,False
SH005444,W03,ST14,CR05,2025-09-01,2025-09-03,2025-09-05,201.8,12004.32,Delayed,False
SH005445,W01,ST14,CR01,2025-09-04,2025-09-06,2025-09-07,145.6,6273.49,Delayed,False
SH005446,W01,ST14,CR05,2025-09-06,2025-09-08,2025-09-10,145.6,8014.19,Delayed,False
SH005447,W01,ST14,CR05,2025-09-08,2025-09-10,2025-09-13,145.6,7062.5,Delayed,False
SH005448,W03,ST14,CR01,2025-09-10,2025-09-12,2025-09-14,201.8,10437.12,Delayed,False
SH005449,W03,ST14,CR05,2025-09-13,2025-09-15,2025-09-15,201.8,12605.0,On-time,False
SH005450,W03,ST14,CR01,2025-09-14,2025-09-16,2025-09-16,201.8,11155.51,On-time,False
SH005451,W02,ST14,CR04,2025-09-17,2025-09-19,2025-09-21,252.7,8866.07,Delayed,False
SH005452,W03,ST14,CR05,2025-09-20,2025-09-22,2025-09-25,201.8,10428.99,Delayed,False
SH005453,W03,ST14,CR01,2025-09-22,2025-09-24,2025-09-24,201.8,7766.19,On-time,False
SH005454,W03,ST14,CR04,2025-09-24,2025-09-26,2025-09-30,201.8,10322.07,Delayed,False
SH005455,W03,ST14,CR01,2025-09-26,2025-09-28,2025-09-30,201.8,8590.11,Delayed,False
SH005456,W03,ST14,CR03,2025-09-29,2025-10-01,2025-10-01,201.8,10626.6,On-time,False
SH005457,W03,ST14,CR04,2025-10-01,2025-10-03,2025-10-03,201.8,7509.11,On-time,False
SH005458,W03,ST14,CR03,2025-10-03,2025-10-05,2025-10-05,201.8,,On-time,False
SH005459,W03,ST14,CR03,2025-10-05,2025-10-07,2025-10-07,201.8,,On-time,False
SH005460,W03,ST14,CR03,2025-10-07,2025-10-09,2025-10-09,201.8,8813.77,On-time,False
SH005461,W03,ST14,CR02,2025-10-09,2025-10-11,2025-10-11,201.8,10397.87,On-time,False
SH005462,W03,ST14,CR03,2025-10-11,2025-10-13,2025-10-13,201.8,10905.9,On-time,False
SH005463,W03,ST14,CR01,2025-10-13,2025-10-15,2025-10-15,201.8,9283.28,On-time,False
SH005464,W03,ST14,CR04,2025-10-15,2025-10-17,2025-10-17,201.8,11170.15,On-time,False
SH005465,W03,ST14,CR05,2025-10-17,2025-10-19,2025-10-19,201.8,9412.11,Lost,False
SH005466,W03,ST14,CR01,2025-10-19,2025-10-21,2025-10-21,201.8,7530.2,On-time,False
SH005467,W03,ST14,CR05,2025-10-21,2025-10-23,2025-10-23,201.8,10063.64,On-time,False
SH005468,W03,ST14,CR04,2025-10-23,2025-10-25,2025-10-25,201.8,9377.73,On-time,False
SH005469,W03,ST14,CR04,2025-10-25,2025-10-27,2025-10-27,201.8,8678.47,On-time,False
SH005470,W03,ST14,CR01,2025-10-26,2025-10-28,2025-10-28,201.8,10869.71,On-time,False
SH005471,W02,ST14,CR05,2025-10-28,2025-10-30,2025-11-02,252.7,15878.13,Delayed,False
SH005472,W03,ST14,CR04,2025-10-30,2025-11-01,2025-11-05,201.8,8421.08,Delayed,False
SH005473,W03,ST14,CR02,2025-11-02,2025-11-04,2025-11-04,201.8,9910.25,On-time,False
SH005474,W03,ST14,CR02,2025-11-04,2025-11-06,2025-11-06,201.8,11294.17,On-time,False
SH005475,W03,ST14,CR03,2025-11-05,2025-11-07,2025-11-07,201.8,8296.78,On-time,False
SH005476,W03,ST14,CR01,2025-11-07,2025-11-09,2025-11-09,201.8,11660.84,On-time,False
SH005477,W03,ST14,CR02,2025-11-08,2025-11-10,2025-11-12,201.8,10233.85,Delayed,False
SH005478,W03,ST14,CR01,2025-11-10,2025-11-12,2025-11-16,201.8,,Delayed,False
SH005479,W03,ST14,CR03,2025-11-11,2025-11-13,2025-11-13,201.8,8658.97,On-time,False
SH005480,W01,ST14,CR02,2025-11-13,2025-11-15,2025-11-16,145.6,8015.15,Delayed,False
SH005481,W03,ST14,CR04,2025-11-16,2025-11-18,2025-11-18,201.8,8915.95,On-time,False
SH005482,W03,ST14,CR05,2025-11-18,2025-11-20,2025-11-22,201.8,12463.27,Delayed,False
SH005483,W02,ST14,CR02,2025-11-19,2025-11-21,2025-11-21,252.7,13534.04,On-time,False
SH005484,W03,ST14,CR01,2025-11-21,2025-11-23,2025-11-23,201.8,11087.14,On-time,False
SH005485,W03,ST14,CR05,2025-11-22,2025-11-24,2025-11-24,201.8,7572.62,On-time,False
SH005486,W03,ST14,CR02,2025-11-23,2025-11-25,2025-11-25,201.8,8605.53,On-time,False
SH005487,W03,ST14,CR03,2025-11-25,2025-11-27,2025-11-27,201.8,7811.66,On-time,False
SH005488,W03,ST14,CR01,2025-11-27,2025-11-29,2025-11-29,201.8,8175.41,Damaged,False
SH005489,W03,ST14,CR04,2025-11-29,2025-12-01,2025-12-01,201.8,11901.06,On-time,False
SH005490,W01,ST14,CR03,2025-12-01,2025-12-03,2025-12-03,145.6,6436.96,On-time,False
SH005491,W01,ST14,CR04,2025-12-03,2025-12-05,2025-12-05,145.6,7052.6,On-time,False
SH005492,W03,ST14,CR01,2025-12-05,2025-12-07,2025-12-07,201.8,9528.14,On-time,False
SH005493,W03,ST14,CR01,2025-12-08,2025-12-10,2025-12-10,201.8,8277.76,On-time,False
SH005494,W03,ST14,CR02,2025-12-10,2025-12-12,2025-12-12,201.8,10668.31,On-time,False
SH005495,W03,ST14,CR05,2025-12-12,2025-12-14,2025-12-14,201.8,10966.54,On-time,False
SH005496,W03,ST14,CR05,2025-12-14,2025-12-16,2025-12-16,201.8,11805.27,On-time,False
SH005497,W03,ST14,CR01,2025-12-16,2025-12-18,2025-12-18,201.8,9931.67,On-time,False
SH005498,W03,ST14,CR02,2025-12-18,2025-12-20,2025-12-20,201.8,8816.3,On-time,False
SH005499,W03,ST14,CR03,2025-12-20,2025-12-22,2025-12-22,201.8,11884.16,On-time,False
SH005500,W03,ST14,CR02,2025-12-22,2025-12-24,2025-12-24,201.8,7259.25,On-time,False
SH005501,W03,ST14,CR01,2025-12-24,2025-12-26,2025-12-26,201.8,9684.9,On-time,False
SH005502,W03,ST14,CR01,2025-12-25,2025-12-27,2025-12-27,201.8,9543.67,On-time,False
SH005503,W03,ST14,CR01,2025-12-28,2025-12-30,2025-12-30,201.8,9860.23,On-time,False
SH005504,W03,ST14,CR05,2025-12-31,2026-01-02,,201.8,10638.03,In-Transit,False
SH005505,W01,ST15,CR01,2024-01-04,2024-01-06,2024-01-06,221.4,12293.42,On-time,False
SH005506,W02,ST15,CR05,2024-01-05,2024-01-06,2024-01-06,21.2,1140.15,On-time,False
SH005507,W02,ST15,CR01,2024-01-07,2024-01-08,2024-01-08,24.2,1758.73,On-time,False
SH005508,W02,ST15,CR01,2024-01-09,2024-01-10,2024-01-10,26.8,1853.0,On-time,False
SH005509,W02,ST15,CR03,2024-01-11,2024-01-12,2024-01-12,26.4,1853.44,On-time,False
SH005510,W02,ST15,CR05,2024-01-13,2024-01-14,2024-01-14,28.8,1886.85,On-time,False
SH005511,W01,ST15,CR02,2024-01-15,2024-01-17,2024-01-17,221.4,10109.01,On-time,False
SH005512,W01,ST15,CR04,2024-01-17,2024-01-19,2024-01-19,221.4,9379.84,On-time,False
SH005513,W02,ST15,CR01,2024-01-18,2024-01-19,2024-01-19,9.5,770.18,On-time,False
SH005514,W02,ST15,CR01,2024-01-19,2024-01-20,2024-01-20,15.9,1241.02,On-time,False
SH005515,W02,ST99,CR04,2024-01-21,2024-01-22,2024-01-22,8.9,572.6,On-time,True
SH005516,W02,ST15,CR04,2024-01-23,2024-01-24,2024-01-24,15.4,1282.28,On-time,False
SH005517,W02,ST15,CR02,2024-01-25,2024-01-26,2024-01-26,8.2,,On-time,False
SH005518,W02,ST15,CR01,2024-01-27,2024-01-28,2024-01-28,34.4,2260.14,On-time,False
SH005519,W02,ST15,CR02,2024-01-29,2024-01-30,2024-01-30,16.3,1081.99,On-time,False
SH005520,W03,ST15,CR02,2024-01-31,2024-02-03,2024-02-03,417.6,26741.23,On-time,False
SH005521,W02,ST15,CR03,2024-02-01,2024-02-02,2024-02-02,13.2,1564.22,On-time,False
SH005522,W02,ST15,CR01,2024-02-02,2024-02-03,2024-02-03,19.3,,On-time,False
SH005523,W01,ST15,CR03,2024-02-04,2024-02-06,2024-02-06,221.4,10851.97,On-time,False
SH005524,W02,ST15,CR02,2024-02-05,2024-02-06,2024-02-06,22.0,1437.05,On-time,False
SH005525,W02,ST15,CR01,2024-02-07,2024-02-08,2024-02-08,12.0,1016.66,On-time,False
SH005526,W02,ST15,CR05,2024-02-08,2024-02-09,2024-02-09,33.3,2232.74,On-time,False
SH005527,W01,ST15,CR05,2024-02-09,2024-02-11,2024-02-11,221.4,11602.97,On-time,False
SH005528,W02,ST15,CR03,2024-02-10,2024-02-11,2024-02-11,22.2,1441.5,On-time,False
SH005529,W03,ST15,CR04,2024-02-11,2024-02-14,2024-02-16,417.6,18146.0,Delayed,False
SH005530,W02,ST15,CR01,2024-02-13,2024-02-14,2024-02-17,28.5,1579.53,Delayed,False
SH005531,W02,ST15,CR04,2024-02-15,2024-02-16,2024-02-16,13.1,897.29,On-time,False
SH005532,W02,ST15,CR03,2024-02-16,2024-02-17,2024-02-17,18.4,1627.54,Damaged,False
SH005533,W02,ST15,CR03,2024-02-18,2024-02-19,2024-02-19,31.0,1307.02,Lost,False
SH005534,W02,ST15,CR03,2024-02-19,2024-02-20,2024-02-20,7.6,862.32,On-time,False
SH005535,W02,ST15,CR04,2024-02-21,2024-02-22,2024-02-22,9.9,1332.76,On-time,False
SH005536,W01,ST15,CR03,2024-02-22,2024-02-24,2024-02-24,221.4,,On-time,False
SH005537,W02,ST15,CR05,2024-02-23,2024-02-24,2024-02-24,30.3,,On-time,False
SH005538,W02,ST15,CR01,2024-02-24,2024-02-25,2024-02-25,17.2,1058.87,On-time,False
SH005539,W02,ST15,CR02,2024-02-26,2024-02-27,2024-03-01,16.3,1580.58,Delayed,False
SH005540,W02,ST15,CR03,2024-02-27,2024-02-28,2024-02-28,21.0,1464.31,On-time,False
SH005541,W02,ST15,CR01,2024-02-28,2024-02-29,2024-02-29,9.7,947.88,On-time,False
SH005542,W02,ST15,CR01,2024-03-01,2024-03-02,2024-03-02,29.2,1669.98,Lost,False
SH005543,W02,ST15,CR03,2024-03-03,2024-03-04,2024-03-04,13.1,990.33,On-time,False
SH005544,W02,ST15,CR03,2024-03-04,2024-03-05,2024-03-05,32.5,1619.86,On-time,False
SH005545,W02,ST15,CR01,2024-03-06,2024-03-07,2024-03-07,25.2,1665.61,On-time,False
SH005546,W02,ST15,CR04,2024-03-08,2024-03-09,2024-03-09,23.9,1464.92,On-time,False
SH005547,W01,ST15,CR02,2024-03-09,2024-03-11,2024-03-15,221.4,9813.58,Delayed,False
SH005548,W02,ST15,CR01,2024-03-11,2024-03-12,2024-03-12,25.5,1548.29,On-time,False
SH005549,W02,ST15,CR04,2024-03-12,2024-03-13,2024-03-13,20.1,1573.63,On-time,False
SH005550,W02,ST15,CR03,2024-03-13,2024-03-14,2024-03-14,11.3,824.42,On-time,False
SH005551,W02,ST15,CR04,2024-03-15,2024-03-16,2024-03-16,14.0,1296.04,On-time,False
SH005552,W02,ST15,CR02,2024-03-17,2024-03-18,2024-03-20,10.1,909.4,Delayed,False
SH005553,W02,ST15,CR03,2024-03-18,2024-03-19,2024-03-19,10.9,923.79,On-time,False
SH005554,W02,ST15,CR03,2024-03-20,2024-03-21,2024-03-21,11.4,729.2,On-time,False
SH005555,W02,ST15,CR02,2024-03-21,2024-03-22,2024-03-22,34.5,1822.58,On-time,False
SH005556,W02,ST15,CR01,2024-03-23,2024-03-24,2024-03-24,31.8,2436.55,On-time,False
SH005557,W02,ST15,CR02,2024-03-24,2024-03-25,2024-03-25,28.9,1600.71,On-time,False
SH005558,W02,ST15,CR03,2024-03-25,2024-03-26,2024-03-26,10.0,894.5,On-time,False
SH005559,W02,ST15,CR01,2024-03-26,2024-03-27,2024-03-27,11.1,861.91,On-time,False
SH005560,W02,ST15,CR05,2024-03-27,2024-03-28,2024-03-28,14.5,1044.17,On-time,False
SH005561,W02,ST15,CR05,2024-03-28,2024-03-29,2024-03-29,33.0,1868.12,On-time,False
SH005562,W02,ST15,CR03,2024-03-29,2024-03-30,2024-03-30,24.2,1302.85,On-time,False
SH005563,W02,ST15,CR04,2024-03-31,2024-04-01,2024-04-01,33.6,1787.94,On-time,False
SH005564,W02,ST15,CR04,2024-04-02,2024-04-03,2024-04-03,8.7,636.22,On-time,False
SH005565,W02,ST15,CR01,2024-04-04,2024-04-05,2024-04-05,13.7,899.86,On-time,False
SH005566,W02,ST15,CR03,2024-04-05,2024-04-06,2024-04-06,32.5,,On-time,False
SH005567,W03,ST15,CR01,2024-04-06,2024-04-09,2024-04-10,417.6,23736.04,Delayed,False
SH005568,W02,ST15,CR02,2024-04-07,2024-04-08,2024-04-08,22.4,1178.35,On-time,False
SH005569,W02,ST15,CR01,2024-04-09,2024-04-10,2024-04-12,29.9,1728.74,Delayed,False
SH005570,W02,ST15,CR05,2024-04-10,2024-04-11,2024-04-11,16.4,873.87,On-time,False
SH005571,W02,ST15,CR05,2024-04-12,2024-04-13,2024-04-13,25.1,1412.41,On-time,False
SH005572,W02,ST15,CR05,2024-04-13,2024-04-14,2024-04-14,34.8,2150.22,On-time,False
SH005573,W02,ST15,CR03,2024-04-14,2024-04-15,2024-04-15,25.0,1667.6,On-time,False
SH005574,W02,ST15,CR05,2024-04-15,2024-04-16,2024-04-16,32.3,1497.47,Damaged,False
SH005575,W02,ST15,CR04,2024-04-17,2024-04-18,2024-04-22,23.6,1270.48,Delayed,False
SH005576,W02,ST15,CR05,2024-04-18,2024-04-19,2024-04-20,13.3,1037.29,Delayed,False
SH005577,W02,ST15,CR03,2024-04-19,2024-04-20,2024-04-20,26.2,1348.88,On-time,False
SH005578,W02,ST15,CR03,2024-04-20,2024-04-21,2024-04-21,14.3,1012.55,Damaged,False
SH005579,W02,ST15,CR02,2024-04-21,2024-04-22,2024-04-22,19.4,1350.3,On-time,False
SH005580,W02,ST15,CR03,2024-04-23,2024-04-24,2024-04-24,8.5,797.84,On-time,False
SH005581,W02,ST15,CR02,2024-04-25,2024-04-26,2024-04-26,26.5,1857.68,On-time,False
SH005582,W01,ST15,CR05,2024-04-26,2024-04-28,2024-04-28,221.4,11390.91,On-time,False
SH005583,W02,ST15,CR05,2024-04-27,2024-04-28,2024-04-28,23.7,1636.27,On-time,False
SH005584,W02,ST15,CR05,2024-04-28,2024-04-29,2024-04-29,26.7,1850.19,On-time,False
SH005585,W02,ST15,CR04,2024-04-29,2024-04-30,2024-05-01,25.6,2062.83,Delayed,False
SH005586,W02,ST15,CR03,2024-04-30,2024-05-01,2024-05-01,8.8,1292.69,On-time,False
SH005587,W02,ST15,CR04,2024-05-01,2024-05-02,2024-05-02,10.2,706.87,On-time,False
SH005588,W02,ST15,CR01,2024-05-02,2024-05-03,2024-05-03,16.3,903.86,On-time,False
SH005589,W02,ST15,CR05,2024-05-03,2024-05-04,2024-05-04,27.0,1497.29,On-time,False
SH005590,W02,ST15,CR03,2024-05-05,2024-05-06,2024-05-06,10.0,785.35,On-time,False
SH005591,W02,ST15,CR04,2024-05-07,2024-05-08,2024-05-11,14.3,1031.19,Delayed,False
SH005592,W02,ST15,CR01,2024-05-08,2024-05-09,2024-05-09,12.8,1146.76,On-time,False
SH005593,W02,ST15,CR05,2024-05-09,2024-05-10,2024-05-10,13.3,865.75,On-time,False
SH005594,W02,ST15,CR05,2024-05-11,2024-05-12,2024-05-12,11.6,992.84,On-time,False
SH005595,W02,ST15,CR02,2024-05-13,2024-05-14,2024-05-14,6.9,1124.84,On-time,False
SH005596,W02,ST15,CR03,2024-05-15,2024-05-16,2024-05-16,18.0,1019.65,On-time,False
SH005597,W02,ST15,CR05,2024-05-16,2024-05-17,2024-05-17,19.1,2081.62,On-time,False
SH005598,W02,ST15,CR03,2024-05-17,2024-05-18,2024-05-18,12.6,958.54,On-time,False
SH005599,W02,ST15,CR04,2024-05-19,2024-05-20,2024-05-22,15.6,1381.8,Delayed,False
SH005600,W02,ST15,CR04,2024-05-21,2024-05-22,2024-05-22,12.9,1359.21,On-time,False
SH005601,W02,ST15,CR01,2024-05-22,2024-05-23,2024-05-23,24.6,1654.77,On-time,False
SH005602,W02,ST15,CR05,2024-05-23,2024-05-24,2024-05-24,23.0,1213.47,On-time,False
SH005603,W01,ST15,CR05,2024-05-25,2024-05-27,2024-05-29,221.4,8470.69,Delayed,False
SH005604,W02,ST15,CR01,2024-05-26,2024-05-27,2024-05-27,16.9,1029.53,On-time,False
SH005605,W01,ST15,CR05,2024-05-27,2024-05-29,2024-05-29,221.4,8838.98,On-time,False
SH005606,W02,ST15,CR02,2024-05-28,2024-05-29,2024-05-29,17.1,1274.59,On-time,False
SH005607,W02,ST15,CR02,2024-05-30,2024-05-31,2024-05-31,9.9,965.66,Damaged,False
SH005608,W02,ST15,CR03,2024-06-01,2024-06-02,2024-06-03,11.6,865.1,Delayed,False
SH005609,W02,ST15,CR02,2024-06-02,2024-06-03,2024-06-03,12.3,815.69,On-time,False
SH005610,W02,ST15,CR01,2024-06-03,2024-06-04,2024-06-08,15.3,1004.13,Delayed,False
SH005611,W02,ST15,CR05,2024-06-05,2024-06-06,2024-06-06,31.7,1973.75,On-time,False
SH005612,W02,ST15,CR01,2024-06-06,2024-06-07,2024-06-07,26.5,1266.9,On-time,False
SH005613,W02,ST15,CR03,2024-06-07,2024-06-08,2024-06-08,13.2,1221.5,On-time,False
SH005614,W02,ST15,CR01,2024-06-09,2024-06-10,2024-06-10,13.5,1435.97,On-time,False
SH005615,W02,ST15,CR02,2024-06-11,2024-06-12,2024-06-12,20.4,,On-time,False
SH005616,W03,ST15,CR05,2024-06-12,2024-06-15,2024-06-15,417.6,16064.5,On-time,False
SH005617,W02,ST15,CR04,2024-06-14,2024-06-15,2024-06-19,23.8,1341.3,Delayed,False
SH005618,W02,ST15,CR02,2024-06-15,2024-06-16,2024-06-16,34.3,1958.56,On-time,False
SH005619,W02,ST15,CR02,2024-06-16,2024-06-17,2024-06-17,14.9,1487.96,On-time,False
SH005620,W02,ST15,CR01,2024-06-17,2024-06-18,2024-06-18,22.6,1411.77,On-time,False
SH005621,W02,ST15,CR02,2024-06-19,2024-06-20,2024-06-23,8.1,817.99,Delayed,False
SH005622,W02,ST15,CR03,2024-06-20,2024-06-21,2024-06-21,17.0,1386.26,On-time,False
SH005623,W02,ST15,CR01,2024-06-21,2024-06-22,2024-06-22,10.0,694.92,On-time,False
SH005624,W03,ST15,CR05,2024-06-22,2024-06-25,2024-06-25,417.6,17527.21,On-time,False
SH005625,W02,ST15,CR02,2024-06-23,2024-06-24,2024-06-24,20.2,1336.15,On-time,False
SH005626,W02,ST15,CR04,2024-06-24,2024-06-25,2024-06-25,22.8,1430.96,On-time,False
SH005627,W02,ST15,CR05,2024-06-25,2024-06-26,2024-06-26,31.3,1928.83,On-time,False
SH005628,W01,ST15,CR04,2024-06-26,2024-06-28,2024-07-01,221.4,8885.46,Delayed,False
SH005629,W02,ST15,CR03,2024-06-28,2024-06-29,2024-06-30,10.9,1205.09,Lost,False
SH005630,W02,ST15,CR02,2024-06-29,2024-06-30,2024-06-30,16.5,1054.68,On-time,False
SH005631,W02,ST15,CR02,2024-06-30,2024-07-01,2024-07-03,21.6,1347.13,Delayed,False
SH005632,W02,ST15,CR05,2024-07-02,2024-07-03,2024-07-03,26.8,1624.93,On-time,False
SH005633,W02,ST15,CR02,2024-07-03,2024-07-04,2024-07-04,21.6,1692.56,On-time,False
SH005634,W02,ST15,CR02,2024-07-05,2024-07-06,2024-07-08,14.0,820.73,Delayed,False
SH005635,W02,ST15,CR01,2024-07-07,2024-07-08,2024-07-08,23.0,1079.05,On-time,False
SH005636,W02,ST15,CR01,2024-07-08,2024-07-09,2024-07-09,22.0,1260.44,On-time,False
SH005637,W02,ST15,CR03,2024-07-09,2024-07-10,2024-07-10,13.4,948.3,Damaged,False
SH005638,W02,ST15,CR04,2024-07-11,2024-07-12,2024-07-16,32.9,1944.69,Delayed,False
SH005639,W02,ST15,CR05,2024-07-12,2024-07-13,2024-07-17,34.7,1563.03,Delayed,False
SH005640,W02,ST15,CR04,2024-07-13,2024-07-14,2024-07-14,9.3,698.17,On-time,False
SH005641,W02,ST15,CR04,2024-07-14,2024-07-15,2024-07-15,18.7,962.44,On-time,False
SH005642,W02,ST15,CR05,2024-07-15,2024-07-16,2024-07-16,29.5,1811.17,On-time,False
SH005643,W02,ST15,CR01,2024-07-16,2024-07-17,2024-07-17,28.1,1566.45,On-time,False
SH005644,W02,ST15,CR01,2024-07-17,2024-07-18,2024-07-18,31.2,1500.52,On-time,False
SH005645,W02,ST15,CR03,2024-07-19,2024-07-20,2024-07-20,17.6,1161.76,On-time,False
SH005646,W02,ST15,CR01,2024-07-21,2024-07-22,2024-07-22,12.5,833.44,On-time,False
SH005647,W02,ST15,CR03,2024-07-23,2024-07-24,2024-07-24,13.6,1154.48,On-time,False
SH005648,W02,ST15,CR01,2024-07-24,2024-07-25,2024-07-25,14.7,1758.36,On-time,False
SH005649,W01,ST15,CR02,2024-07-25,2024-07-27,2024-07-27,221.4,9049.14,On-time,False
SH005650,W02,ST15,CR01,2024-07-27,2024-07-28,2024-07-28,14.6,1037.5,On-time,False
SH005651,W02,ST15,CR04,2024-07-28,2024-07-29,2024-08-02,26.7,1564.36,Delayed,False
SH005652,W02,ST15,CR02,2024-07-29,2024-07-30,2024-07-30,11.9,884.99,On-time,False
SH005653,W02,ST15,CR02,2024-07-31,2024-08-01,2024-08-01,16.6,903.68,On-time,False
SH005654,W02,ST15,CR01,2024-08-01,2024-08-02,2024-08-02,33.9,1886.42,Lost,False
SH005655,W02,ST15,CR01,2024-08-03,2024-08-04,2024-08-04,33.3,2246.53,On-time,False
SH005656,W02,ST15,CR04,2024-08-04,2024-08-05,2024-08-06,19.1,1083.52,Delayed,False
SH005657,W02,ST15,CR05,2024-08-06,2024-08-07,2024-08-07,17.3,1104.93,On-time,False
SH005658,W02,ST15,CR05,2024-08-07,2024-08-08,2024-08-08,20.8,1421.79,On-time,False
SH005659,W02,ST15,CR05,2024-08-09,2024-08-10,2024-08-14,23.5,1532.81,Delayed,False
SH005660,W02,ST15,CR01,2024-08-11,2024-08-12,2024-08-15,21.1,1457.4,Delayed,False
SH005661,W02,ST15,CR03,2024-08-13,2024-08-14,2024-08-14,23.6,1699.39,On-time,False
SH005662,W03,ST15,CR01,2024-08-15,2024-08-18,2024-08-20,417.6,17047.54,Delayed,False
SH005663,W02,ST15,CR04,2024-08-16,2024-08-17,2024-08-17,32.4,1621.0,On-time,False
SH005664,W02,ST15,CR01,2024-08-18,2024-08-19,2024-08-20,29.4,1709.16,Delayed,False
SH005665,W02,ST15,CR01,2024-08-20,2024-08-21,2024-08-21,19.3,,On-time,False
SH005666,W02,ST15,CR01,2024-08-22,2024-08-23,2024-08-23,22.3,1468.51,On-time,False
SH005667,W02,ST15,CR05,2024-08-23,2024-08-24,2024-08-24,29.6,1803.85,On-time,False
SH005668,W02,ST15,CR01,2024-08-24,2024-08-25,2024-08-25,24.4,1582.96,On-time,False
SH005669,W02,ST15,CR03,2024-08-25,2024-08-26,2024-08-26,14.8,883.69,On-time,False
SH005670,W02,ST99,CR01,2024-08-26,2024-08-27,2024-08-27,22.1,1237.32,On-time,True
SH005671,W02,ST15,CR02,2024-08-27,2024-08-28,2024-08-28,15.8,,On-time,False
SH005672,W02,ST15,CR03,2024-08-29,2024-08-30,2024-08-30,19.9,1390.88,On-time,False
SH005673,W02,ST15,CR03,2024-08-30,2024-08-31,2024-08-31,30.6,,On-time,False
SH005674,W02,ST15,CR03,2024-09-01,2024-09-02,2024-09-02,34.9,2189.38,On-time,False
SH005675,W02,ST15,CR01,2024-09-02,2024-09-03,2024-09-03,30.8,2322.25,On-time,False
SH005676,W02,ST15,CR05,2024-09-04,2024-09-05,2024-09-05,27.5,1743.13,On-time,False
SH005677,W02,ST15,CR01,2024-09-05,2024-09-06,2024-09-06,8.1,892.59,On-time,False
SH005678,W02,ST15,CR01,2024-09-07,2024-09-08,2024-09-08,16.6,1066.52,On-time,False
SH005679,W02,ST15,CR03,2024-09-08,2024-09-09,2024-09-09,14.8,1175.32,On-time,False
SH005680,W02,ST15,CR01,2024-09-09,2024-09-10,2024-09-13,20.1,1210.34,Delayed,False
SH005681,W02,ST15,CR04,2024-09-10,2024-09-11,2024-09-11,19.0,1378.22,On-time,False
SH005682,W02,ST15,CR02,2024-09-11,2024-09-12,2024-09-12,26.8,1859.57,On-time,False
SH005683,W02,ST15,CR02,2024-09-13,2024-09-14,2024-09-14,34.4,1906.31,Damaged,False
SH005684,W02,ST15,CR03,2024-09-15,2024-09-16,2024-09-16,22.4,1452.02,On-time,False
SH005685,W02,ST15,CR01,2024-09-16,2024-09-17,2024-09-17,27.7,1596.77,On-time,False
SH005686,W01,ST15,CR05,2024-09-18,2024-09-20,2024-09-20,221.4,11152.96,On-time,False
SH005687,W03,ST15,CR03,2024-09-19,2024-09-22,2024-09-22,417.6,23477.5,On-time,False
SH005688,W02,ST15,CR01,2024-09-20,2024-09-21,2024-09-21,18.8,1233.75,On-time,False
SH005689,W02,ST15,CR02,2024-09-22,2024-09-23,2024-09-23,18.4,881.99,On-time,False
SH005690,W02,ST15,CR03,2024-09-23,2024-09-24,2024-09-27,31.0,1744.93,Delayed,False
SH005691,W02,ST15,CR04,2024-09-24,2024-09-25,2024-09-25,12.3,868.32,On-time,False
SH005692,W02,ST15,CR05,2024-09-25,2024-09-26,2024-09-26,9.7,864.84,On-time,False
SH005693,W02,ST15,CR03,2024-09-26,2024-09-27,2024-09-27,15.4,1127.44,On-time,False
SH005694,W01,ST15,CR02,2024-09-27,2024-09-29,2024-10-01,221.4,9810.34,Delayed,False
SH005695,W02,ST15,CR02,2024-09-29,2024-09-30,2024-09-30,16.8,2068.86,On-time,False
SH005696,W02,ST15,CR04,2024-10-01,2024-10-02,2024-10-02,27.0,2020.68,On-time,False
SH005697,W02,ST15,CR05,2024-10-02,2024-10-03,2024-10-03,19.6,,On-time,False
SH005698,W02,ST15,CR01,2024-10-04,2024-10-05,2024-10-05,20.6,1491.49,On-time,False
SH005699,W02,ST15,CR05,2024-10-05,2024-10-06,2024-10-06,16.2,1334.9,On-time,False
SH005700,W02,ST15,CR05,2024-10-07,2024-10-08,2024-10-08,10.1,841.71,On-time,False
SH005701,W02,ST15,CR01,2024-10-09,2024-10-10,2024-10-10,30.4,2399.58,On-time,False
SH005702,W02,ST15,CR01,2024-10-11,2024-10-12,2024-10-12,15.5,955.08,On-time,False
SH005703,W02,ST15,CR03,2024-10-12,2024-10-13,2024-10-13,16.5,837.84,On-time,False
SH005704,W02,ST15,CR03,2024-10-14,2024-10-15,2024-10-15,10.0,1276.43,On-time,False
SH005705,W01,ST15,CR01,2024-10-16,2024-10-18,2024-10-18,221.4,,On-time,False
SH005706,W02,ST15,CR03,2024-10-17,2024-10-18,2024-10-18,26.5,1785.11,On-time,False
SH005707,W02,ST15,CR01,2024-10-18,2024-10-19,2024-10-19,18.8,1234.64,On-time,False
SH005708,W02,ST15,CR02,2024-10-19,2024-10-20,2024-10-20,10.9,815.83,On-time,False
SH005709,W02,ST15,CR01,2024-10-20,2024-10-21,2024-10-21,26.6,1412.84,On-time,False
SH005710,W02,ST15,CR01,2024-10-22,2024-10-23,2024-10-23,19.6,1919.39,On-time,False
SH005711,W02,ST15,CR02,2024-10-23,2024-10-24,2024-10-24,31.7,1821.65,On-time,False
SH005712,W02,ST15,CR01,2024-10-24,2024-10-25,2024-10-25,26.1,1530.16,Damaged,False
SH005713,W02,ST15,CR03,2024-10-25,2024-10-26,2024-10-26,10.0,646.23,On-time,False
SH005714,W02,ST15,CR01,2024-10-26,2024-10-27,2024-10-27,10.9,775.84,On-time,False
SH005715,W02,ST15,CR01,2024-10-27,2024-10-28,2024-10-28,18.7,1013.35,On-time,False
SH005716,W02,ST15,CR01,2024-10-29,2024-10-30,2024-10-30,31.4,1629.64,On-time,False
SH005717,W01,ST15,CR05,2024-10-31,2024-11-02,2024-11-05,221.4,12417.69,Delayed,False
SH005718,W02,ST15,CR01,2024-11-01,2024-11-02,2024-11-02,33.7,1579.66,On-time,False
SH005719,W02,ST15,CR05,2024-11-03,2024-11-04,2024-11-04,18.3,1487.0,On-time,False
SH005720,W02,ST15,CR01,2024-11-05,2024-11-06,2024-11-06,24.5,1695.76,On-time,False
SH005721,W02,ST15,CR01,2024-11-06,2024-11-07,2024-11-07,23.4,1646.69,On-time,False
SH005722,W02,ST15,CR02,2024-11-07,2024-11-08,2024-11-08,34.6,2106.46,On-time,False
SH005723,W02,ST15,CR03,2024-11-09,2024-11-10,2024-11-10,13.7,760.71,On-time,False
SH005724,W02,ST15,CR05,2024-11-10,2024-11-11,2024-11-11,8.9,680.3,On-time,False
SH005725,W02,ST15,CR04,2024-11-11,2024-11-12,2024-11-12,21.4,1664.88,On-time,False
SH005726,W02,ST15,CR01,2024-11-12,2024-11-13,2024-11-13,21.3,1406.95,On-time,False
SH005727,W02,ST15,CR03,2024-11-13,2024-11-14,2024-11-14,9.0,1354.87,On-time,False
SH005728,W02,ST15,CR04,2024-11-14,2024-11-15,2024-11-16,32.0,1847.04,Delayed,False
SH005729,W02,ST15,CR02,2024-11-15,2024-11-16,2024-11-16,11.6,1308.12,On-time,False
SH005730,W02,ST15,CR01,2024-11-16,2024-11-17,2024-11-17,12.1,958.44,On-time,False
SH005731,W03,ST15,CR05,2024-11-18,2024-11-21,2024-11-21,417.6,17034.77,On-time,False
SH005732,W03,ST15,CR04,2024-11-19,2024-11-22,2024-11-24,417.6,22077.03,Delayed,False
SH005733,W02,ST15,CR05,2024-11-21,2024-11-22,2024-11-22,23.6,1171.04,On-time,False
SH005734,W02,ST15,CR01,2024-11-22,2024-11-23,2024-11-23,16.0,995.52,Damaged,False
SH005735,W02,ST15,CR01,2024-11-24,2024-11-25,2024-11-28,27.8,1607.71,Delayed,False
SH005736,W02,ST15,CR01,2024-11-25,2024-11-26,2024-11-26,18.0,1015.36,On-time,False
SH005737,W02,ST15,CR04,2024-11-26,2024-11-27,2024-11-27,24.9,2002.44,On-time,False
SH005738,W02,ST15,CR05,2024-11-28,2024-11-29,2024-11-29,22.8,1177.46,On-time,False
SH005739,W02,ST15,CR02,2024-11-30,2024-12-01,2024-12-01,8.8,689.64,On-time,False
SH005740,W02,ST15,CR02,2024-12-01,2024-12-02,2024-12-02,9.2,897.45,On-time,False
SH005741,W01,ST15,CR04,2024-12-02,2024-12-04,2024-12-04,221.4,10367.05,On-time,False
SH005742,W02,ST15,CR03,2024-12-04,2024-12-05,2024-12-05,15.0,,On-time,False
SH005743,W02,ST15,CR02,2024-12-06,2024-12-07,2024-12-07,22.0,1496.66,On-time,False
SH005744,W02,ST15,CR03,2024-12-08,2024-12-09,2024-12-09,14.3,866.32,On-time,False
SH005745,W02,ST15,CR03,2024-12-10,2024-12-11,2024-12-11,27.5,1839.34,On-time,False
SH005746,W02,ST15,CR03,2024-12-11,2024-12-12,2024-12-12,19.3,1197.56,On-time,False
SH005747,W02,ST15,CR05,2024-12-12,2024-12-13,2024-12-13,22.4,1114.13,On-time,False
SH005748,W02,ST15,CR01,2024-12-13,2024-12-14,2024-12-14,9.0,695.43,On-time,False
SH005749,W02,ST15,CR04,2024-12-14,2024-12-15,2024-12-15,33.5,1960.38,On-time,False
SH005750,W02,ST15,CR04,2024-12-15,2024-12-16,2024-12-16,16.5,1041.97,On-time,False
SH005751,W02,ST15,CR05,2024-12-16,2024-12-17,2024-12-17,28.5,1754.41,On-time,False
SH005752,W02,ST15,CR04,2024-12-17,2024-12-18,2024-12-18,19.2,1372.0,On-time,False
SH005753,W02,ST15,CR03,2024-12-18,2024-12-19,2024-12-19,29.0,1777.65,On-time,False
SH005754,W02,ST15,CR05,2024-12-19,2024-12-20,2024-12-20,26.2,1628.6,Damaged,False
SH005755,W02,ST15,CR03,2024-12-21,2024-12-22,2024-12-22,22.6,1448.4,On-time,False
SH005756,W02,ST15,CR04,2024-12-23,2024-12-24,2024-12-24,33.1,1568.14,On-time,False
SH005757,W01,ST15,CR03,2024-12-25,2024-12-27,2024-12-27,221.4,9348.89,On-time,False
SH005758,W02,ST15,CR05,2024-12-26,2024-12-27,2024-12-31,10.9,944.76,Delayed,False
SH005759,W02,ST15,CR04,2024-12-28,2024-12-29,2024-12-29,31.7,1942.76,Lost,False
SH005760,W02,ST15,CR05,2024-12-30,2024-12-31,2024-12-31,10.5,1015.13,On-time,False
SH005761,W02,ST15,CR02,2024-12-31,2025-01-01,2025-01-01,27.8,1918.83,On-time,False
SH005762,W02,ST15,CR05,2025-01-01,2025-01-02,2025-01-02,18.9,1383.9,On-time,False
SH005763,W02,ST15,CR05,2025-01-03,2025-01-04,2025-01-06,14.7,1030.88,Delayed,False
SH005764,W02,ST15,CR03,2025-01-04,2025-01-05,2025-01-08,25.3,1376.63,Delayed,False
SH005765,W02,ST15,CR02,2025-01-05,2025-01-06,2025-01-06,11.9,1080.09,On-time,False
SH005766,W02,ST15,CR05,2025-01-07,2025-01-08,2025-01-08,16.6,821.73,On-time,False
SH005767,W02,ST15,CR02,2025-01-08,2025-01-09,2025-01-09,13.9,1309.9,On-time,False
SH005768,W02,ST15,CR02,2025-01-09,2025-01-10,2025-01-10,24.3,1614.04,On-time,False
SH005769,W02,ST15,CR05,2025-01-11,2025-01-12,2025-01-12,25.3,1324.82,On-time,False
SH005770,W02,ST15,CR01,2025-01-12,2025-01-13,2025-01-13,29.5,1941.73,On-time,False
SH005771,W02,ST15,CR01,2025-01-14,2025-01-15,2025-01-15,33.1,2318.02,On-time,False
SH005772,W02,ST15,CR01,2025-01-15,2025-01-16,2025-01-16,30.0,2055.72,On-time,False
SH005773,W01,ST15,CR04,2025-01-16,2025-01-18,2025-01-20,221.4,9408.21,Delayed,False
SH005774,W02,ST15,CR01,2025-01-17,2025-01-18,2025-01-18,24.9,1530.63,On-time,False
SH005775,W03,ST15,CR02,2025-01-18,2025-01-21,2025-01-21,417.6,17269.07,On-time,False
SH005776,W02,ST15,CR02,2025-01-20,2025-01-21,2025-01-21,22.1,1461.2,On-time,False
SH005777,W02,ST15,CR02,2025-01-22,2025-01-23,2025-01-23,21.4,1558.13,On-time,False
SH005778,W02,ST15,CR03,2025-01-24,2025-01-25,2025-01-25,10.6,694.01,On-time,False
SH005779,W02,ST15,CR02,2025-01-25,2025-01-26,2025-01-26,19.3,1000.92,On-time,False
SH005780,W02,ST15,CR01,2025-01-27,2025-01-28,2025-01-28,28.5,1682.69,On-time,False
SH005781,W02,ST15,CR01,2025-01-28,2025-01-29,2025-01-29,24.6,1268.69,On-time,False
SH005782,W02,ST15,CR02,2025-01-30,2025-01-31,2025-01-31,18.0,1083.77,On-time,False
SH005783,W02,ST15,CR02,2025-02-01,2025-02-02,2025-02-02,15.5,1525.22,On-time,False
SH005784,W02,ST15,CR02,2025-02-02,2025-02-03,2025-02-03,34.4,2596.73,On-time,False
SH005785,W02,ST15,CR05,2025-02-03,2025-02-04,2025-02-04,18.4,1100.82,On-time,False
SH005786,W02,ST15,CR05,2025-02-04,2025-02-05,2025-02-05,31.4,1706.99,On-time,False
SH005787,W02,ST15,CR02,2025-02-06,2025-02-07,2025-02-09,12.0,918.6,Delayed,False
SH005788,W01,ST15,CR05,2025-02-08,2025-02-10,2025-02-10,221.4,11287.55,On-time,False
SH005789,W02,ST15,CR05,2025-02-10,2025-02-11,2025-02-11,28.0,2164.56,On-time,False
SH005790,W02,ST15,CR02,2025-02-12,2025-02-13,2025-02-13,28.1,1799.03,On-time,False
SH005791,W02,ST15,CR03,2025-02-13,2025-02-14,2025-02-14,30.5,1842.01,On-time,False
SH005792,W02,ST15,CR01,2025-02-14,2025-02-15,2025-02-15,18.8,,On-time,False
SH005793,W01,ST15,CR01,2025-02-15,2025-02-17,2025-02-17,221.4,9965.24,On-time,False
SH005794,W03,ST15,CR01,2025-02-16,2025-02-19,2025-02-19,417.6,25180.38,On-time,False
SH005795,W02,ST15,CR01,2025-02-18,2025-02-19,2025-02-19,32.1,2155.49,On-time,False
SH005796,W02,ST15,CR02,2025-02-20,2025-02-21,2025-02-21,10.2,703.73,On-time,False
SH005797,W02,ST15,CR02,2025-02-21,2025-02-22,2025-02-22,11.5,791.53,On-time,False
SH005798,W02,ST15,CR01,2025-02-22,2025-02-23,2025-02-23,12.6,1136.67,On-time,False
SH005799,W02,ST15,CR01,2025-02-23,2025-02-24,2025-02-24,16.3,1097.24,On-time,False
SH005800,W02,ST15,CR02,2025-02-25,2025-02-26,2025-02-26,26.4,1589.75,On-time,False
SH005801,W02,ST15,CR02,2025-02-26,2025-02-27,2025-02-27,19.2,1604.81,On-time,False
SH005802,W02,ST15,CR03,2025-02-27,2025-02-28,2025-02-28,12.4,946.4,On-time,False
SH005803,W02,ST15,CR03,2025-03-01,2025-03-02,2025-03-02,19.5,1209.03,On-time,False
SH005804,W02,ST15,CR01,2025-03-02,2025-03-03,2025-03-03,28.0,1812.98,On-time,False
SH005805,W02,ST15,CR03,2025-03-03,2025-03-04,2025-03-04,12.5,1194.87,On-time,False
SH005806,W02,ST15,CR01,2025-03-04,2025-03-05,2025-03-05,25.7,1596.44,On-time,False
SH005807,W02,ST15,CR02,2025-03-05,2025-03-06,2025-03-06,28.3,1470.2,On-time,False
SH005808,W02,ST15,CR04,2025-03-07,2025-03-08,2025-03-12,20.8,1265.24,Delayed,False
SH005809,W02,ST15,CR02,2025-03-08,2025-03-09,2025-03-09,23.7,1544.69,On-time,False
SH005810,W03,ST15,CR01,2025-03-09,2025-03-12,2025-03-12,417.6,21764.97,On-time,False
SH005811,W01,ST15,CR05,2025-03-11,2025-03-13,2025-03-17,221.4,,Delayed,False
SH005812,W02,ST15,CR03,2025-03-12,2025-03-13,2025-03-13,19.9,1419.08,On-time,False
SH005813,W02,ST15,CR03,2025-03-13,2025-03-14,2025-03-14,18.0,908.24,On-time,False
SH005814,W02,ST15,CR03,2025-03-14,2025-03-15,2025-03-15,13.6,1115.99,On-time,False
SH005815,W02,ST15,CR01,2025-03-15,2025-03-16,2025-03-16,28.9,1928.11,On-time,False
SH005816,W02,ST15,CR01,2025-03-16,2025-03-17,2025-03-17,21.6,1509.67,On-time,False
SH005817,W02,ST15,CR03,2025-03-17,2025-03-18,2025-03-18,22.5,1712.44,On-time,False
SH005818,W02,ST15,CR03,2025-03-18,2025-03-19,2025-03-19,33.8,2165.54,On-time,False
SH005819,W02,ST15,CR02,2025-03-19,2025-03-20,2025-03-20,8.5,737.17,On-time,False
SH005820,W02,ST15,CR02,2025-03-20,2025-03-21,2025-03-21,22.0,,On-time,False
SH005821,W02,ST15,CR01,2025-03-21,2025-03-22,2025-03-22,24.4,1441.8,On-time,False
SH005822,W03,ST15,CR05,2025-03-22,2025-03-25,2025-03-25,417.6,26116.08,On-time,False
SH005823,W02,ST15,CR04,2025-03-23,2025-03-24,2025-03-24,30.3,2160.48,On-time,False
SH005824,W02,ST15,CR01,2025-03-25,2025-03-26,2025-03-26,19.1,1646.11,On-time,False
SH005825,W02,ST15,CR04,2025-03-26,2025-03-27,2025-03-27,25.2,1343.17,On-time,False
SH005826,W03,ST15,CR01,2025-03-28,2025-03-31,2025-03-31,417.6,18053.17,On-time,False
SH005827,W02,ST15,CR03,2025-03-29,2025-03-30,2025-04-02,28.2,1699.56,Delayed,False
SH005828,W02,ST15,CR01,2025-03-31,2025-04-01,2025-04-01,34.9,,On-time,False
SH005829,W02,ST15,CR01,2025-04-01,2025-04-02,2025-04-02,22.2,1448.39,On-time,False
SH005830,W02,ST15,CR02,2025-04-02,2025-04-03,2025-04-03,32.7,2078.96,On-time,False
SH005831,W02,ST15,CR03,2025-04-04,2025-04-05,2025-04-05,16.4,1229.26,On-time,False
SH005832,W02,ST15,CR02,2025-04-05,2025-04-06,2025-04-06,8.6,1197.26,On-time,False
SH005833,W02,ST15,CR01,2025-04-06,2025-04-07,2025-04-07,11.1,760.89,On-time,False
SH005834,W02,ST15,CR01,2025-04-08,2025-04-09,2025-04-09,15.3,1173.89,On-time,False
SH005835,W02,ST15,CR04,2025-04-09,2025-04-10,2025-04-10,27.1,1884.74,On-time,False
SH005836,W02,ST15,CR05,2025-04-10,2025-04-11,2025-04-11,14.0,1496.05,On-time,False
SH005837,W02,ST15,CR05,2025-04-12,2025-04-13,2025-04-13,30.0,2138.15,On-time,False
SH005838,W02,ST15,CR03,2025-04-14,2025-04-15,2025-04-15,28.7,1672.42,On-time,False
SH005839,W02,ST15,CR03,2025-04-16,2025-04-17,2025-04-19,21.6,1556.97,Delayed,False
SH005840,W02,ST15,CR05,2025-04-18,2025-04-19,2025-04-20,18.5,1458.54,Delayed,False
SH005841,W02,ST15,CR01,2025-04-20,2025-04-21,2025-04-21,10.8,920.82,Damaged,False
SH005842,W02,ST15,CR01,2025-04-21,2025-04-22,2025-04-22,31.1,1613.92,On-time,False
SH005843,W02,ST15,CR01,2025-04-22,2025-04-23,2025-04-26,18.7,1140.08,Delayed,False
SH005844,W02,ST15,CR05,2025-04-24,2025-04-25,2025-04-26,21.0,1014.3,Delayed,False
SH005845,W02,ST15,CR02,2025-04-25,2025-04-26,2025-04-26,14.5,800.35,On-time,False
SH005846,W02,ST15,CR04,2025-04-26,2025-04-27,2025-04-27,22.4,1324.14,Damaged,False
SH005847,W02,ST15,CR04,2025-04-27,2025-04-28,2025-05-01,33.5,,Delayed,False
SH005848,W03,ST15,CR01,2025-04-28,2025-05-01,2025-05-01,417.6,19639.14,On-time,False
SH005849,W02,ST15,CR02,2025-04-30,2025-05-01,2025-05-04,34.2,1607.28,Delayed,False
SH005850,W02,ST15,CR04,2025-05-02,2025-05-03,2025-05-03,12.1,1080.96,On-time,False
SH005851,W02,ST15,CR01,2025-05-04,2025-05-05,2025-05-05,26.8,1575.52,On-time,False
SH005852,W02,ST15,CR01,2025-05-06,2025-05-07,2025-05-07,14.5,,On-time,False
SH005853,W02,ST15,CR01,2025-05-07,2025-05-08,2025-05-08,11.5,1398.57,On-time,False
SH005854,W02,ST15,CR04,2025-05-09,2025-05-10,2025-05-10,19.3,1245.61,On-time,False
SH005855,W02,ST15,CR04,2025-05-10,2025-05-11,2025-05-11,27.6,1739.54,Damaged,False
SH005856,W02,ST15,CR04,2025-05-12,2025-05-13,2025-05-14,21.0,1374.12,Delayed,False
SH005857,W02,ST15,CR01,2025-05-14,2025-05-15,2025-05-15,25.9,1610.85,On-time,False
SH005858,W03,ST15,CR02,2025-05-15,2025-05-18,2025-05-22,417.6,21886.66,Delayed,False
SH005859,W02,ST15,CR03,2025-05-16,2025-05-17,2025-05-17,14.3,1152.74,On-time,False
SH005860,W02,ST15,CR01,2025-05-17,2025-05-18,2025-05-18,23.7,1592.52,On-time,False
SH005861,W02,ST15,CR03,2025-05-18,2025-05-19,2025-05-19,25.9,1660.42,On-time,False
SH005862,W02,ST15,CR03,2025-05-19,2025-05-20,2025-05-20,21.3,1042.07,On-time,False
SH005863,W02,ST15,CR04,2025-05-20,2025-05-21,2025-05-22,18.0,1351.71,Delayed,False
SH005864,W02,ST15,CR04,2025-05-21,2025-05-22,2025-05-22,13.9,951.02,On-time,False
SH005865,W02,ST15,CR01,2025-05-23,2025-05-24,2025-05-24,20.5,1173.14,On-time,False
SH005866,W02,ST15,CR04,2025-05-25,2025-05-26,2025-05-26,13.9,1211.79,On-time,False
SH005867,W02,ST15,CR03,2025-05-26,2025-05-27,2025-05-27,26.9,1251.03,On-time,False
SH005868,W02,ST15,CR02,2025-05-27,2025-05-28,2025-05-28,31.9,1610.9,On-time,False
SH005869,W02,ST15,CR01,2025-05-29,2025-05-30,2025-05-30,6.2,765.06,On-time,False
SH005870,W02,ST15,CR04,2025-05-30,2025-05-31,2025-05-31,9.2,712.78,On-time,False
SH005871,W02,ST15,CR05,2025-05-31,2025-06-01,2025-06-01,13.5,841.36,On-time,False
SH005872,W02,ST15,CR02,2025-06-02,2025-06-03,2025-06-07,8.6,1027.09,Delayed,False
SH005873,W02,ST15,CR02,2025-06-03,2025-06-04,2025-06-05,20.4,1408.8,Delayed,False
SH005874,W02,ST15,CR05,2025-06-04,2025-06-05,2025-06-06,22.0,1425.26,Delayed,False
SH005875,W02,ST15,CR01,2025-06-06,2025-06-07,2025-06-09,27.7,,Delayed,False
SH005876,W02,ST15,CR02,2025-06-08,2025-06-09,2025-06-12,9.8,855.14,Delayed,False
SH005877,W03,ST15,CR01,2025-06-10,2025-06-13,2025-06-13,417.6,26129.67,On-time,False
SH005878,W02,ST15,CR02,2025-06-12,2025-06-13,2025-06-13,23.2,1380.58,On-time,False
SH005879,W03,ST15,CR04,2025-06-13,2025-06-16,2025-06-19,417.6,21998.4,Delayed,False
SH005880,W02,ST15,CR04,2025-06-15,2025-06-16,2025-06-16,12.1,960.5,On-time,False
SH005881,W02,ST15,CR04,2025-06-17,2025-06-18,2025-06-18,23.1,1563.98,On-time,False
SH005882,W02,ST15,CR03,2025-06-18,2025-06-19,2025-06-19,33.0,1715.09,On-time,False
SH005883,W02,ST15,CR01,2025-06-20,2025-06-21,2025-06-24,24.9,1792.68,Delayed,False
SH005884,W02,ST15,CR05,2025-06-22,2025-06-23,2025-06-23,16.6,,On-time,False
SH005885,W01,ST15,CR04,2025-06-24,2025-06-26,2025-06-30,221.4,12511.94,Delayed,False
SH005886,W02,ST15,CR04,2025-06-26,2025-06-27,2025-06-27,10.0,971.32,On-time,False
SH005887,W03,ST15,CR05,2025-06-27,2025-06-30,2025-06-30,417.6,,On-time,False
SH005888,W02,ST15,CR01,2025-06-29,2025-06-30,2025-06-30,33.2,1856.1,On-time,False
SH005889,W02,ST15,CR05,2025-06-30,2025-07-01,2025-07-01,11.6,975.76,On-time,False
SH005890,W02,ST15,CR02,2025-07-02,2025-07-03,2025-07-03,16.7,1126.08,On-time,False
SH005891,W02,ST15,CR03,2025-07-03,2025-07-04,2025-07-04,23.7,1673.81,On-time,False
SH005892,W02,ST15,CR01,2025-07-05,2025-07-06,2025-07-06,32.6,1950.56,On-time,False
SH005893,W02,ST15,CR05,2025-07-07,2025-07-08,2025-07-08,30.3,1669.72,On-time,False
SH005894,W02,ST15,CR03,2025-07-09,2025-07-10,2025-07-10,12.1,,On-time,False
SH005895,W02,ST15,CR02,2025-07-11,2025-07-12,2025-07-12,18.9,926.54,On-time,False
SH005896,W02,ST15,CR03,2025-07-12,2025-07-13,2025-07-13,30.3,1764.33,On-time,False
SH005897,W02,ST15,CR04,2025-07-14,2025-07-15,2025-07-15,15.2,1244.17,On-time,False
SH005898,W02,ST15,CR03,2025-07-15,2025-07-16,2025-07-20,17.1,1513.1,Delayed,False
SH005899,W02,ST15,CR04,2025-07-16,2025-07-17,2025-07-17,25.9,1353.22,On-time,False
SH005900,W02,ST15,CR03,2025-07-18,2025-07-19,2025-07-19,15.8,1555.96,On-time,False
SH005901,W02,ST15,CR01,2025-07-20,2025-07-21,2025-07-21,21.0,1292.1,On-time,False
SH005902,W01,ST15,CR03,2025-07-22,2025-07-24,2025-07-24,221.4,10683.35,On-time,False
SH005903,W02,ST15,CR05,2025-07-24,2025-07-25,2025-07-25,21.5,1723.86,On-time,False
SH005904,W02,ST15,CR05,2025-07-26,2025-07-27,2025-07-31,16.4,1281.57,Delayed,False
SH005905,W02,ST15,CR01,2025-07-27,2025-07-28,2025-07-28,29.1,2112.58,On-time,False
SH005906,W02,ST15,CR04,2025-07-29,2025-07-30,2025-08-01,32.4,,Delayed,False
SH005907,W02,ST15,CR01,2025-07-30,2025-07-31,2025-08-02,21.4,994.47,Delayed,False
SH005908,W02,ST15,CR03,2025-07-31,2025-08-01,2025-08-04,15.8,1157.7,Delayed,False
SH005909,W02,ST15,CR01,2025-08-01,2025-08-02,2025-08-02,22.5,1407.16,Lost,False
SH005910,W02,ST15,CR03,2025-08-03,2025-08-04,2025-08-04,30.3,1633.52,On-time,False
SH005911,W02,ST15,CR04,2025-08-04,2025-08-05,2025-08-09,30.7,1811.85,Delayed,False
SH005912,W02,ST15,CR05,2025-08-05,2025-08-06,2025-08-06,26.2,1430.32,On-time,False
SH005913,W02,ST15,CR03,2025-08-06,2025-08-07,2025-08-07,12.6,1049.66,On-time,False
SH005914,W02,ST15,CR04,2025-08-07,2025-08-08,2025-08-08,13.6,,On-time,False
SH005915,W02,ST15,CR03,2025-08-08,2025-08-09,2025-08-13,9.0,892.03,Delayed,False
SH005916,W02,ST15,CR05,2025-08-10,2025-08-11,2025-08-11,8.6,935.5,On-time,False
SH005917,W02,ST15,CR02,2025-08-11,2025-08-12,2025-08-13,24.6,1217.86,Delayed,False
SH005918,W02,ST15,CR04,2025-08-13,2025-08-14,2025-08-15,14.3,1511.33,Delayed,False
SH005919,W02,ST15,CR05,2025-08-14,2025-08-15,2025-08-15,30.7,2149.13,On-time,False
SH005920,W02,ST15,CR05,2025-08-15,2025-08-16,2025-08-16,8.9,657.88,Lost,False
SH005921,W02,ST15,CR03,2025-08-17,2025-08-18,2025-08-19,27.9,1926.89,Delayed,False
SH005922,W02,ST15,CR01,2025-08-19,2025-08-20,2025-08-20,11.3,1003.2,On-time,False
SH005923,W02,ST15,CR02,2025-08-20,2025-08-21,2025-08-21,30.3,1474.75,On-time,False
SH005924,W03,ST15,CR05,2025-08-22,2025-08-25,2025-08-25,417.6,19536.13,On-time,False
SH005925,W02,ST15,CR01,2025-08-23,2025-08-24,2025-08-24,34.5,2341.59,On-time,False
SH005926,W02,ST15,CR01,2025-08-24,2025-08-25,2025-08-25,11.3,916.52,Damaged,False
SH005927,W02,ST15,CR01,2025-08-26,2025-08-27,2025-08-27,26.7,1443.94,On-time,False
SH005928,W01,ST15,CR02,2025-08-27,2025-08-29,2025-08-29,221.4,11177.3,On-time,False
SH005929,W02,ST15,CR05,2025-08-28,2025-08-29,2025-08-30,23.5,1287.26,Delayed,False
SH005930,W02,ST15,CR01,2025-08-30,2025-08-31,2025-08-31,32.6,1778.33,On-time,False
SH005931,W01,ST15,CR03,2025-08-31,2025-09-02,2025-09-02,221.4,10485.15,On-time,False
SH005932,W02,ST15,CR01,2025-09-01,2025-09-02,2025-09-02,31.8,1865.58,On-time,False
SH005933,W02,ST15,CR03,2025-09-02,2025-09-03,2025-09-07,18.9,1261.58,Delayed,False
SH005934,W02,ST15,CR05,2025-09-03,2025-09-04,2025-09-04,17.7,1402.65,On-time,False
SH005935,W02,ST15,CR02,2025-09-05,2025-09-06,2025-09-06,14.2,1064.57,On-time,False
SH005936,W02,ST15,CR05,2025-09-06,2025-09-07,2025-09-07,24.6,1512.56,On-time,False
SH005937,W02,ST15,CR02,2025-09-08,2025-09-09,2025-09-09,8.6,897.19,On-time,False
SH005938,W02,ST15,CR01,2025-09-09,2025-09-10,2025-09-10,14.5,1509.87,On-time,False
SH005939,W02,ST15,CR05,2025-09-11,2025-09-12,2025-09-12,23.6,1512.9,On-time,False
SH005940,W02,ST15,CR02,2025-09-12,2025-09-13,2025-09-13,26.7,1624.8,On-time,False
SH005941,W01,ST15,CR03,2025-09-13,2025-09-15,2025-09-15,221.4,10674.49,On-time,False
SH005942,W02,ST15,CR01,2025-09-15,2025-09-16,2025-09-19,9.5,912.42,Delayed,False
SH005943,W02,ST15,CR02,2025-09-16,2025-09-17,2025-09-17,12.7,766.8,On-time,False
SH005944,W02,ST15,CR05,2025-09-17,2025-09-18,2025-09-18,20.3,1292.67,On-time,False
SH005945,W02,ST15,CR01,2025-09-18,2025-09-19,2025-09-19,18.6,1216.38,On-time,False
SH005946,W02,ST15,CR03,2025-09-20,2025-09-21,2025-09-22,28.6,1924.78,Delayed,False
SH005947,W02,ST15,CR01,2025-09-21,2025-09-22,2025-09-22,11.7,666.8,On-time,False
SH005948,W02,ST15,CR05,2025-09-23,2025-09-24,2025-09-24,8.5,1125.23,On-time,False
SH005949,W02,ST15,CR04,2025-09-25,2025-09-26,2025-09-28,34.8,2011.02,Delayed,False
SH005950,W01,ST15,CR05,2025-09-27,2025-09-29,2025-09-29,221.4,10653.82,On-time,False
SH005951,W02,ST15,CR04,2025-09-29,2025-09-30,2025-09-30,25.9,1669.06,On-time,False
SH005952,W01,ST15,CR04,2025-10-01,2025-10-03,2025-10-06,221.4,10122.33,Delayed,False
SH005953,W02,ST15,CR01,2025-10-03,2025-10-04,2025-10-04,21.9,1448.99,On-time,False
SH005954,W02,ST15,CR01,2025-10-05,2025-10-06,2025-10-10,7.1,1038.05,Delayed,False
SH005955,W02,ST15,CR02,2025-10-07,2025-10-08,2025-10-08,10.1,937.71,On-time,False
SH005956,W02,ST15,CR03,2025-10-08,2025-10-09,2025-10-09,31.8,1818.94,On-time,False
SH005957,W02,ST15,CR05,2025-10-09,2025-10-10,2025-10-10,27.5,1217.9,On-time,False
SH005958,W02,ST15,CR04,2025-10-11,2025-10-12,2025-10-13,16.1,1172.0,Delayed,False
SH005959,W02,ST15,CR02,2025-10-13,2025-10-14,2025-10-15,24.6,1348.25,Delayed,False
SH005960,W02,ST15,CR01,2025-10-14,2025-10-15,2025-10-15,12.5,1132.62,On-time,False
SH005961,W02,ST15,CR05,2025-10-16,2025-10-17,2025-10-17,28.3,1820.0,On-time,False
SH005962,W02,ST15,CR01,2025-10-17,2025-10-18,2025-10-18,16.9,1213.21,On-time,False
SH005963,W02,ST15,CR01,2025-10-18,2025-10-19,2025-10-19,24.5,1578.73,On-time,False
SH005964,W02,ST15,CR03,2025-10-20,2025-10-21,2025-10-21,31.6,1780.45,On-time,False
SH005965,W02,ST15,CR01,2025-10-21,2025-10-22,2025-10-22,19.0,1211.63,On-time,False
SH005966,W02,ST15,CR05,2025-10-23,2025-10-24,2025-10-24,21.9,1189.22,On-time,False
SH005967,W02,ST15,CR05,2025-10-24,2025-10-25,2025-10-25,21.5,1574.83,On-time,False
SH005968,W02,ST15,CR02,2025-10-25,2025-10-26,2025-10-26,32.7,1837.87,On-time,False
SH005969,W02,ST15,CR05,2025-10-26,2025-10-27,2025-10-27,27.2,2055.85,Lost,False
SH005970,W02,ST15,CR01,2025-10-27,2025-10-28,2025-10-28,20.3,1139.11,On-time,False
SH005971,W02,ST15,CR05,2025-10-28,2025-10-29,2025-10-29,33.6,1935.59,On-time,False
SH005972,W02,ST15,CR01,2025-10-29,2025-10-30,2025-10-30,33.1,2181.18,On-time,False
SH005973,W02,ST15,CR03,2025-10-31,2025-11-01,2025-11-01,32.2,2102.96,On-time,False
SH005974,W02,ST15,CR05,2025-11-02,2025-11-03,2025-11-03,27.2,1579.61,On-time,False
SH005975,W02,ST15,CR01,2025-11-04,2025-11-05,2025-11-08,9.4,982.21,Delayed,False
SH005976,W02,ST15,CR02,2025-11-06,2025-11-07,2025-11-07,16.2,1289.91,On-time,False
SH005977,W01,ST15,CR03,2025-11-07,2025-11-09,2025-11-09,221.4,8992.64,Damaged,False
SH005978,W02,ST15,CR04,2025-11-08,2025-11-09,2025-11-09,8.7,825.13,On-time,False
SH005979,W02,ST15,CR03,2025-11-10,2025-11-11,2025-11-11,9.1,1296.96,On-time,False
SH005980,W02,ST15,CR05,2025-11-11,2025-11-12,2025-11-12,16.4,979.27,On-time,False
SH005981,W02,ST15,CR03,2025-11-12,2025-11-13,2025-11-13,13.4,1064.29,On-time,False
SH005982,W02,ST15,CR03,2025-11-14,2025-11-15,2025-11-15,21.1,,On-time,False
SH005983,W02,ST15,CR02,2025-11-15,2025-11-16,2025-11-16,8.4,846.09,On-time,False
SH005984,W02,ST15,CR04,2025-11-16,2025-11-17,2025-11-19,31.4,1802.58,Delayed,False
SH005985,W03,ST15,CR03,2025-11-18,2025-11-21,2025-11-21,417.6,19464.22,On-time,False
SH005986,W02,ST15,CR01,2025-11-19,2025-11-20,2025-11-20,34.9,,On-time,False
SH005987,W02,ST15,CR02,2025-11-20,2025-11-21,2025-11-21,34.5,1664.45,On-time,False
SH005988,W02,ST15,CR02,2025-11-21,2025-11-22,2025-11-22,22.6,1484.59,On-time,False
SH005989,W02,ST15,CR01,2025-11-22,2025-11-23,2025-11-23,9.0,515.68,On-time,False
SH005990,W02,ST15,CR01,2025-11-24,2025-11-25,2025-11-25,19.1,1583.84,On-time,False
SH005991,W02,ST15,CR01,2025-11-26,2025-11-27,2025-11-27,8.4,802.77,On-time,False
SH005992,W02,ST15,CR03,2025-11-27,2025-11-28,2025-11-28,32.9,2351.03,On-time,False
SH005993,W02,ST15,CR02,2025-11-29,2025-11-30,2025-12-01,12.0,951.41,Delayed,False
SH005994,W02,ST15,CR03,2025-11-30,2025-12-01,2025-12-01,12.1,933.95,On-time,False
SH005995,W02,ST15,CR04,2025-12-02,2025-12-03,2025-12-03,26.3,1603.19,On-time,False
SH005996,W03,ST15,CR05,2025-12-03,2025-12-06,2025-12-06,417.6,16041.94,On-time,False
SH005997,W02,ST15,CR01,2025-12-05,2025-12-06,2025-12-06,18.1,1010.36,On-time,False
SH005998,W02,ST15,CR05,2025-12-07,2025-12-08,2025-12-08,32.5,2292.78,On-time,False
SH005999,W03,ST15,CR05,2025-12-08,2025-12-11,2025-12-11,417.6,18719.26,On-time,False
SH006000,W02,ST15,CR01,2025-12-10,2025-12-11,2025-12-11,10.5,,On-time,False
SH006001,W02,ST15,CR01,2025-12-11,2025-12-12,2025-12-12,18.3,1443.36,On-time,False
SH006002,W02,ST15,CR03,2025-12-12,2025-12-13,2025-12-13,8.6,1035.5,On-time,False
SH006003,W02,ST15,CR04,2025-12-14,2025-12-15,2025-12-15,12.2,1270.71,On-time,False
SH006004,W02,ST15,CR03,2025-12-16,2025-12-17,2025-12-17,28.8,1777.56,On-time,False
SH006005,W02,ST15,CR01,2025-12-18,2025-12-19,2025-12-19,14.2,,On-time,False
SH006006,W02,ST15,CR05,2025-12-19,2025-12-20,2025-12-20,31.1,1781.05,On-time,False
SH006007,W02,ST15,CR03,2025-12-20,2025-12-21,2025-12-21,34.1,2189.97,On-time,False
SH006008,W02,ST15,CR03,2025-12-22,2025-12-23,2025-12-23,29.8,1686.71,On-time,False
SH006009,W03,ST15,CR01,2025-12-24,2025-12-27,2025-12-27,417.6,19655.24,On-time,False
SH006010,W02,ST15,CR03,2025-12-26,2025-12-27,2025-12-30,32.4,,Delayed,False
SH006011,W02,ST15,CR03,2025-12-27,2025-12-28,,19.7,1916.82,In-Transit,False
SH006012,W01,ST15,CR04,2025-12-28,2025-12-30,2025-12-30,221.4,14113.16,On-time,False
SH006013,W02,ST15,CR04,2025-12-29,2025-12-30,,34.8,1898.21,In-Transit,False
SH006014,W02,ST15,CR02,2025-12-30,2025-12-31,2025-12-31,12.4,1038.62,On-time,False
SH006015,W02,ST15,CR01,2025-12-31,2026-01-01,,17.3,1193.26,In-Transit,False
SH006016,W03,ST16,CR01,2024-01-02,2024-01-04,2024-01-08,210.3,,Delayed,False
SH006017,W01,ST16,CR03,2024-01-03,2024-01-04,2024-01-04,18.8,1306.82,On-time,False
SH006018,W03,ST16,CR03,2024-01-04,2024-01-06,2024-01-08,210.3,13013.65,Delayed,False
SH006019,W01,ST16,CR05,2024-01-05,2024-01-06,2024-01-07,32.1,1485.39,Lost,False
SH006020,W01,ST16,CR01,2024-01-06,2024-01-07,2024-01-07,25.8,1585.13,On-time,False
SH006021,W01,ST16,CR01,2024-01-07,2024-01-08,2024-01-08,33.5,1632.71,On-time,False
SH006022,W01,ST16,CR04,2024-01-08,2024-01-09,2024-01-09,22.0,1512.14,On-time,False
SH006023,W01,ST16,CR03,2024-01-09,2024-01-10,2024-01-10,23.1,1856.64,On-time,False
SH006024,W01,ST16,CR03,2024-01-10,2024-01-11,2024-01-11,11.9,956.23,On-time,False
SH006025,W01,ST16,CR01,2024-01-11,2024-01-12,2024-01-12,22.9,1166.09,On-time,False
SH006026,W01,ST16,CR05,2024-01-12,2024-01-13,2024-01-13,34.0,1592.56,Lost,False
SH006027,W01,ST16,CR03,2024-01-13,2024-01-14,2024-01-14,12.3,881.59,On-time,False
SH006028,W01,ST16,CR01,2024-01-14,2024-01-15,2024-01-15,32.0,1988.17,On-time,False
SH006029,W02,ST16,CR03,2024-01-15,2024-01-17,2024-01-18,221.4,12869.2,Delayed,False
SH006030,W01,ST16,CR02,2024-01-16,2024-01-17,2024-01-17,26.1,2046.12,On-time,False
SH006031,W01,ST16,CR03,2024-01-17,2024-01-18,2024-01-18,20.2,1549.55,On-time,False
SH006032,W01,ST16,CR03,2024-01-18,2024-01-19,2024-01-19,13.6,1141.51,Damaged,False
SH006033,W01,ST16,CR02,2024-01-19,2024-01-20,2024-01-20,19.1,1254.68,Lost,False
SH006034,W01,ST16,CR04,2024-01-20,2024-01-21,2024-01-21,20.7,1320.48,On-time,False
SH006035,W01,ST16,CR05,2024-01-21,2024-01-22,2024-01-22,32.7,1837.58,On-time,False
SH006036,W01,ST16,CR01,2024-01-22,2024-01-23,2024-01-23,34.7,2380.63,On-time,False
SH006037,W01,ST16,CR01,2024-01-23,2024-01-24,2024-01-24,20.9,1289.09,On-time,False
SH006038,W01,ST16,CR03,2024-01-24,2024-01-25,2024-01-25,8.3,937.2,On-time,False
SH006039,W01,ST16,CR03,2024-01-25,2024-01-26,2024-01-26,5.6,733.39,On-time,False
SH006040,W01,ST16,CR02,2024-01-26,2024-01-27,2024-01-27,10.6,935.48,On-time,False
SH006041,W01,ST16,CR05,2024-01-27,2024-01-28,2024-01-28,18.9,1571.34,Damaged,False
SH006042,W01,ST16,CR04,2024-01-28,2024-01-29,2024-01-29,17.3,1277.12,On-time,False
SH006043,W01,ST16,CR05,2024-01-29,2024-01-30,2024-01-30,34.3,1600.46,On-time,False
SH006044,W01,ST16,CR01,2024-01-30,2024-01-31,2024-01-31,20.8,1523.18,On-time,False
SH006045,W02,ST16,CR04,2024-01-31,2024-02-02,2024-02-04,221.4,10951.42,Delayed,False
SH006046,W01,ST16,CR01,2024-02-01,2024-02-02,2024-02-02,15.7,1234.08,On-time,False
SH006047,W01,ST16,CR02,2024-02-02,2024-02-03,2024-02-03,22.5,1591.34,On-time,False
SH006048,W01,ST16,CR01,2024-02-03,2024-02-04,2024-02-04,8.2,804.73,On-time,False
SH006049,W02,ST16,CR02,2024-02-04,2024-02-06,2024-02-09,221.4,,Delayed,False
SH006050,W01,ST16,CR02,2024-02-05,2024-02-06,2024-02-06,12.6,1002.33,On-time,False
SH006051,W01,ST16,CR03,2024-02-06,2024-02-07,2024-02-10,20.8,1456.71,Delayed,False
SH006052,W01,ST16,CR04,2024-02-07,2024-02-08,2024-02-08,20.2,1216.89,On-time,False
SH006053,W01,ST16,CR05,2024-02-08,2024-02-09,2024-02-09,21.4,1148.5,On-time,False
SH006054,W01,ST16,CR05,2024-02-09,2024-02-10,2024-02-10,31.7,,On-time,False
SH006055,W01,ST16,CR05,2024-02-10,2024-02-11,2024-02-11,24.9,1667.36,On-time,False
SH006056,W01,ST16,CR01,2024-02-11,2024-02-12,2024-02-12,29.5,1875.2,On-time,False
SH006057,W01,ST16,CR01,2024-02-12,2024-02-13,2024-02-13,21.0,2233.23,On-time,False
SH006058,W01,ST16,CR02,2024-02-13,2024-02-14,2024-02-14,19.5,1477.69,On-time,False
SH006059,W01,ST16,CR02,2024-02-14,2024-02-15,2024-02-15,29.9,1729.47,On-time,False
SH006060,W01,ST16,CR01,2024-02-15,2024-02-16,2024-02-16,28.8,1551.73,On-time,False
SH006061,W01,ST16,CR03,2024-02-16,2024-02-17,2024-02-17,31.1,,On-time,False
SH006062,W01,ST16,CR01,2024-02-17,2024-02-18,2024-02-18,22.2,1421.56,On-time,False
SH006063,W01,ST16,CR04,2024-02-18,2024-02-19,2024-02-19,33.5,1599.86,On-time,False
SH006064,W02,ST16,CR05,2024-02-19,2024-02-21,2024-02-21,221.4,11838.09,On-time,False
SH006065,W01,ST16,CR02,2024-02-20,2024-02-21,2024-02-23,13.6,1168.11,Delayed,False
SH006066,W01,ST16,CR04,2024-02-21,2024-02-22,2024-02-25,21.5,1208.35,Delayed,False
SH006067,W01,ST16,CR01,2024-02-22,2024-02-23,2024-02-23,28.5,1596.14,Damaged,False
SH006068,W01,ST16,CR01,2024-02-23,2024-02-24,2024-02-24,20.5,1559.45,On-time,False
SH006069,W01,ST16,CR01,2024-02-24,2024-02-25,2024-02-25,18.4,1233.94,Damaged,False
SH006070,W01,ST16,CR01,2024-02-25,2024-02-26,2024-02-26,14.6,967.13,On-time,False
SH006071,W01,ST16,CR01,2024-02-26,2024-02-27,2024-02-27,17.8,1334.93,On-time,False
SH006072,W01,ST16,CR05,2024-02-27,2024-02-28,2024-02-28,33.8,2094.31,On-time,False
SH006073,W03,ST16,CR05,2024-02-28,2024-03-01,2024-03-01,210.3,13185.78,On-time,False
SH006074,W01,ST16,CR03,2024-02-29,2024-03-01,2024-03-01,9.7,1048.35,On-time,False
SH006075,W01,ST16,CR05,2024-03-01,2024-03-02,2024-03-02,20.7,1272.93,On-time,False
SH006076,W01,ST16,CR04,2024-03-02,2024-03-03,2024-03-03,26.9,1740.89,On-time,False
SH006077,W01,ST16,CR01,2024-03-03,2024-03-04,2024-03-04,32.4,1786.6,On-time,False
SH006078,W01,ST16,CR01,2024-03-04,2024-03-05,2024-03-08,18.8,,Delayed,False
SH006079,W01,ST16,CR03,2024-03-05,2024-03-06,2024-03-09,20.2,1486.44,Delayed,False
SH006080,W01,ST16,CR01,2024-03-06,2024-03-07,2024-03-07,22.1,1121.74,On-time,False
SH006081,W01,ST16,CR02,2024-03-07,2024-03-08,2024-03-08,14.0,871.96,On-time,False
SH006082,W01,ST16,CR03,2024-03-08,2024-03-09,2024-03-09,27.7,1549.01,Damaged,False
SH006083,W01,ST16,CR05,2024-03-09,2024-03-10,2024-03-12,19.7,1601.5,Delayed,False
SH006084,W01,ST16,CR03,2024-03-10,2024-03-11,2024-03-11,15.8,1213.82,Damaged,False
SH006085,W01,ST16,CR05,2024-03-11,2024-03-12,2024-03-12,24.6,1903.29,On-time,False
SH006086,W01,ST16,CR01,2024-03-12,2024-03-13,2024-03-13,29.6,1872.97,On-time,False
SH006087,W01,ST16,CR03,2024-03-13,2024-03-14,2024-03-14,28.2,1738.79,On-time,False
SH006088,W01,ST16,CR04,2024-03-14,2024-03-15,2024-03-15,33.0,1958.77,On-time,False
SH006089,W02,ST16,CR03,2024-03-15,2024-03-17,2024-03-17,221.4,8648.26,On-time,False
SH006090,W01,ST16,CR02,2024-03-16,2024-03-17,2024-03-17,28.3,1601.58,On-time,False
SH006091,W01,ST16,CR05,2024-03-17,2024-03-18,2024-03-18,30.8,1703.51,On-time,False
SH006092,W01,ST16,CR01,2024-03-18,2024-03-19,2024-03-19,18.0,1183.39,On-time,False
SH006093,W01,ST16,CR03,2024-03-19,2024-03-20,2024-03-20,18.1,1060.81,On-time,False
SH006094,W01,ST16,CR03,2024-03-20,2024-03-21,2024-03-25,9.0,1040.83,Delayed,False
SH006095,W01,ST16,CR04,2024-03-21,2024-03-22,2024-03-22,8.2,933.33,On-time,False
SH006096,W01,ST16,CR03,2024-03-22,2024-03-23,2024-03-23,19.1,1249.66,On-time,False
SH006097,W01,ST16,CR01,2024-03-23,2024-03-24,2024-03-24,27.8,1364.39,On-time,False
SH006098,W01,ST16,CR03,2024-03-24,2024-03-25,2024-03-25,34.4,1839.78,On-time,False
SH006099,W01,ST16,CR02,2024-03-25,2024-03-26,2024-03-26,20.6,1562.25,On-time,False
SH006100,W01,ST16,CR02,2024-03-26,2024-03-27,2024-03-27,12.4,747.44,On-time,False
SH006101,W01,ST16,CR01,2024-03-27,2024-03-28,2024-03-28,18.7,1207.67,On-time,False
SH006102,W01,ST16,CR02,2024-03-28,2024-03-29,2024-03-29,34.2,1856.76,On-time,False
SH006103,W01,ST16,CR04,2024-03-29,2024-03-30,2024-03-31,11.5,1169.89,Delayed,False
SH006104,W01,ST16,CR02,2024-03-30,2024-03-31,2024-04-01,24.2,1804.76,Delayed,False
SH006105,W01,ST16,CR02,2024-03-31,2024-04-01,2024-04-01,20.5,1751.33,On-time,False
SH006106,W01,ST16,CR02,2024-04-01,2024-04-02,2024-04-04,11.1,865.65,Delayed,False
SH006107,W01,ST16,CR04,2024-04-02,2024-04-03,2024-04-03,18.0,1357.83,On-time,False
SH006108,W01,ST16,CR05,2024-04-03,2024-04-04,2024-04-04,19.2,1527.72,On-time,False
SH006109,W01,ST16,CR03,2024-04-04,2024-04-05,2024-04-05,24.5,1741.07,On-time,False
SH006110,W01,ST16,CR04,2024-04-05,2024-04-06,2024-04-08,25.0,1237.9,Delayed,False
SH006111,W01,ST16,CR03,2024-04-06,2024-04-07,2024-04-09,32.0,1828.14,Delayed,False
SH006112,W01,ST16,CR04,2024-04-07,2024-04-08,2024-04-08,31.4,1604.02,On-time,False
SH006113,W01,ST16,CR01,2024-04-08,2024-04-09,2024-04-09,13.7,931.4,On-time,False
SH006114,W01,ST16,CR03,2024-04-09,2024-04-10,2024-04-10,12.7,1351.65,On-time,False
SH006115,W01,ST16,CR03,2024-04-10,2024-04-11,2024-04-15,28.1,1815.11,Delayed,False
SH006116,W01,ST16,CR04,2024-04-11,2024-04-12,2024-04-12,21.7,2421.36,On-time,False
SH006117,W01,ST16,CR05,2024-04-12,2024-04-13,2024-04-13,22.1,1596.53,On-time,False
SH006118,W01,ST16,CR01,2024-04-13,2024-04-14,2024-04-14,16.9,1693.89,On-time,False
SH006119,W01,ST16,CR04,2024-04-14,2024-04-15,2024-04-16,16.3,1134.06,Delayed,False
SH006120,W01,ST16,CR03,2024-04-15,2024-04-16,2024-04-16,33.8,2250.91,On-time,False
SH006121,W01,ST16,CR03,2024-04-16,2024-04-17,2024-04-21,11.1,1074.88,Delayed,False
SH006122,W01,ST16,CR01,2024-04-17,2024-04-18,2024-04-18,26.8,,On-time,False
SH006123,W01,ST16,CR05,2024-04-18,2024-04-19,2024-04-19,11.4,1093.97,On-time,False
SH006124,W01,ST16,CR01,2024-04-19,2024-04-20,2024-04-20,12.1,922.11,On-time,False
SH006125,W01,ST16,CR04,2024-04-20,2024-04-21,2024-04-23,21.8,1689.7,Delayed,False
SH006126,W01,ST16,CR01,2024-04-21,2024-04-22,2024-04-22,34.7,1684.88,On-time,False
SH006127,W01,ST16,CR04,2024-04-22,2024-04-23,2024-04-23,24.5,1721.93,On-time,False
SH006128,W01,ST16,CR05,2024-04-23,2024-04-24,2024-04-26,13.9,1107.79,Delayed,False
SH006129,W01,ST16,CR03,2024-04-24,2024-04-25,2024-04-25,22.7,1252.25,On-time,False
SH006130,W02,ST16,CR02,2024-04-25,2024-04-27,2024-04-27,221.4,,On-time,False
SH006131,W01,ST16,CR01,2024-04-26,2024-04-27,2024-04-27,31.0,2124.81,On-time,False
SH006132,W02,ST16,CR02,2024-04-27,2024-04-29,2024-04-30,221.4,10778.13,Delayed,False
SH006133,W01,ST16,CR02,2024-04-28,2024-04-29,2024-04-29,18.5,1388.1,On-time,False
SH006134,W02,ST16,CR03,2024-04-29,2024-05-01,2024-05-05,221.4,9719.83,Delayed,False
SH006135,W01,ST16,CR05,2024-04-30,2024-05-01,2024-05-01,34.0,1470.37,On-time,False
SH006136,W02,ST16,CR05,2024-05-01,2024-05-03,2024-05-03,221.4,12480.99,On-time,False
SH006137,W01,ST16,CR04,2024-05-02,2024-05-03,2024-05-05,14.4,1100.51,Delayed,False
SH006138,W01,ST16,CR03,2024-05-03,2024-05-04,2024-05-04,20.4,1794.09,On-time,False
SH006139,W01,ST16,CR01,2024-05-04,2024-05-05,2024-05-05,15.0,1650.91,On-time,False
SH006140,W01,ST16,CR04,2024-05-05,2024-05-06,2024-05-06,8.7,1068.63,On-time,False
SH006141,W01,ST16,CR05,2024-05-06,2024-05-07,2024-05-07,21.5,1254.5,On-time,False
SH006142,W01,ST16,CR02,2024-05-07,2024-05-08,2024-05-12,16.8,1318.03,Delayed,False
SH006143,W01,ST16,CR01,2024-05-08,2024-05-09,2024-05-09,30.1,1945.61,On-time,False
SH006144,W01,ST16,CR02,2024-05-09,2024-05-10,2024-05-14,34.9,2198.43,Delayed,False
SH006145,W01,ST16,CR02,2024-05-10,2024-05-11,2024-05-11,19.3,1724.4,On-time,False
SH006146,W01,ST16,CR04,2024-05-11,2024-05-12,2024-05-12,30.8,1567.59,On-time,False
SH006147,W01,ST16,CR04,2024-05-12,2024-05-13,2024-05-13,24.1,1286.49,On-time,False
SH006148,W01,ST16,CR05,2024-05-13,2024-05-14,2024-05-14,24.3,1751.97,On-time,False
SH006149,W01,ST16,CR05,2024-05-14,2024-05-15,2024-05-15,11.7,1068.95,On-time,False
SH006150,W01,ST16,CR02,2024-05-15,2024-05-16,2024-05-16,25.3,1369.15,On-time,False
SH006151,W01,ST16,CR02,2024-05-16,2024-05-17,2024-05-17,23.3,1245.87,On-time,False
SH006152,W02,ST16,CR01,2024-05-17,2024-05-19,2024-05-19,221.4,11122.61,On-time,False
SH006153,W02,ST16,CR03,2024-05-18,2024-05-20,2024-05-20,221.4,11232.95,On-time,False
SH006154,W01,ST16,CR01,2024-05-19,2024-05-20,2024-05-20,32.1,1727.95,On-time,False
SH006155,W01,ST16,CR01,2024-05-20,2024-05-21,2024-05-21,11.3,1023.06,On-time,False
SH006156,W01,ST16,CR01,2024-05-21,2024-05-22,2024-05-22,9.8,824.39,Damaged,False
SH006157,W01,ST16,CR04,2024-05-22,2024-05-23,2024-05-23,16.9,1326.85,On-time,False
SH006158,W01,ST16,CR02,2024-05-23,2024-05-24,2024-05-24,17.0,1212.67,On-time,False
SH006159,W01,ST16,CR02,2024-05-24,2024-05-25,2024-05-25,9.7,948.38,On-time,False
SH006160,W01,ST16,CR01,2024-05-25,2024-05-26,2024-05-26,14.7,1270.59,On-time,False
SH006161,W01,ST16,CR01,2024-05-26,2024-05-27,2024-05-27,34.7,2337.93,On-time,False
SH006162,W01,ST16,CR02,2024-05-27,2024-05-28,2024-05-28,28.5,1754.27,On-time,False
SH006163,W01,ST16,CR05,2024-05-28,2024-05-29,2024-05-29,27.4,1336.87,On-time,False
SH006164,W01,ST16,CR01,2024-05-29,2024-05-30,2024-05-30,25.8,1897.77,On-time,False
SH006165,W01,ST16,CR01,2024-05-30,2024-05-31,2024-05-31,13.3,1052.26,On-time,False
SH006166,W01,ST16,CR01,2024-05-31,2024-06-01,2024-06-01,26.5,1462.31,On-time,False
SH006167,W01,ST16,CR04,2024-06-01,2024-06-02,2024-06-02,28.4,1392.94,On-time,False
SH006168,W01,ST16,CR02,2024-06-02,2024-06-03,2024-06-03,18.6,1221.91,On-time,False
SH006169,W02,ST16,CR04,2024-06-03,2024-06-05,2024-06-05,221.4,8633.13,On-time,False
SH006170,W01,ST16,CR03,2024-06-04,2024-06-05,2024-06-05,13.4,956.09,On-time,False
SH006171,W01,ST16,CR05,2024-06-05,2024-06-06,2024-06-08,8.9,997.49,Delayed,False
SH006172,W01,ST16,CR04,2024-06-06,2024-06-07,2024-06-07,23.4,1701.5,On-time,False
SH006173,W01,ST16,CR02,2024-06-07,2024-06-08,2024-06-12,20.0,1470.4,Delayed,False
SH006174,W01,ST16,CR01,2024-06-08,2024-06-09,2024-06-13,26.4,1478.31,Delayed,False
SH006175,W01,ST16,CR04,2024-06-09,2024-06-10,2024-06-10,8.7,560.5,On-time,False
SH006176,W01,ST16,CR04,2024-06-10,2024-06-11,2024-06-13,26.1,1735.12,Delayed,False
SH006177,W01,ST16,CR04,2024-06-11,2024-06-12,2024-06-16,18.2,1458.1,Delayed,False
SH006178,W01,ST16,CR04,2024-06-12,2024-06-13,2024-06-16,26.1,1597.65,Delayed,False
SH006179,W01,ST16,CR03,2024-06-13,2024-06-14,2024-06-14,17.0,2031.25,Damaged,False
SH006180,W01,ST16,CR02,2024-06-14,2024-06-15,2024-06-16,26.0,1515.8,Delayed,False
SH006181,W01,ST16,CR01,2024-06-15,2024-06-16,2024-06-20,8.4,833.79,Delayed,False
SH006182,W01,ST16,CR01,2024-06-16,2024-06-17,2024-06-17,27.5,1464.79,On-time,False
SH006183,W01,ST16,CR01,2024-06-17,2024-06-18,2024-06-19,19.7,1190.05,Delayed,False
SH006184,W01,ST16,CR01,2024-06-18,2024-06-19,2024-06-21,9.9,1362.52,Delayed,False
SH006185,W01,ST16,CR02,2024-06-19,2024-06-20,2024-06-20,10.5,818.6,On-time,False
SH006186,W01,ST16,CR01,2024-06-20,2024-06-21,2024-06-22,21.2,1733.98,Delayed,False
SH006187,W01,ST16,CR04,2024-06-21,2024-06-22,2024-06-23,28.7,1613.51,Delayed,False
SH006188,W01,ST16,CR05,2024-06-22,2024-06-23,2024-06-26,23.0,1621.06,Delayed,False
SH006189,W01,ST16,CR02,2024-06-23,2024-06-24,2024-06-24,13.4,786.92,On-time,False
SH006190,W01,ST16,CR01,2024-06-24,2024-06-25,2024-06-25,34.5,2456.03,On-time,False
SH006191,W01,ST16,CR05,2024-06-25,2024-06-26,2024-06-26,10.1,572.63,On-time,False
SH006192,W02,ST16,CR04,2024-06-26,2024-06-28,2024-06-29,221.4,13218.25,Delayed,False
SH006193,W01,ST16,CR02,2024-06-27,2024-06-28,2024-06-29,18.7,1088.24,Delayed,False
SH006194,W01,ST16,CR01,2024-06-28,2024-06-29,2024-06-29,9.7,1039.74,Damaged,False
SH006195,W01,ST16,CR05,2024-06-29,2024-06-30,2024-06-30,21.0,1232.27,Damaged,False
SH006196,W01,ST16,CR01,2024-06-30,2024-07-01,2024-07-03,29.8,1966.8,Delayed,False
SH006197,W01,ST16,CR02,2024-07-01,2024-07-02,2024-07-04,34.8,2421.9,Delayed,False
SH006198,W01,ST16,CR01,2024-07-02,2024-07-03,2024-07-03,21.6,1621.12,On-time,False
SH006199,W01,ST16,CR02,2024-07-03,2024-07-04,2024-07-04,11.7,977.82,On-time,False
SH006200,W01,ST16,CR01,2024-07-04,2024-07-05,2024-07-07,25.8,1717.59,Delayed,False
SH006201,W01,ST16,CR05,2024-07-05,2024-07-06,2024-07-08,31.9,1620.38,Delayed,False
SH006202,W02,ST16,CR03,2024-07-06,2024-07-08,2024-07-11,221.4,10983.09,Delayed,False
SH006203,W02,ST16,CR03,2024-07-07,2024-07-09,2024-07-12,221.4,10591.23,Delayed,False
SH006204,W01,ST16,CR03,2024-07-08,2024-07-09,2024-07-13,15.2,1266.77,Delayed,False
SH006205,W01,ST16,CR03,2024-07-09,2024-07-10,2024-07-11,20.2,1118.07,Delayed,False
SH006206,W01,ST16,CR01,2024-07-10,2024-07-11,2024-07-11,23.5,1529.56,On-time,False
SH006207,W01,ST16,CR04,2024-07-11,2024-07-12,2024-07-12,13.7,877.11,On-time,False
SH006208,W01,ST16,CR01,2024-07-12,2024-07-13,2024-07-13,8.8,910.75,On-time,False
SH006209,W01,ST16,CR05,2024-07-13,2024-07-14,2024-07-18,23.4,1772.78,Delayed,False
SH006210,W01,ST16,CR03,2024-07-14,2024-07-15,2024-07-15,9.8,784.27,On-time,False
SH006211,W01,ST16,CR02,2024-07-15,2024-07-16,2024-07-16,16.0,1152.51,On-time,False
SH006212,W03,ST16,CR03,2024-07-16,2024-07-18,2024-07-18,210.3,10160.11,On-time,False
SH006213,W01,ST16,CR01,2024-07-17,2024-07-18,2024-07-18,8.1,839.74,On-time,False
SH006214,W01,ST16,CR01,2024-07-18,2024-07-19,2024-07-19,28.6,2217.74,On-time,False
SH006215,W01,ST16,CR01,2024-07-19,2024-07-20,2024-07-21,10.7,799.42,Delayed,False
SH006216,W01,ST16,CR05,2024-07-20,2024-07-21,2024-07-25,15.2,1145.61,Delayed,False
SH006217,W01,ST16,CR03,2024-07-21,2024-07-22,2024-07-22,24.3,1682.84,On-time,False
SH006218,W01,ST16,CR02,2024-07-22,2024-07-23,2024-07-23,11.1,1048.94,On-time,False
SH006219,W01,ST16,CR02,2024-07-23,2024-07-24,2024-07-25,13.9,1223.54,Delayed,False
SH006220,W01,ST16,CR04,2024-07-24,2024-07-25,2024-07-28,18.6,988.8,Delayed,False
SH006221,W01,ST16,CR01,2024-07-25,2024-07-26,2024-07-26,28.4,1649.93,On-time,False
SH006222,W02,ST16,CR05,2024-07-26,2024-07-28,2024-07-28,221.4,11274.42,On-time,False
SH006223,W01,ST16,CR01,2024-07-27,2024-07-28,2024-07-30,33.3,2100.42,Delayed,False
SH006224,W01,ST16,CR03,2024-07-28,2024-07-29,2024-08-02,34.1,1891.43,Delayed,False
SH006225,W01,ST16,CR03,2024-07-29,2024-07-30,2024-07-30,34.7,1928.07,On-time,False
SH006226,W01,ST16,CR01,2024-07-30,2024-07-31,2024-07-31,23.7,1519.56,On-time,False
SH006227,W01,ST16,CR03,2024-07-31,2024-08-01,2024-08-01,11.3,735.57,On-time,False
SH006228,W01,ST16,CR05,2024-08-01,2024-08-02,2024-08-02,21.2,1470.51,On-time,False
SH006229,W01,ST16,CR05,2024-08-02,2024-08-03,2024-08-03,31.4,1676.81,On-time,False
SH006230,W01,ST16,CR05,2024-08-03,2024-08-04,2024-08-04,23.8,1322.11,On-time,False
SH006231,W01,ST16,CR04,2024-08-04,2024-08-05,2024-08-06,19.8,1221.44,Delayed,False
SH006232,W02,ST16,CR02,2024-08-05,2024-08-07,2024-08-08,221.4,13620.0,Delayed,False
SH006233,W01,ST16,CR01,2024-08-06,2024-08-07,2024-08-07,20.0,1542.05,On-time,False
SH006234,W01,ST16,CR01,2024-08-07,2024-08-08,2024-08-08,21.1,1158.89,On-time,False
SH006235,W01,ST16,CR01,2024-08-08,2024-08-09,2024-08-09,14.0,1616.03,On-time,False
SH006236,W01,ST16,CR05,2024-08-09,2024-08-10,2024-08-10,14.3,1196.84,On-time,False
SH006237,W01,ST16,CR04,2024-08-10,2024-08-11,2024-08-11,14.5,1002.63,On-time,False
SH006238,W01,ST16,CR02,2024-08-11,2024-08-12,2024-08-12,27.3,1775.77,On-time,False
SH006239,W01,ST16,CR05,2024-08-12,2024-08-13,2024-08-13,31.5,2153.22,Damaged,False
SH006240,W01,ST16,CR03,2024-08-13,2024-08-14,2024-08-14,32.2,2305.48,Damaged,False
SH006241,W01,ST16,CR05,2024-08-14,2024-08-15,2024-08-15,10.8,882.93,On-time,False
SH006242,W01,ST16,CR04,2024-08-15,2024-08-16,2024-08-19,27.2,1314.9,Delayed,False
SH006243,W02,ST16,CR02,2024-08-16,2024-08-18,2024-08-22,221.4,12372.1,Delayed,False
SH006244,W01,ST16,CR04,2024-08-17,2024-08-18,2024-08-18,21.9,1557.04,On-time,False
SH006245,W01,ST16,CR05,2024-08-18,2024-08-19,2024-08-19,33.3,2458.19,On-time,False
SH006246,W01,ST16,CR04,2024-08-19,2024-08-20,2024-08-20,18.6,1564.24,On-time,False
SH006247,W01,ST16,CR05,2024-08-20,2024-08-21,2024-08-21,13.4,1289.87,On-time,False
SH006248,W01,ST16,CR03,2024-08-21,2024-08-22,2024-08-22,14.3,827.7,On-time,False
SH006249,W03,ST16,CR02,2024-08-22,2024-08-24,2024-08-24,210.3,11496.36,On-time,False
SH006250,W01,ST16,CR05,2024-08-23,2024-08-24,2024-08-28,20.0,1228.18,Delayed,False
SH006251,W01,ST16,CR02,2024-08-24,2024-08-25,2024-08-25,16.6,1158.45,On-time,False
SH006252,W01,ST16,CR01,2024-08-25,2024-08-26,2024-08-26,34.4,1933.65,On-time,False
SH006253,W01,ST16,CR02,2024-08-26,2024-08-27,2024-08-27,29.9,1805.54,Lost,False
SH006254,W01,ST16,CR04,2024-08-27,2024-08-28,2024-08-29,25.6,1416.5,Delayed,False
SH006255,W02,ST16,CR03,2024-08-28,2024-08-30,2024-09-01,221.4,11675.06,Delayed,False
SH006256,W01,ST16,CR02,2024-08-29,2024-08-30,2024-08-31,27.7,1143.18,Delayed,False
SH006257,W01,ST16,CR01,2024-08-30,2024-08-31,2024-09-03,29.6,1889.58,Delayed,False
SH006258,W01,ST16,CR05,2024-08-31,2024-09-01,2024-09-01,31.1,1874.93,On-time,False
SH006259,W01,ST16,CR05,2024-09-01,2024-09-02,2024-09-03,16.8,1263.45,Delayed,False
SH006260,W03,ST16,CR04,2024-09-02,2024-09-04,2024-09-04,210.3,,On-time,False
SH006261,W01,ST16,CR01,2024-09-03,2024-09-04,2024-09-04,17.5,1691.74,On-time,False
SH006262,W01,ST16,CR01,2024-09-04,2024-09-05,2024-09-05,8.0,751.27,On-time,False
SH006263,W01,ST16,CR02,2024-09-05,2024-09-06,2024-09-08,33.8,1794.87,Delayed,False
SH006264,W01,ST16,CR03,2024-09-06,2024-09-07,2024-09-07,28.4,1800.18,On-time,False
SH006265,W01,ST16,CR01,2024-09-07,2024-09-08,2024-09-08,18.6,1053.4,On-time,False
SH006266,W01,ST16,CR05,2024-09-08,2024-09-09,2024-09-13,18.9,1023.19,Delayed,False
SH006267,W01,ST16,CR04,2024-09-09,2024-09-10,2024-09-10,24.9,1560.03,On-time,False
SH006268,W03,ST16,CR05,2024-09-10,2024-09-12,2024-09-12,210.3,9922.77,On-time,False
SH006269,W01,ST16,CR03,2024-09-11,2024-09-12,2024-09-12,16.0,1367.23,On-time,False
SH006270,W01,ST16,CR02,2024-09-12,2024-09-13,2024-09-14,21.8,1451.6,Delayed,False
SH006271,W03,ST16,CR04,2024-09-13,2024-09-15,2024-09-19,210.3,12690.27,Delayed,False
SH006272,W01,ST16,CR05,2024-09-14,2024-09-15,2024-09-15,11.2,1134.43,On-time,False
SH006273,W01,ST16,CR02,2024-09-15,2024-09-16,2024-09-16,25.8,1682.51,On-time,False
SH006274,W01,ST16,CR01,2024-09-16,2024-09-17,2024-09-17,34.5,2281.23,On-time,False
SH006275,W01,ST16,CR01,2024-09-17,2024-09-18,2024-09-18,27.2,1559.94,Damaged,False
SH006276,W01,ST16,CR03,2024-09-18,2024-09-19,2024-09-19,28.3,1920.16,On-time,False
SH006277,W01,ST16,CR05,2024-09-19,2024-09-20,2024-09-20,14.0,1199.91,On-time,False
SH006278,W01,ST16,CR04,2024-09-20,2024-09-21,2024-09-23,16.7,970.36,Delayed,False
SH006279,W01,ST16,CR03,2024-09-21,2024-09-22,2024-09-22,17.3,1308.1,On-time,False
SH006280,W01,ST16,CR05,2024-09-22,2024-09-23,2024-09-23,33.8,2002.69,On-time,False
SH006281,W01,ST16,CR01,2024-09-23,2024-09-24,2024-09-24,28.5,1485.88,On-time,False
SH006282,W01,ST16,CR03,2024-09-24,2024-09-25,2024-09-25,5.5,897.3,Damaged,False
SH006283,W03,ST16,CR02,2024-09-25,2024-09-27,2024-09-27,210.3,10508.17,On-time,False
SH006284,W01,ST16,CR02,2024-09-26,2024-09-27,2024-09-27,27.8,1779.33,On-time,False
SH006285,W01,ST16,CR04,2024-09-27,2024-09-28,2024-09-28,16.2,1203.51,On-time,False
SH006286,W01,ST16,CR01,2024-09-28,2024-09-29,2024-10-01,25.9,1495.13,Delayed,False
SH006287,W01,ST16,CR02,2024-09-29,2024-09-30,2024-10-02,17.0,879.12,Delayed,False
SH006288,W01,ST16,CR04,2024-09-30,2024-10-01,2024-10-01,8.2,975.59,On-time,False
SH006289,W01,ST16,CR05,2024-10-01,2024-10-02,2024-10-02,33.7,1736.91,Lost,False
SH006290,W01,ST16,CR02,2024-10-02,2024-10-03,2024-10-03,25.8,1494.86,On-time,False
SH006291,W01,ST16,CR03,2024-10-03,2024-10-04,2024-10-04,33.2,2204.68,On-time,False
SH006292,W03,ST16,CR05,2024-10-04,2024-10-06,2024-10-06,210.3,9935.81,On-time,False
SH006293,W01,ST16,CR03,2024-10-05,2024-10-06,2024-10-06,13.9,889.59,On-time,False
SH006294,W01,ST16,CR05,2024-10-06,2024-10-07,2024-10-07,16.0,1054.66,On-time,False
SH006295,W01,ST16,CR01,2024-10-07,2024-10-08,2024-10-08,17.6,1567.99,On-time,False
SH006296,W01,ST16,CR02,2024-10-08,2024-10-09,2024-10-10,33.4,1954.69,Delayed,False
SH006297,W02,ST16,CR02,2024-10-09,2024-10-11,2024-10-14,221.4,7731.42,Delayed,False
SH006298,W01,ST16,CR02,2024-10-10,2024-10-11,2024-10-14,26.6,1410.68,Delayed,False
SH006299,W01,ST16,CR03,2024-10-11,2024-10-12,2024-10-12,20.6,1336.81,On-time,False
SH006300,W01,ST16,CR03,2024-10-12,2024-10-13,2024-10-13,32.4,1576.05,On-time,False
SH006301,W01,ST16,CR05,2024-10-13,2024-10-14,2024-10-14,23.7,1314.35,On-time,False
SH006302,W01,ST16,CR04,2024-10-14,2024-10-15,2024-10-15,17.0,1137.64,On-time,False
SH006303,W01,ST16,CR03,2024-10-15,2024-10-16,2024-10-16,24.4,1816.61,On-time,False
SH006304,W01,ST16,CR02,2024-10-16,2024-10-17,2024-10-18,30.2,1928.29,Delayed,False
SH006305,W01,ST16,CR03,2024-10-17,2024-10-18,2024-10-18,10.4,1084.01,On-time,False
SH006306,W01,ST16,CR02,2024-10-18,2024-10-19,2024-10-19,30.3,2004.17,Damaged,False
SH006307,W01,ST16,CR01,2024-10-19,2024-10-20,2024-10-20,8.4,979.55,On-time,False
SH006308,W01,ST16,CR01,2024-10-20,2024-10-21,2024-10-21,5.6,,On-time,False
SH006309,W01,ST16,CR02,2024-10-21,2024-10-22,2024-10-22,14.4,1405.64,On-time,False
SH006310,W01,ST16,CR03,2024-10-22,2024-10-23,2024-10-23,19.9,1256.86,On-time,False
SH006311,W01,ST16,CR02,2024-10-23,2024-10-24,2024-10-24,13.1,890.96,On-time,False
SH006312,W03,ST16,CR01,2024-10-24,2024-10-26,2024-10-26,210.3,11037.03,On-time,False
SH006313,W01,ST16,CR05,2024-10-25,2024-10-26,2024-10-26,16.5,1074.46,On-time,False
SH006314,W01,ST16,CR04,2024-10-26,2024-10-27,2024-10-27,10.4,981.85,On-time,False
SH006315,W01,ST16,CR05,2024-10-27,2024-10-28,2024-10-28,28.9,1493.97,On-time,False
SH006316,W01,ST16,CR01,2024-10-28,2024-10-29,2024-10-29,13.5,1330.31,On-time,False
SH006317,W01,ST16,CR03,2024-10-29,2024-10-30,2024-10-30,14.1,1170.89,On-time,False
SH006318,W01,ST16,CR02,2024-10-30,2024-10-31,2024-10-31,11.8,1001.09,On-time,False
SH006319,W01,ST16,CR01,2024-10-31,2024-11-01,2024-11-01,19.6,1521.15,On-time,False
SH006320,W01,ST16,CR02,2024-11-01,2024-11-02,2024-11-02,17.9,1728.77,On-time,False
SH006321,W01,ST16,CR03,2024-11-02,2024-11-03,2024-11-03,31.8,1733.5,On-time,False
SH006322,W02,ST16,CR04,2024-11-03,2024-11-05,2024-11-05,221.4,12282.93,On-time,False
SH006323,W01,ST16,CR05,2024-11-04,2024-11-05,2024-11-05,27.4,1249.74,Damaged,False
SH006324,W01,ST16,CR03,2024-11-05,2024-11-06,2024-11-06,27.4,1760.35,On-time,False
SH006325,W01,ST16,CR02,2024-11-06,2024-11-07,2024-11-08,31.5,1920.36,Delayed,False
SH006326,W01,ST16,CR04,2024-11-07,2024-11-08,2024-11-12,14.3,930.63,Delayed,False
SH006327,W01,ST16,CR03,2024-11-08,2024-11-09,2024-11-09,24.5,1756.1,On-time,False
SH006328,W01,ST16,CR05,2024-11-09,2024-11-10,2024-11-10,23.1,1587.07,On-time,False
SH006329,W02,ST99,CR05,2024-11-10,2024-11-12,2024-11-12,221.4,9854.2,On-time,True
SH006330,W01,ST16,CR04,2024-11-11,2024-11-12,2024-11-12,25.1,1611.85,On-time,False
SH006331,W01,ST16,CR03,2024-11-12,2024-11-13,2024-11-13,15.5,1062.78,On-time,False
SH006332,W01,ST16,CR05,2024-11-13,2024-11-14,2024-11-14,29.5,1858.39,On-time,False
SH006333,W01,ST16,CR01,2024-11-14,2024-11-15,2024-11-15,15.2,1104.07,On-time,False
SH006334,W01,ST16,CR05,2024-11-15,2024-11-16,2024-11-16,32.6,1602.68,On-time,False
SH006335,W01,ST16,CR01,2024-11-16,2024-11-17,2024-11-17,8.2,602.14,On-time,False
SH006336,W01,ST16,CR01,2024-11-17,2024-11-18,2024-11-18,28.2,1768.26,On-time,False
SH006337,W01,ST16,CR02,2024-11-18,2024-11-19,2024-11-19,28.0,1414.52,On-time,False
SH006338,W01,ST16,CR05,2024-11-19,2024-11-20,2024-11-20,20.4,1324.27,On-time,False
SH006339,W01,ST16,CR01,2024-11-20,2024-11-21,2024-11-21,33.5,,On-time,False
SH006340,W01,ST16,CR03,2024-11-21,2024-11-22,2024-11-22,17.6,972.54,On-time,False
SH006341,W01,ST16,CR04,2024-11-22,2024-11-23,2024-11-23,31.1,1842.01,On-time,False
SH006342,W01,ST16,CR02,2024-11-23,2024-11-24,2024-11-24,17.3,1811.02,On-time,False
SH006343,W01,ST16,CR03,2024-11-24,2024-11-25,2024-11-25,10.9,1027.97,Damaged,False
SH006344,W01,ST16,CR05,2024-11-25,2024-11-26,2024-11-29,5.5,881.6,Delayed,False
SH006345,W01,ST16,CR01,2024-11-26,2024-11-27,2024-11-27,8.4,702.7,On-time,False
SH006346,W02,ST16,CR04,2024-11-27,2024-11-29,2024-12-03,221.4,12628.85,Delayed,False
SH006347,W01,ST16,CR05,2024-11-28,2024-11-29,2024-11-29,12.8,1249.49,On-time,False
SH006348,W01,ST16,CR01,2024-11-29,2024-11-30,2024-11-30,17.7,1119.88,On-time,False
SH006349,W01,ST16,CR02,2024-11-30,2024-12-01,2024-12-01,18.5,1153.75,On-time,False
SH006350,W01,ST16,CR03,2024-12-01,2024-12-02,2024-12-02,26.0,1764.55,On-time,False
SH006351,W01,ST16,CR02,2024-12-02,2024-12-03,2024-12-03,16.8,1229.22,On-time,False
SH006352,W01,ST16,CR01,2024-12-03,2024-12-04,2024-12-04,15.3,1176.02,On-time,False
SH006353,W03,ST16,CR03,2024-12-04,2024-12-06,2024-12-06,210.3,9118.96,Damaged,False
SH006354,W01,ST16,CR03,2024-12-05,2024-12-06,2024-12-06,11.4,1067.97,On-time,False
SH006355,W01,ST16,CR04,2024-12-06,2024-12-07,2024-12-07,31.3,2088.4,On-time,False
SH006356,W01,ST16,CR01,2024-12-07,2024-12-08,2024-12-08,16.6,1164.71,On-time,False
SH006357,W02,ST16,CR03,2024-12-08,2024-12-10,2024-12-10,221.4,8704.65,On-time,False
SH006358,W01,ST16,CR04,2024-12-09,2024-12-10,2024-12-12,14.7,1293.28,Delayed,False
SH006359,W01,ST16,CR05,2024-12-10,2024-12-11,2024-12-11,13.3,907.75,On-time,False
SH006360,W01,ST16,CR03,2024-12-11,2024-12-12,2024-12-12,24.9,1230.7,On-time,False
SH006361,W01,ST16,CR05,2024-12-12,2024-12-13,2024-12-13,18.0,1017.21,On-time,False
SH006362,W01,ST16,CR01,2024-12-13,2024-12-14,2024-12-14,27.9,2035.58,On-time,False
SH006363,W01,ST16,CR03,2024-12-14,2024-12-15,2024-12-15,19.8,1938.12,On-time,False
SH006364,W01,ST16,CR01,2024-12-15,2024-12-16,2024-12-19,20.9,1537.28,Delayed,False
SH006365,W01,ST16,CR01,2024-12-16,2024-12-17,2024-12-17,13.1,939.9,On-time,False
SH006366,W01,ST16,CR03,2024-12-17,2024-12-18,2024-12-18,24.6,1793.0,On-time,False
SH006367,W01,ST16,CR01,2024-12-18,2024-12-19,2024-12-19,9.9,873.7,On-time,False
SH006368,W01,ST16,CR01,2024-12-19,2024-12-20,2024-12-20,10.6,,On-time,False
SH006369,W01,ST16,CR02,2024-12-20,2024-12-21,2024-12-21,10.6,779.95,On-time,False
SH006370,W01,ST16,CR04,2024-12-21,2024-12-22,2024-12-22,23.5,1218.69,On-time,False
SH006371,W02,ST16,CR03,2024-12-22,2024-12-24,2024-12-24,221.4,10962.58,Damaged,False
SH006372,W01,ST16,CR03,2024-12-23,2024-12-24,2024-12-24,9.2,1079.86,On-time,False
SH006373,W01,ST16,CR02,2024-12-24,2024-12-25,2024-12-25,28.0,1900.65,On-time,False
SH006374,W01,ST16,CR04,2024-12-25,2024-12-26,2024-12-29,8.7,519.52,Delayed,False
SH006375,W01,ST16,CR05,2024-12-26,2024-12-27,2024-12-27,10.2,940.71,On-time,False
SH006376,W01,ST16,CR03,2024-12-27,2024-12-28,2024-12-28,32.8,1698.81,On-time,False
SH006377,W01,ST16,CR05,2024-12-28,2024-12-29,2024-12-29,8.1,668.14,On-time,False
SH006378,W01,ST16,CR03,2024-12-29,2024-12-30,2024-12-30,24.1,1660.55,On-time,False
SH006379,W01,ST16,CR03,2024-12-30,2024-12-31,2024-12-31,23.1,1631.92,Damaged,False
SH006380,W01,ST16,CR02,2024-12-31,2025-01-01,2025-01-01,19.6,1211.63,On-time,False
SH006381,W01,ST16,CR03,2025-01-01,2025-01-02,2025-01-02,28.5,2085.19,On-time,False
SH006382,W01,ST16,CR04,2025-01-02,2025-01-03,2025-01-03,14.2,1013.8,On-time,False
SH006383,W01,ST16,CR05,2025-01-03,2025-01-04,2025-01-04,7.8,1033.95,On-time,False
SH006384,W01,ST16,CR03,2025-01-04,2025-01-05,2025-01-05,30.6,,On-time,False
SH006385,W01,ST16,CR01,2025-01-05,2025-01-06,2025-01-06,25.9,1401.82,On-time,False
SH006386,W01,ST16,CR02,2025-01-06,2025-01-07,2025-01-07,14.3,1412.79,Lost,False
SH006387,W01,ST16,CR01,2025-01-07,2025-01-08,2025-01-08,12.6,862.97,On-time,False
SH006388,W01,ST16,CR05,2025-01-08,2025-01-09,2025-01-09,25.7,1438.54,On-time,False
SH006389,W03,ST16,CR05,2025-01-09,2025-01-11,2025-01-11,210.3,8999.86,On-time,False
SH006390,W01,ST16,CR03,2025-01-10,2025-01-11,2025-01-11,31.9,1739.99,On-time,False
SH006391,W01,ST16,CR05,2025-01-11,2025-01-12,2025-01-12,26.2,1610.14,On-time,False
SH006392,W01,ST16,CR05,2025-01-12,2025-01-13,2025-01-13,16.2,1015.42,On-time,False
SH006393,W01,ST16,CR03,2025-01-13,2025-01-14,2025-01-14,17.5,1425.3,On-time,False
SH006394,W01,ST16,CR04,2025-01-14,2025-01-15,2025-01-15,5.4,762.6,On-time,False
SH006395,W01,ST16,CR03,2025-01-15,2025-01-16,2025-01-16,15.2,1162.53,On-time,False
SH006396,W01,ST16,CR01,2025-01-16,2025-01-17,2025-01-17,9.3,,On-time,False
SH006397,W01,ST16,CR01,2025-01-17,2025-01-18,2025-01-18,16.5,1152.13,On-time,False
SH006398,W01,ST16,CR01,2025-01-18,2025-01-19,2025-01-19,16.7,1105.05,On-time,False
SH006399,W01,ST16,CR02,2025-01-19,2025-01-20,2025-01-20,24.8,1707.41,On-time,False
SH006400,W01,ST16,CR02,2025-01-20,2025-01-21,2025-01-21,31.8,1538.13,On-time,False
SH006401,W03,ST16,CR05,2025-01-21,2025-01-23,2025-01-23,210.3,10341.21,On-time,False
SH006402,W03,ST16,CR01,2025-01-22,2025-01-24,2025-01-24,210.3,10425.8,On-time,False
SH006403,W01,ST16,CR04,2025-01-23,2025-01-24,2025-01-24,19.0,1226.88,On-time,False
SH006404,W01,ST16,CR05,2025-01-24,2025-01-25,2025-01-25,15.6,1005.41,On-time,False
SH006405,W03,ST16,CR02,2025-01-25,2025-01-27,2025-01-27,210.3,9373.77,On-time,False
SH006406,W01,ST16,CR05,2025-01-26,2025-01-27,2025-01-27,20.6,1162.84,Damaged,False
SH006407,W01,ST16,CR02,2025-01-27,2025-01-28,2025-01-28,23.5,1353.05,On-time,False
SH006408,W01,ST16,CR02,2025-01-28,2025-01-29,2025-01-29,31.8,1612.61,On-time,False
SH006409,W02,ST16,CR01,2025-01-29,2025-01-31,2025-02-04,221.4,12495.28,Delayed,False
SH006410,W01,ST16,CR01,2025-01-30,2025-01-31,2025-01-31,31.4,2153.93,On-time,False
SH006411,W01,ST16,CR05,2025-01-31,2025-02-01,2025-02-01,8.1,835.45,On-time,False
SH006412,W01,ST16,CR02,2025-02-01,2025-02-02,2025-02-02,28.5,1945.43,On-time,False
SH006413,W01,ST16,CR04,2025-02-02,2025-02-03,2025-02-03,10.1,1012.52,On-time,False
SH006414,W01,ST16,CR03,2025-02-03,2025-02-04,2025-02-04,15.4,1159.73,On-time,False
SH006415,W01,ST16,CR01,2025-02-04,2025-02-05,2025-02-05,24.4,1252.04,On-time,False
SH006416,W01,ST16,CR02,2025-02-05,2025-02-06,2025-02-06,16.2,1062.95,On-time,False
SH006417,W01,ST16,CR05,2025-02-06,2025-02-07,2025-02-07,13.7,1080.63,On-time,False
SH006418,W01,ST16,CR01,2025-02-07,2025-02-08,2025-02-08,34.6,1612.87,On-time,False
SH006419,W01,ST16,CR05,2025-02-08,2025-02-09,2025-02-09,25.0,1798.2,On-time,False
SH006420,W01,ST16,CR01,2025-02-09,2025-02-10,2025-02-10,17.6,1185.11,On-time,False
SH006421,W01,ST16,CR02,2025-02-10,2025-02-11,2025-02-11,22.9,1651.88,On-time,False
SH006422,W01,ST16,CR04,2025-02-11,2025-02-12,2025-02-12,31.7,2307.96,On-time,False
SH006423,W01,ST16,CR03,2025-02-12,2025-02-13,2025-02-13,21.4,1422.58,On-time,False
SH006424,W01,ST16,CR01,2025-02-13,2025-02-14,2025-02-15,23.1,1573.28,Delayed,False
SH006425,W01,ST16,CR01,2025-02-14,2025-02-15,2025-02-19,25.9,1512.35,Delayed,False
SH006426,W01,ST16,CR01,2025-02-15,2025-02-16,2025-02-16,15.2,923.15,On-time,False
SH006427,W01,ST16,CR05,2025-02-16,2025-02-17,2025-02-17,19.1,1755.44,On-time,False
SH006428,W01,ST16,CR02,2025-02-17,2025-02-18,2025-02-21,20.1,1889.6,Delayed,False
SH006429,W01,ST16,CR03,2025-02-18,2025-02-19,2025-02-19,9.1,978.92,On-time,False
SH006430,W01,ST16,CR01,2025-02-19,2025-02-20,2025-02-24,28.9,,Delayed,False
SH006431,W01,ST16,CR03,2025-02-20,2025-02-21,2025-02-21,22.0,1346.14,On-time,False
SH006432,W01,ST16,CR03,2025-02-21,2025-02-22,2025-02-22,25.3,1860.46,On-time,False
SH006433,W01,ST16,CR04,2025-02-22,2025-02-23,2025-02-23,11.4,1061.13,On-time,False
SH006434,W01,ST16,CR04,2025-02-23,2025-02-24,2025-02-24,18.0,1011.61,On-time,False
SH006435,W01,ST16,CR01,2025-02-24,2025-02-25,2025-02-28,33.4,2345.65,Delayed,False
SH006436,W01,ST16,CR04,2025-02-25,2025-02-26,2025-02-28,22.7,1591.6,Delayed,False
SH006437,W02,ST16,CR01,2025-02-26,2025-02-28,2025-02-28,221.4,9010.64,On-time,False
SH006438,W03,ST16,CR05,2025-02-27,2025-03-01,2025-03-01,210.3,9677.67,On-time,False
SH006439,W01,ST16,CR03,2025-02-28,2025-03-01,2025-03-01,30.0,1929.46,On-time,False
SH006440,W01,ST16,CR03,2025-03-01,2025-03-02,2025-03-02,31.1,1897.42,On-time,False
SH006441,W01,ST16,CR03,2025-03-02,2025-03-03,2025-03-03,21.8,2137.36,On-time,False
SH006442,W01,ST16,CR01,2025-03-03,2025-03-04,2025-03-04,17.2,942.08,On-time,False
SH006443,W01,ST16,CR01,2025-03-04,2025-03-05,2025-03-05,26.1,1396.07,On-time,False
SH006444,W01,ST16,CR02,2025-03-05,2025-03-06,2025-03-06,7.3,1015.87,On-time,False
SH006445,W01,ST16,CR02,2025-03-06,2025-03-07,2025-03-09,31.9,1563.55,Delayed,False
SH006446,W01,ST16,CR05,2025-03-07,2025-03-08,2025-03-08,10.0,1038.34,On-time,False
SH006447,W01,ST16,CR05,2025-03-08,2025-03-09,2025-03-09,26.2,,On-time,False
SH006448,W01,ST16,CR02,2025-03-09,2025-03-10,2025-03-10,32.7,1525.23,Damaged,False
SH006449,W01,ST16,CR04,2025-03-10,2025-03-11,2025-03-11,22.3,1566.05,On-time,False
SH006450,W01,ST16,CR03,2025-03-11,2025-03-12,2025-03-12,30.1,1552.1,On-time,False
SH006451,W01,ST16,CR02,2025-03-12,2025-03-13,2025-03-16,17.3,1995.22,Delayed,False
SH006452,W01,ST16,CR05,2025-03-13,2025-03-14,2025-03-14,13.5,1068.02,On-time,False
SH006453,W01,ST16,CR02,2025-03-14,2025-03-15,2025-03-15,21.2,1253.47,On-time,False
SH006454,W01,ST16,CR03,2025-03-15,2025-03-16,2025-03-16,34.5,2347.39,On-time,False
SH006455,W01,ST16,CR01,2025-03-16,2025-03-17,2025-03-17,14.8,1039.02,On-time,False
SH006456,W01,ST16,CR01,2025-03-17,2025-03-18,2025-03-18,14.3,974.56,On-time,False
SH006457,W01,ST16,CR03,2025-03-18,2025-03-19,2025-03-19,23.7,1585.51,On-time,False
SH006458,W01,ST16,CR02,2025-03-19,2025-03-20,2025-03-20,24.9,1305.26,On-time,False
SH006459,W01,ST16,CR01,2025-03-20,2025-03-21,2025-03-21,11.6,697.38,On-time,False
SH006460,W01,ST16,CR03,2025-03-21,2025-03-22,2025-03-22,31.8,1584.01,On-time,False
SH006461,W02,ST16,CR02,2025-03-22,2025-03-24,2025-03-24,221.4,11584.97,On-time,False
SH006462,W01,ST16,CR01,2025-03-23,2025-03-24,2025-03-24,26.6,1632.64,On-time,False
SH006463,W01,ST16,CR05,2025-03-24,2025-03-25,2025-03-25,22.7,1169.81,On-time,False
SH006464,W01,ST16,CR03,2025-03-25,2025-03-26,2025-03-26,21.4,1471.0,On-time,False
SH006465,W01,ST16,CR02,2025-03-26,2025-03-27,2025-03-27,17.9,1059.24,On-time,False
SH006466,W01,ST16,CR05,2025-03-27,2025-03-28,2025-03-28,23.1,1297.09,On-time,False
SH006467,W01,ST16,CR02,2025-03-28,2025-03-29,2025-03-29,30.7,1806.24,On-time,False
SH006468,W01,ST16,CR01,2025-03-29,2025-03-30,2025-03-30,33.3,2004.28,On-time,False
SH006469,W03,ST16,CR05,2025-03-30,2025-04-01,2025-04-01,210.3,9669.37,On-time,False
SH006470,W01,ST16,CR02,2025-03-31,2025-04-01,2025-04-01,13.7,915.89,On-time,False
SH006471,W01,ST16,CR02,2025-04-01,2025-04-02,2025-04-02,13.3,1299.78,On-time,False
SH006472,W01,ST16,CR05,2025-04-02,2025-04-03,2025-04-04,9.8,929.68,Delayed,False
SH006473,W01,ST16,CR03,2025-04-03,2025-04-04,2025-04-04,14.7,1134.63,On-time,False
SH006474,W01,ST16,CR02,2025-04-04,2025-04-05,2025-04-09,15.2,1035.58,Delayed,False
SH006475,W01,ST16,CR01,2025-04-05,2025-04-06,2025-04-08,34.3,2063.7,Delayed,False
SH006476,W03,ST16,CR05,2025-04-06,2025-04-08,2025-04-08,210.3,9948.0,On-time,False
SH006477,W01,ST16,CR01,2025-04-07,2025-04-08,2025-04-08,25.0,1461.29,Damaged,False
SH006478,W01,ST16,CR02,2025-04-08,2025-04-09,2025-04-09,11.0,845.14,On-time,False
SH006479,W01,ST16,CR01,2025-04-09,2025-04-10,2025-04-10,25.6,1671.06,On-time,False
SH006480,W01,ST16,CR01,2025-04-10,2025-04-11,2025-04-13,12.2,1692.41,Delayed,False
SH006481,W01,ST16,CR03,2025-04-11,2025-04-12,2025-04-12,32.4,1552.85,On-time,False
SH006482,W01,ST16,CR04,2025-04-12,2025-04-13,2025-04-13,31.1,1536.19,On-time,False
SH006483,W01,ST16,CR02,2025-04-13,2025-04-14,2025-04-14,8.3,670.57,On-time,False
SH006484,W01,ST16,CR01,2025-04-14,2025-04-15,2025-04-15,10.7,1038.93,On-time,False
SH006485,W01,ST16,CR04,2025-04-15,2025-04-16,2025-04-17,9.2,769.72,Delayed,False
SH006486,W01,ST16,CR03,2025-04-16,2025-04-17,2025-04-17,16.7,1520.79,On-time,False
SH006487,W01,ST16,CR04,2025-04-17,2025-04-18,2025-04-21,24.3,1488.31,Delayed,False
SH006488,W01,ST16,CR04,2025-04-18,2025-04-19,2025-04-19,12.4,,On-time,False
SH006489,W01,ST16,CR03,2025-04-19,2025-04-20,2025-04-20,12.4,1018.98,On-time,False
SH006490,W01,ST16,CR05,2025-04-20,2025-04-21,2025-04-21,24.7,1914.41,On-time,False
SH006491,W01,ST16,CR02,2025-04-21,2025-04-22,2025-04-22,16.6,1125.19,On-time,False
SH006492,W01,ST16,CR03,2025-04-22,2025-04-23,2025-04-24,8.1,832.15,Delayed,False
SH006493,W01,ST16,CR05,2025-04-23,2025-04-24,2025-04-27,11.7,791.3,Delayed,False
SH006494,W01,ST16,CR01,2025-04-24,2025-04-25,2025-04-25,30.1,1860.04,On-time,False
SH006495,W01,ST16,CR01,2025-04-25,2025-04-26,2025-04-26,30.9,2147.88,On-time,False
SH006496,W01,ST16,CR02,2025-04-26,2025-04-27,2025-04-27,25.6,1822.36,On-time,False
SH006497,W01,ST16,CR03,2025-04-27,2025-04-28,2025-04-28,14.7,959.18,On-time,False
SH006498,W01,ST16,CR01,2025-04-28,2025-04-29,2025-04-29,32.5,2311.41,On-time,False
SH006499,W01,ST16,CR01,2025-04-29,2025-04-30,2025-04-30,32.6,1900.84,On-time,False
SH006500,W01,ST16,CR03,2025-04-30,2025-05-01,2025-05-01,26.5,1663.92,On-time,False
SH006501,W01,ST16,CR04,2025-05-01,2025-05-02,2025-05-02,6.4,760.96,On-time,False
SH006502,W01,ST16,CR02,2025-05-02,2025-05-03,2025-05-06,23.9,1257.93,Delayed,False
SH006503,W01,ST16,CR01,2025-05-03,2025-05-04,2025-05-04,31.8,2067.03,On-time,False
SH006504,W01,ST16,CR05,2025-05-04,2025-05-05,2025-05-05,26.2,1802.18,Lost,False
SH006505,W01,ST16,CR01,2025-05-05,2025-05-06,2025-05-06,8.5,568.25,On-time,False
SH006506,W01,ST16,CR05,2025-05-06,2025-05-07,2025-05-09,18.3,1162.64,Delayed,False
SH006507,W01,ST16,CR02,2025-05-07,2025-05-08,2025-05-08,13.4,1268.59,On-time,False
SH006508,W01,ST16,CR03,2025-05-08,2025-05-09,2025-05-09,34.7,2091.97,On-time,False
SH006509,W01,ST16,CR05,2025-05-09,2025-05-10,2025-05-10,33.9,1925.41,On-time,False
SH006510,W01,ST16,CR01,2025-05-10,2025-05-11,2025-05-11,29.3,1654.59,On-time,False
SH006511,W01,ST16,CR05,2025-05-11,2025-05-12,2025-05-12,15.4,859.48,On-time,False
SH006512,W01,ST16,CR04,2025-05-12,2025-05-13,2025-05-17,10.4,1183.38,Delayed,False
SH006513,W01,ST16,CR01,2025-05-13,2025-05-14,2025-05-14,16.7,1502.29,Lost,False
SH006514,W01,ST16,CR05,2025-05-14,2025-05-15,2025-05-15,10.1,702.22,On-time,False
SH006515,W01,ST16,CR01,2025-05-15,2025-05-16,2025-05-16,15.4,1013.73,On-time,False
SH006516,W01,ST16,CR05,2025-05-16,2025-05-17,2025-05-17,11.0,967.79,On-time,False
SH006517,W01,ST16,CR01,2025-05-17,2025-05-18,2025-05-18,16.5,1293.47,On-time,False
SH006518,W02,ST16,CR02,2025-05-18,2025-05-20,2025-05-21,221.4,9148.11,Delayed,False
SH006519,W01,ST16,CR03,2025-05-19,2025-05-20,2025-05-21,27.7,1651.64,Delayed,False
SH006520,W01,ST16,CR05,2025-05-20,2025-05-21,2025-05-21,23.7,1511.24,On-time,False
SH006521,W01,ST16,CR02,2025-05-21,2025-05-22,2025-05-22,12.9,939.47,On-time,False
SH006522,W01,ST16,CR03,2025-05-22,2025-05-23,2025-05-23,23.2,1661.23,On-time,False
SH006523,W01,ST16,CR02,2025-05-23,2025-05-24,2025-05-24,34.3,2068.14,On-time,False
SH006524,W01,ST16,CR04,2025-05-24,2025-05-25,2025-05-25,16.0,1788.36,On-time,False
SH006525,W01,ST16,CR01,2025-05-25,2025-05-26,2025-05-26,19.9,1363.55,On-time,False
SH006526,W01,ST16,CR02,2025-05-26,2025-05-27,2025-05-30,21.9,1100.6,Delayed,False
SH006527,W01,ST16,CR03,2025-05-27,2025-05-28,2025-05-28,20.3,1544.32,On-time,False
SH006528,W01,ST16,CR01,2025-05-28,2025-05-29,2025-05-29,20.7,1212.4,On-time,False
SH006529,W01,ST16,CR05,2025-05-29,2025-05-30,2025-05-30,21.3,2236.11,Damaged,False
SH006530,W01,ST16,CR03,2025-05-30,2025-05-31,2025-05-31,10.9,1060.95,On-time,False
SH006531,W01,ST16,CR01,2025-05-31,2025-06-01,2025-06-01,8.8,814.2,On-time,False
SH006532,W01,ST16,CR04,2025-06-01,2025-06-02,2025-06-06,27.8,1497.13,Delayed,False
SH006533,W03,ST16,CR05,2025-06-02,2025-06-04,2025-06-06,210.3,12346.85,Damaged,False
SH006534,W01,ST16,CR01,2025-06-03,2025-06-04,2025-06-04,21.0,1276.2,On-time,False
SH006535,W01,ST16,CR03,2025-06-04,2025-06-05,2025-06-05,17.2,1487.3,On-time,False
SH006536,W01,ST16,CR05,2025-06-05,2025-06-06,2025-06-06,25.6,1618.67,On-time,False
SH006537,W01,ST16,CR03,2025-06-06,2025-06-07,2025-06-07,19.7,1244.61,On-time,False
SH006538,W01,ST16,CR02,2025-06-07,2025-06-08,2025-06-10,13.3,,Delayed,False
SH006539,W01,ST16,CR02,2025-06-08,2025-06-09,2025-06-09,21.9,1358.71,On-time,False
SH006540,W01,ST16,CR01,2025-06-09,2025-06-10,2025-06-10,14.6,760.63,On-time,False
SH006541,W01,ST16,CR01,2025-06-10,2025-06-11,2025-06-11,27.4,1717.07,On-time,False
SH006542,W01,ST16,CR02,2025-06-11,2025-06-12,2025-06-13,12.8,683.37,Delayed,False
SH006543,W01,ST16,CR03,2025-06-12,2025-06-13,2025-06-17,28.2,,Delayed,False
SH006544,W01,ST16,CR04,2025-06-13,2025-06-14,2025-06-14,14.8,1599.25,On-time,False
SH006545,W01,ST16,CR05,2025-06-14,2025-06-15,2025-06-15,19.4,1223.3,On-time,False
SH006546,W01,ST16,CR04,2025-06-15,2025-06-16,2025-06-19,9.1,1014.49,Delayed,False
SH006547,W01,ST16,CR05,2025-06-16,2025-06-17,2025-06-17,18.2,1090.63,On-time,False
SH006548,W01,ST16,CR01,2025-06-17,2025-06-18,2025-06-18,8.4,770.33,On-time,False
SH006549,W01,ST16,CR02,2025-06-18,2025-06-19,2025-06-19,18.4,1357.32,On-time,False
SH006550,W03,ST99,CR03,2025-06-19,2025-06-21,2025-06-21,130.7,11442.64,On-time,True
SH006551,W01,ST16,CR04,2025-06-20,2025-06-21,2025-06-21,14.4,794.82,On-time,False
SH006552,W01,ST16,CR03,2025-06-21,2025-06-22,2025-06-22,14.3,1426.01,On-time,False
SH006553,W01,ST16,CR03,2025-06-22,2025-06-23,2025-06-23,16.7,1895.29,Lost,False
SH006554,W01,ST16,CR03,2025-06-23,2025-06-24,2025-06-26,8.0,798.33,Delayed,False
SH006555,W01,ST16,CR03,2025-06-24,2025-06-25,2025-06-25,24.5,1228.15,On-time,False
SH006556,W01,ST16,CR05,2025-06-25,2025-06-26,2025-06-26,26.1,1665.7,On-time,False
SH006557,W01,ST16,CR03,2025-06-26,2025-06-27,2025-06-27,23.3,1838.1,On-time,False
SH006558,W01,ST16,CR01,2025-06-27,2025-06-28,2025-06-28,24.7,1616.68,On-time,False
SH006559,W01,ST16,CR01,2025-06-28,2025-06-29,2025-06-29,34.4,1891.48,On-time,False
SH006560,W01,ST16,CR03,2025-06-29,2025-06-30,2025-06-30,30.7,2247.77,On-time,False
SH006561,W01,ST16,CR03,2025-06-30,2025-07-01,2025-07-01,34.1,1796.62,On-time,False
SH006562,W01,ST16,CR05,2025-07-01,2025-07-02,2025-07-02,21.1,1799.99,On-time,False
SH006563,W01,ST16,CR05,2025-07-02,2025-07-03,2025-07-03,22.5,1274.08,On-time,False
SH006564,W01,ST16,CR03,2025-07-03,2025-07-04,2025-07-04,19.5,1332.96,On-time,False
SH006565,W01,ST16,CR05,2025-07-04,2025-07-05,2025-07-05,25.6,1829.22,On-time,False
SH006566,W01,ST16,CR02,2025-07-05,2025-07-06,2025-07-06,30.4,1748.95,On-time,False
SH006567,W01,ST16,CR05,2025-07-06,2025-07-07,2025-07-07,16.4,1863.43,On-time,False
SH006568,W01,ST16,CR01,2025-07-07,2025-07-08,2025-07-10,28.7,,Delayed,False
SH006569,W01,ST16,CR03,2025-07-08,2025-07-09,2025-07-11,19.8,1302.9,Delayed,False
SH006570,W01,ST16,CR02,2025-07-09,2025-07-10,2025-07-14,20.6,1463.81,Delayed,False
SH006571,W01,ST16,CR05,2025-07-10,2025-07-11,2025-07-11,15.0,1117.85,On-time,False
SH006572,W03,ST16,CR05,2025-07-11,2025-07-13,2025-07-13,210.3,10449.81,On-time,False
SH006573,W01,ST16,CR05,2025-07-12,2025-07-13,2025-07-13,33.1,1987.3,On-time,False
SH006574,W01,ST16,CR05,2025-07-13,2025-07-14,2025-07-16,5.2,964.26,Delayed,False
SH006575,W01,ST16,CR02,2025-07-14,2025-07-15,2025-07-15,7.2,1212.26,On-time,False
SH006576,W01,ST16,CR05,2025-07-15,2025-07-16,2025-07-20,17.4,1939.92,Delayed,False
SH006577,W01,ST16,CR03,2025-07-16,2025-07-17,2025-07-19,23.2,1764.77,Delayed,False
SH006578,W01,ST16,CR02,2025-07-17,2025-07-18,2025-07-18,27.2,1337.92,On-time,False
SH006579,W01,ST16,CR03,2025-07-18,2025-07-19,2025-07-19,22.7,1517.39,On-time,False
SH006580,W03,ST16,CR01,2025-07-19,2025-07-21,2025-07-25,210.3,8488.62,Delayed,False
SH006581,W01,ST16,CR02,2025-07-20,2025-07-21,2025-07-21,10.3,1010.62,On-time,False
SH006582,W02,ST16,CR03,2025-07-21,2025-07-23,2025-07-23,221.4,13581.4,On-time,False
SH006583,W01,ST16,CR01,2025-07-22,2025-07-23,2025-07-24,24.4,1466.89,Delayed,False
SH006584,W01,ST16,CR02,2025-07-23,2025-07-24,2025-07-24,33.9,1918.75,On-time,False
SH006585,W01,ST16,CR04,2025-07-24,2025-07-25,2025-07-25,29.9,2205.82,On-time,False
SH006586,W01,ST16,CR02,2025-07-25,2025-07-26,2025-07-26,15.0,1051.93,On-time,False
SH006587,W01,ST16,CR03,2025-07-26,2025-07-27,2025-07-27,17.4,1243.74,On-time,False
SH006588,W01,ST16,CR03,2025-07-27,2025-07-28,2025-08-01,29.4,1486.17,Delayed,False
SH006589,W01,ST16,CR04,2025-07-28,2025-07-29,2025-07-29,34.4,1942.7,On-time,False
SH006590,W01,ST16,CR01,2025-07-29,2025-07-30,2025-07-30,32.6,2339.59,On-time,False
SH006591,W01,ST16,CR01,2025-07-30,2025-07-31,2025-07-31,30.1,2078.56,Lost,False
SH006592,W01,ST16,CR03,2025-07-31,2025-08-01,2025-08-01,13.9,975.27,On-time,False
SH006593,W01,ST16,CR01,2025-08-01,2025-08-02,2025-08-02,25.3,1541.13,On-time,False
SH006594,W01,ST16,CR05,2025-08-02,2025-08-03,2025-08-03,27.5,1604.45,On-time,False
SH006595,W01,ST16,CR02,2025-08-03,2025-08-04,2025-08-04,11.7,1002.14,On-time,False
SH006596,W01,ST16,CR03,2025-08-04,2025-08-05,2025-08-05,19.8,1245.57,On-time,False
SH006597,W01,ST16,CR01,2025-08-05,2025-08-06,2025-08-06,34.8,1806.28,On-time,False
SH006598,W03,ST16,CR05,2025-08-06,2025-08-08,2025-08-08,210.3,11412.51,On-time,False
SH006599,W01,ST16,CR05,2025-08-07,2025-08-08,2025-08-12,18.1,1067.55,Delayed,False
SH006600,W01,ST16,CR02,2025-08-08,2025-08-09,2025-08-09,11.6,904.09,On-time,False
SH006601,W01,ST16,CR04,2025-08-09,2025-08-10,2025-08-13,33.1,2001.62,Delayed,False
SH006602,W01,ST16,CR01,2025-08-10,2025-08-11,2025-08-11,18.2,1450.22,On-time,False
SH006603,W01,ST16,CR02,2025-08-11,2025-08-12,2025-08-12,32.3,2025.42,On-time,False
SH006604,W01,ST16,CR02,2025-08-12,2025-08-13,2025-08-13,31.7,1896.82,On-time,False
SH006605,W01,ST16,CR02,2025-08-13,2025-08-14,2025-08-14,11.9,894.84,On-time,False
SH006606,W01,ST16,CR02,2025-08-14,2025-08-15,2025-08-15,16.2,1476.44,On-time,False
SH006607,W01,ST16,CR03,2025-08-15,2025-08-16,2025-08-16,8.6,877.04,On-time,False
SH006608,W01,ST16,CR01,2025-08-16,2025-08-17,2025-08-21,19.9,1438.05,Delayed,False
SH006609,W01,ST16,CR01,2025-08-17,2025-08-18,2025-08-21,9.2,602.7,Delayed,False
SH006610,W01,ST16,CR04,2025-08-18,2025-08-19,2025-08-19,22.5,1621.16,On-time,False
SH006611,W01,ST16,CR04,2025-08-19,2025-08-20,2025-08-22,35.0,2129.55,Delayed,False
SH006612,W01,ST16,CR03,2025-08-20,2025-08-21,2025-08-21,7.6,846.63,On-time,False
SH006613,W01,ST16,CR04,2025-08-21,2025-08-22,2025-08-22,17.3,1339.31,On-time,False
SH006614,W01,ST16,CR01,2025-08-22,2025-08-23,2025-08-26,31.5,1837.61,Delayed,False
SH006615,W01,ST16,CR02,2025-08-23,2025-08-24,2025-08-24,25.6,2043.27,On-time,False
SH006616,W01,ST16,CR05,2025-08-24,2025-08-25,2025-08-25,20.0,1381.38,On-time,False
SH006617,W01,ST16,CR01,2025-08-25,2025-08-26,2025-08-26,18.8,1310.85,On-time,False
SH006618,W01,ST16,CR03,2025-08-26,2025-08-27,2025-08-27,27.9,1716.77,On-time,False
SH006619,W01,ST16,CR01,2025-08-27,2025-08-28,2025-08-28,21.3,1709.55,On-time,False
SH006620,W01,ST16,CR02,2025-08-28,2025-08-29,2025-08-29,11.9,970.71,On-time,False
SH006621,W01,ST16,CR05,2025-08-29,2025-08-30,2025-08-31,9.3,1302.91,Delayed,False
SH006622,W01,ST16,CR05,2025-08-30,2025-08-31,2025-08-31,16.2,1402.44,On-time,False
SH006623,W01,ST16,CR05,2025-08-31,2025-09-01,2025-09-01,13.0,652.05,On-time,False
SH006624,W01,ST16,CR01,2025-09-01,2025-09-02,2025-09-02,32.2,1703.33,On-time,False
SH006625,W01,ST16,CR01,2025-09-02,2025-09-03,2025-09-03,30.0,1646.78,On-time,False
SH006626,W01,ST16,CR05,2025-09-03,2025-09-04,2025-09-04,15.1,1219.54,On-time,False
SH006627,W01,ST16,CR05,2025-09-04,2025-09-05,2025-09-05,17.0,1570.13,On-time,False
SH006628,W01,ST16,CR01,2025-09-05,2025-09-06,2025-09-06,31.1,1782.95,On-time,False
SH006629,W01,ST16,CR03,2025-09-06,2025-09-07,2025-09-07,22.7,1254.62,On-time,False
SH006630,W01,ST16,CR01,2025-09-07,2025-09-08,2025-09-08,18.2,1120.71,On-time,False
SH006631,W02,ST16,CR01,2025-09-08,2025-09-10,2025-09-12,221.4,8872.06,Delayed,False
SH006632,W01,ST16,CR01,2025-09-09,2025-09-10,2025-09-10,27.4,1511.82,On-time,False
SH006633,W01,ST16,CR05,2025-09-10,2025-09-11,2025-09-11,10.3,1109.36,On-time,False
SH006634,W01,ST16,CR02,2025-09-11,2025-09-12,2025-09-12,32.4,1870.67,On-time,False
SH006635,W02,ST16,CR05,2025-09-12,2025-09-14,2025-09-14,221.4,9892.93,On-time,False
SH006636,W01,ST16,CR03,2025-09-13,2025-09-14,2025-09-14,31.7,,On-time,False
SH006637,W01,ST16,CR01,2025-09-14,2025-09-15,2025-09-15,10.3,919.19,On-time,False
SH006638,W01,ST16,CR02,2025-09-15,2025-09-16,2025-09-16,15.9,1195.49,Damaged,False
SH006639,W01,ST16,CR05,2025-09-16,2025-09-17,2025-09-17,27.4,1368.5,On-time,False
SH006640,W01,ST16,CR03,2025-09-17,2025-09-18,2025-09-20,15.1,1333.01,Delayed,False
SH006641,W01,ST16,CR01,2025-09-18,2025-09-19,2025-09-19,30.6,1958.37,On-time,False
SH006642,W01,ST16,CR05,2025-09-19,2025-09-20,2025-09-20,21.2,1335.6,On-time,False
SH006643,W01,ST16,CR05,2025-09-20,2025-09-21,2025-09-21,11.0,768.36,On-time,False
SH006644,W01,ST16,CR03,2025-09-21,2025-09-22,2025-09-22,30.7,1482.57,On-time,False
SH006645,W01,ST16,CR04,2025-09-22,2025-09-23,2025-09-23,18.9,,On-time,False
SH006646,W01,ST16,CR03,2025-09-23,2025-09-24,2025-09-24,16.2,1104.9,On-time,False
SH006647,W01,ST16,CR05,2025-09-24,2025-09-25,2025-09-25,14.3,1171.16,Damaged,False
SH006648,W01,ST16,CR03,2025-09-25,2025-09-26,2025-09-26,34.7,2228.95,On-time,False
SH006649,W01,ST16,CR03,2025-09-26,2025-09-27,2025-09-27,29.2,1408.26,On-time,False
SH006650,W01,ST16,CR03,2025-09-27,2025-09-28,2025-10-01,16.2,1529.44,Delayed,False
SH006651,W01,ST16,CR02,2025-09-28,2025-09-29,2025-09-30,10.4,924.7,Delayed,False
SH006652,W01,ST16,CR01,2025-09-29,2025-09-30,2025-09-30,5.3,813.32,On-time,False
SH006653,W01,ST16,CR03,2025-09-30,2025-10-01,2025-10-03,29.1,2003.76,Damaged,False
SH006654,W01,ST16,CR05,2025-10-01,2025-10-02,2025-10-02,24.4,1509.64,On-time,False
SH006655,W01,ST16,CR02,2025-10-02,2025-10-03,2025-10-03,17.0,891.64,On-time,False
SH006656,W01,ST16,CR04,2025-10-03,2025-10-04,2025-10-04,10.8,1000.33,On-time,False
SH006657,W01,ST16,CR01,2025-10-04,2025-10-05,2025-10-05,12.2,900.44,On-time,False
SH006658,W01,ST16,CR02,2025-10-05,2025-10-06,2025-10-06,14.3,1402.93,On-time,False
SH006659,W01,ST16,CR01,2025-10-06,2025-10-07,2025-10-07,13.5,1141.43,On-time,False
SH006660,W01,ST16,CR04,2025-10-07,2025-10-08,2025-10-08,10.1,664.85,On-time,False
SH006661,W01,ST16,CR04,2025-10-08,2025-10-09,2025-10-09,33.6,1931.24,On-time,False
SH006662,W01,ST16,CR03,2025-10-09,2025-10-10,2025-10-10,16.8,919.29,On-time,False
SH006663,W01,ST16,CR01,2025-10-10,2025-10-11,2025-10-11,25.3,1815.24,On-time,False
SH006664,W01,ST16,CR04,2025-10-11,2025-10-12,2025-10-16,8.0,924.46,Delayed,False
SH006665,W01,ST16,CR02,2025-10-12,2025-10-13,2025-10-13,10.5,782.23,On-time,False
SH006666,W01,ST16,CR04,2025-10-13,2025-10-14,2025-10-14,8.9,670.89,On-time,False
SH006667,W01,ST16,CR01,2025-10-14,2025-10-15,2025-10-15,12.5,705.8,Damaged,False
SH006668,W01,ST16,CR02,2025-10-15,2025-10-16,2025-10-16,10.2,992.02,On-time,False
SH006669,W03,ST16,CR05,2025-10-16,2025-10-18,2025-10-20,210.3,9952.68,Delayed,False
SH006670,W01,ST16,CR05,2025-10-17,2025-10-18,2025-10-18,24.7,1562.4,On-time,False
SH006671,W01,ST16,CR02,2025-10-18,2025-10-19,2025-10-23,18.1,1120.27,Delayed,False
SH006672,W01,ST16,CR05,2025-10-19,2025-10-20,2025-10-20,11.7,936.36,On-time,False
SH006673,W01,ST16,CR03,2025-10-20,2025-10-21,2025-10-21,14.3,955.91,On-time,False
SH006674,W03,ST16,CR03,2025-10-21,2025-10-23,2025-10-23,210.3,11709.52,On-time,False
SH006675,W01,ST16,CR02,2025-10-22,2025-10-23,2025-10-23,10.3,907.96,On-time,False
SH006676,W01,ST16,CR03,2025-10-23,2025-10-24,2025-10-24,30.1,1744.84,On-time,False
SH006677,W01,ST16,CR01,2025-10-24,2025-10-25,2025-10-25,14.9,1222.09,On-time,False
SH006678,W01,ST16,CR05,2025-10-25,2025-10-26,2025-10-26,14.3,1200.12,On-time,False
SH006679,W01,ST16,CR01,2025-10-26,2025-10-27,2025-10-27,31.5,1918.96,On-time,False
SH006680,W01,ST16,CR04,2025-10-27,2025-10-28,2025-11-01,34.3,2468.12,Delayed,False
SH006681,W01,ST16,CR03,2025-10-28,2025-10-29,2025-10-31,33.3,,Delayed,False
SH006682,W01,ST16,CR05,2025-10-29,2025-10-30,2025-10-30,23.2,1279.58,Lost,False
SH006683,W01,ST16,CR03,2025-10-30,2025-10-31,2025-10-31,9.6,741.41,On-time,False
SH006684,W01,ST16,CR03,2025-10-31,2025-11-01,2025-11-01,23.7,1246.54,On-time,False
SH006685,W02,ST16,CR01,2025-11-01,2025-11-03,2025-11-03,221.4,8211.19,On-time,False
SH006686,W01,ST16,CR05,2025-11-02,2025-11-03,2025-11-03,9.0,909.57,On-time,False
SH006687,W01,ST16,CR05,2025-11-03,2025-11-04,2025-11-04,18.1,1532.68,On-time,False
SH006688,W01,ST16,CR03,2025-11-04,2025-11-05,2025-11-05,19.0,1245.72,On-time,False
SH006689,W01,ST16,CR04,2025-11-05,2025-11-06,2025-11-07,18.3,1249.83,Delayed,False
SH006690,W01,ST16,CR02,2025-11-06,2025-11-07,2025-11-07,15.0,1047.21,On-time,False
SH006691,W01,ST16,CR01,2025-11-07,2025-11-08,2025-11-08,24.8,1847.06,On-time,False
SH006692,W01,ST16,CR04,2025-11-08,2025-11-09,2025-11-09,30.0,1292.09,On-time,False
SH006693,W01,ST16,CR05,2025-11-09,2025-11-10,2025-11-10,8.5,791.15,On-time,False
SH006694,W01,ST16,CR02,2025-11-10,2025-11-11,2025-11-11,16.4,1068.78,On-time,False
SH006695,W01,ST16,CR02,2025-11-11,2025-11-12,2025-11-12,25.4,1608.92,On-time,False
SH006696,W01,ST16,CR02,2025-11-12,2025-11-13,2025-11-14,14.5,1820.09,Delayed,False
SH006697,W02,ST16,CR04,2025-11-13,2025-11-15,2025-11-19,221.4,12481.58,Delayed,False
SH006698,W01,ST16,CR01,2025-11-14,2025-11-15,2025-11-15,23.5,1546.56,On-time,False
SH006699,W01,ST16,CR01,2025-11-15,2025-11-16,2025-11-16,20.6,1532.97,On-time,False
SH006700,W01,ST16,CR03,2025-11-16,2025-11-17,2025-11-17,12.6,891.87,On-time,False
SH006701,W01,ST16,CR03,2025-11-17,2025-11-18,2025-11-18,18.1,1230.78,On-time,False
SH006702,W01,ST16,CR02,2025-11-18,2025-11-19,2025-11-19,17.3,1035.24,On-time,False
SH006703,W01,ST16,CR03,2025-11-19,2025-11-20,2025-11-24,27.5,1345.28,Delayed,False
SH006704,W01,ST16,CR01,2025-11-20,2025-11-21,2025-11-21,10.7,,On-time,False
SH006705,W01,ST16,CR03,2025-11-21,2025-11-22,2025-11-22,25.3,1346.78,On-time,False
SH006706,W01,ST16,CR05,2025-11-22,2025-11-23,2025-11-23,18.6,1300.36,On-time,False
SH006707,W01,ST16,CR03,2025-11-23,2025-11-24,2025-11-24,33.6,1521.79,On-time,False
SH006708,W01,ST16,CR01,2025-11-24,2025-11-25,2025-11-25,7.6,1107.62,On-time,False
SH006709,W01,ST16,CR03,2025-11-25,2025-11-26,2025-11-26,14.4,1276.13,On-time,False
SH006710,W01,ST16,CR04,2025-11-26,2025-11-27,2025-11-27,29.4,2139.9,On-time,False
SH006711,W01,ST16,CR03,2025-11-27,2025-11-28,2025-11-28,19.4,1606.33,On-time,False
SH006712,W01,ST16,CR05,2025-11-28,2025-11-29,2025-11-29,15.9,968.51,On-time,False
SH006713,W01,ST16,CR05,2025-11-29,2025-11-30,2025-11-30,10.6,1059.47,On-time,False
SH006714,W01,ST16,CR01,2025-11-30,2025-12-01,2025-12-01,24.1,1441.73,On-time,False
SH006715,W02,ST16,CR01,2025-12-01,2025-12-03,2025-12-03,221.4,8482.61,On-time,False
SH006716,W01,ST16,CR04,2025-12-02,2025-12-03,2025-12-03,20.5,1402.6,On-time,False
SH006717,W01,ST16,CR02,2025-12-03,2025-12-04,2025-12-04,13.0,891.49,On-time,False
SH006718,W01,ST16,CR05,2025-12-04,2025-12-05,2025-12-05,28.1,1937.78,On-time,False
SH006719,W01,ST16,CR01,2025-12-05,2025-12-06,2025-12-06,14.5,1282.54,On-time,False
SH006720,W01,ST16,CR05,2025-12-06,2025-12-07,2025-12-07,10.9,871.43,On-time,False
SH006721,W01,ST16,CR05,2025-12-07,2025-12-08,2025-12-08,13.5,1093.39,On-time,False
SH006722,W01,ST16,CR04,2025-12-08,2025-12-09,2025-12-09,12.3,854.44,On-time,False
SH006723,W02,ST16,CR03,2025-12-09,2025-12-11,2025-12-15,221.4,12137.37,Delayed,False
SH006724,W01,ST16,CR02,2025-12-10,2025-12-11,2025-12-15,33.2,1740.1,Delayed,False
SH006725,W01,ST16,CR02,2025-12-11,2025-12-12,2025-12-12,27.1,2173.59,On-time,False
SH006726,W01,ST16,CR04,2025-12-12,2025-12-13,2025-12-13,28.3,1710.87,On-time,False
SH006727,W01,ST16,CR02,2025-12-13,2025-12-14,2025-12-14,8.7,747.88,On-time,False
SH006728,W01,ST16,CR03,2025-12-14,2025-12-15,2025-12-15,28.9,1685.0,On-time,False
SH006729,W01,ST16,CR02,2025-12-15,2025-12-16,2025-12-16,34.3,1733.95,On-time,False
SH006730,W01,ST16,CR02,2025-12-16,2025-12-17,2025-12-17,27.7,1656.93,On-time,False
SH006731,W01,ST16,CR01,2025-12-17,2025-12-18,2025-12-18,33.2,2442.29,On-time,False
SH006732,W01,ST16,CR01,2025-12-18,2025-12-19,2025-12-19,25.2,1687.04,On-time,False
SH006733,W01,ST16,CR03,2025-12-19,2025-12-20,2025-12-20,22.3,1487.42,On-time,False
SH006734,W01,ST16,CR01,2025-12-20,2025-12-21,2025-12-21,16.9,1522.42,On-time,False
SH006735,W01,ST16,CR03,2025-12-21,2025-12-22,2025-12-22,29.3,1749.08,On-time,False
SH006736,W01,ST16,CR05,2025-12-22,2025-12-23,2025-12-23,28.0,2089.72,On-time,False
SH006737,W01,ST16,CR03,2025-12-23,2025-12-24,2025-12-24,13.2,839.58,On-time,False
SH006738,W01,ST16,CR02,2025-12-24,2025-12-25,2025-12-26,22.9,1339.85,Delayed,False
SH006739,W01,ST16,CR02,2025-12-25,2025-12-26,2025-12-26,13.0,1196.79,On-time,False
SH006740,W01,ST16,CR02,2025-12-26,2025-12-27,2025-12-27,25.6,1657.43,On-time,False
SH006741,W01,ST16,CR05,2025-12-27,2025-12-28,2025-12-28,27.4,1881.43,On-time,False
SH006742,W01,ST16,CR02,2025-12-28,2025-12-29,2025-12-29,22.4,1376.3,On-time,False
SH006743,W02,ST16,CR01,2025-12-29,2025-12-31,,221.4,11985.31,In-Transit,False
SH006744,W01,ST16,CR02,2025-12-30,2025-12-31,2025-12-31,28.4,1737.46,On-time,False
SH006745,W01,ST16,CR01,2025-12-31,2026-01-01,,34.1,2247.42,In-Transit,False
SH006746,W02,ST17,CR04,2024-01-02,2024-01-04,2024-01-04,282.1,15371.37,On-time,False
SH006747,W02,ST17,CR01,2024-01-03,2024-01-05,2024-01-05,282.1,10362.43,On-time,False
SH006748,W02,ST17,CR05,2024-01-04,2024-01-06,2024-01-07,282.1,12309.9,Delayed,False
SH006749,W02,ST17,CR05,2024-01-05,2024-01-07,2024-01-07,282.1,11985.31,On-time,False
SH006750,W02,ST17,CR01,2024-01-06,2024-01-08,2024-01-08,282.1,13069.0,On-time,False
SH006751,W02,ST17,CR04,2024-01-07,2024-01-09,2024-01-09,282.1,11182.88,On-time,False
SH006752,W02,ST17,CR05,2024-01-08,2024-01-10,2024-01-10,282.1,15526.7,On-time,False
SH006753,W02,ST17,CR05,2024-01-09,2024-01-11,2024-01-11,282.1,13412.37,On-time,False
SH006754,W02,ST17,CR02,2024-01-10,2024-01-12,2024-01-12,282.1,14352.14,On-time,False
SH006755,W02,ST17,CR01,2024-01-11,2024-01-13,2024-01-13,282.1,16247.91,On-time,False
SH006756,W02,ST17,CR05,2024-01-12,2024-01-14,2024-01-14,282.1,13314.72,On-time,False
SH006757,W02,ST17,CR02,2024-01-13,2024-01-15,2024-01-15,282.1,14033.68,On-time,False
SH006758,W02,ST17,CR03,2024-01-14,2024-01-16,2024-01-16,282.1,,On-time,False
SH006759,W03,ST17,CR03,2024-01-15,2024-01-17,2024-01-19,367.7,18838.94,Delayed,False
SH006760,W02,ST17,CR01,2024-01-16,2024-01-18,2024-01-21,282.1,11553.21,Delayed,False
SH006761,W02,ST17,CR05,2024-01-17,2024-01-19,2024-01-19,282.1,11934.58,On-time,False
SH006762,W02,ST17,CR04,2024-01-18,2024-01-20,2024-01-20,282.1,12520.66,Damaged,False
SH006763,W02,ST17,CR03,2024-01-19,2024-01-21,2024-01-21,282.1,11776.87,On-time,False
SH006764,W02,ST17,CR01,2024-01-20,2024-01-22,2024-01-22,282.1,13633.12,On-time,False
SH006765,W02,ST17,CR03,2024-01-21,2024-01-23,2024-01-23,282.1,15232.62,On-time,False
SH006766,W02,ST17,CR04,2024-01-22,2024-01-24,2024-01-27,282.1,15454.74,Delayed,False
SH006767,W03,ST17,CR02,2024-01-23,2024-01-25,2024-01-27,367.7,18135.79,Delayed,False
SH006768,W02,ST17,CR04,2024-01-24,2024-01-26,2024-01-30,282.1,9999.8,Delayed,False
SH006769,W02,ST17,CR04,2024-01-25,2024-01-27,2024-01-27,282.1,14809.5,On-time,False
SH006770,W02,ST17,CR04,2024-01-26,2024-01-28,2024-01-29,282.1,11479.62,Delayed,False
SH006771,W02,ST17,CR04,2024-01-27,2024-01-29,2024-01-29,282.1,13539.32,On-time,False
SH006772,W02,ST17,CR02,2024-01-28,2024-01-30,2024-01-30,282.1,13047.27,On-time,False
SH006773,W02,ST17,CR03,2024-01-29,2024-01-31,2024-01-31,282.1,11489.78,On-time,False
SH006774,W02,ST17,CR04,2024-01-30,2024-02-01,2024-02-01,282.1,11533.38,On-time,False
SH006775,W02,ST17,CR04,2024-01-31,2024-02-02,2024-02-02,282.1,9257.7,On-time,False
SH006776,W02,ST17,CR05,2024-02-01,2024-02-03,2024-02-03,282.1,15044.68,On-time,False
SH006777,W01,ST17,CR03,2024-02-02,2024-02-04,2024-02-04,202.2,9482.76,On-time,False
SH006778,W02,ST17,CR01,2024-02-03,2024-02-05,2024-02-05,282.1,11853.18,On-time,False
SH006779,W02,ST17,CR02,2024-02-04,2024-02-06,2024-02-06,282.1,13269.85,On-time,False
SH006780,W02,ST17,CR02,2024-02-05,2024-02-07,2024-02-07,282.1,12585.35,On-time,False
SH006781,W02,ST17,CR03,2024-02-06,2024-02-08,2024-02-08,282.1,16104.49,On-time,False
SH006782,W02,ST17,CR03,2024-02-07,2024-02-09,2024-02-09,282.1,12395.97,On-time,False
SH006783,W02,ST17,CR05,2024-02-08,2024-02-10,2024-02-10,282.1,12333.32,On-time,False
SH006784,W02,ST17,CR03,2024-02-09,2024-02-11,2024-02-11,282.1,14304.76,On-time,False
SH006785,W03,ST17,CR05,2024-02-10,2024-02-12,2024-02-13,367.7,14055.35,Delayed,False
SH006786,W01,ST17,CR03,2024-02-11,2024-02-13,2024-02-17,202.2,11384.31,Delayed,False
SH006787,W02,ST17,CR05,2024-02-12,2024-02-14,2024-02-14,282.1,11485.25,On-time,False
SH006788,W01,ST17,CR03,2024-02-13,2024-02-15,2024-02-19,202.2,8699.18,Delayed,False
SH006789,W02,ST17,CR03,2024-02-14,2024-02-16,2024-02-16,282.1,11342.83,On-time,False
SH006790,W02,ST17,CR05,2024-02-15,2024-02-17,2024-02-17,282.1,13908.07,On-time,False
SH006791,W02,ST17,CR02,2024-02-16,2024-02-18,2024-02-18,282.1,11564.88,On-time,False
SH006792,W02,ST17,CR05,2024-02-17,2024-02-19,2024-02-19,282.1,15225.05,On-time,False
SH006793,W02,ST17,CR01,2024-02-18,2024-02-20,2024-02-20,282.1,,On-time,False
SH006794,W02,ST17,CR02,2024-02-19,2024-02-21,2024-02-21,282.1,14038.2,On-time,False
SH006795,W02,ST17,CR03,2024-02-20,2024-02-22,2024-02-22,282.1,16301.34,On-time,False
SH006796,W02,ST17,CR01,2024-02-21,2024-02-23,2024-02-23,282.1,15316.62,On-time,False
SH006797,W02,ST17,CR01,2024-02-22,2024-02-24,2024-02-24,282.1,11703.25,On-time,False
SH006798,W02,ST17,CR05,2024-02-23,2024-02-25,2024-02-25,282.1,14996.85,On-time,False
SH006799,W02,ST17,CR02,2024-02-24,2024-02-26,2024-03-01,282.1,12278.53,Delayed,False
SH006800,W02,ST17,CR03,2024-02-25,2024-02-27,2024-02-27,282.1,17072.98,Damaged,False
SH006801,W03,ST17,CR01,2024-02-26,2024-02-28,2024-02-28,367.7,17677.43,On-time,False
SH006802,W02,ST17,CR05,2024-02-27,2024-02-29,2024-02-29,282.1,14559.47,On-time,False
SH006803,W02,ST17,CR02,2024-02-28,2024-03-01,2024-03-01,282.1,17268.41,On-time,False
SH006804,W02,ST17,CR05,2024-02-29,2024-03-02,2024-03-02,282.1,,On-time,False
SH006805,W01,ST17,CR01,2024-03-01,2024-03-03,2024-03-03,202.2,11227.78,On-time,False
SH006806,W02,ST17,CR01,2024-03-02,2024-03-04,2024-03-04,282.1,14984.73,On-time,False
SH006807,W02,ST17,CR01,2024-03-03,2024-03-05,2024-03-05,282.1,10684.86,On-time,False
SH006808,W02,ST17,CR05,2024-03-04,2024-03-06,2024-03-06,282.1,13144.19,Lost,False
SH006809,W02,ST17,CR02,2024-03-05,2024-03-07,2024-03-07,282.1,12961.33,On-time,False
SH006810,W02,ST17,CR03,2024-03-06,2024-03-08,2024-03-08,282.1,16584.6,Damaged,False
SH006811,W02,ST17,CR01,2024-03-07,2024-03-09,2024-03-09,282.1,14646.08,On-time,False
SH006812,W02,ST17,CR01,2024-03-08,2024-03-10,2024-03-10,282.1,12192.9,On-time,False
SH006813,W02,ST17,CR03,2024-03-09,2024-03-11,2024-03-14,282.1,12886.82,Delayed,False
SH006814,W02,ST17,CR04,2024-03-10,2024-03-12,2024-03-12,282.1,10647.65,On-time,False
SH006815,W02,ST17,CR01,2024-03-11,2024-03-13,2024-03-13,282.1,12569.5,On-time,False
SH006816,W02,ST17,CR05,2024-03-12,2024-03-14,2024-03-14,282.1,16051.58,On-time,False
SH006817,W02,ST17,CR03,2024-03-13,2024-03-15,2024-03-15,282.1,16896.32,On-time,False
SH006818,W02,ST17,CR04,2024-03-14,2024-03-16,2024-03-16,282.1,12533.71,On-time,False
SH006819,W02,ST17,CR03,2024-03-15,2024-03-17,2024-03-17,282.1,16219.55,On-time,False
SH006820,W02,ST17,CR05,2024-03-16,2024-03-18,2024-03-18,282.1,15051.48,Damaged,False
SH006821,W02,ST17,CR03,2024-03-17,2024-03-19,2024-03-19,282.1,14484.47,On-time,False
SH006822,W02,ST17,CR05,2024-03-18,2024-03-20,2024-03-20,282.1,12515.81,On-time,False
SH006823,W02,ST17,CR01,2024-03-19,2024-03-21,2024-03-21,282.1,14441.62,On-time,False
SH006824,W02,ST17,CR03,2024-03-20,2024-03-22,2024-03-22,282.1,13053.82,On-time,False
SH006825,W02,ST17,CR05,2024-03-21,2024-03-23,2024-03-23,282.1,13002.29,On-time,False
SH006826,W02,ST17,CR02,2024-03-22,2024-03-24,2024-03-24,282.1,15048.32,On-time,False
SH006827,W01,ST17,CR03,2024-03-23,2024-03-25,2024-03-25,202.2,8100.19,On-time,False
SH006828,W02,ST17,CR02,2024-03-24,2024-03-26,2024-03-26,282.1,14335.26,On-time,False
SH006829,W02,ST17,CR01,2024-03-25,2024-03-27,2024-03-27,282.1,16333.11,On-time,False
SH006830,W02,ST17,CR05,2024-03-26,2024-03-28,2024-03-28,282.1,11448.62,On-time,False
SH006831,W02,ST17,CR02,2024-03-27,2024-03-29,2024-03-29,282.1,11640.71,On-time,False
SH006832,W02,ST17,CR03,2024-03-28,2024-03-30,2024-03-30,282.1,12922.53,On-time,False
SH006833,W02,ST17,CR02,2024-03-29,2024-03-31,2024-03-31,282.1,13387.66,On-time,False
SH006834,W02,ST17,CR05,2024-03-30,2024-04-01,2024-04-01,282.1,16483.74,On-time,False
SH006835,W02,ST17,CR01,2024-03-31,2024-04-02,2024-04-02,282.1,16541.51,On-time,False
SH006836,W02,ST17,CR04,2024-04-01,2024-04-03,2024-04-03,282.1,14307.06,On-time,False
SH006837,W01,ST17,CR05,2024-04-02,2024-04-04,2024-04-04,202.2,10256.07,On-time,False
SH006838,W02,ST17,CR03,2024-04-03,2024-04-05,2024-04-05,282.1,10930.43,On-time,False
SH006839,W02,ST17,CR03,2024-04-04,2024-04-06,2024-04-07,282.1,14256.09,Delayed,False
SH006840,W02,ST17,CR02,2024-04-05,2024-04-07,2024-04-07,282.1,15180.42,On-time,False
SH006841,W01,ST17,CR04,2024-04-06,2024-04-08,2024-04-08,202.2,9625.63,On-time,False
SH006842,W02,ST17,CR02,2024-04-07,2024-04-09,2024-04-09,282.1,11870.62,On-time,False
SH006843,W02,ST17,CR03,2024-04-08,2024-04-10,2024-04-10,282.1,,On-time,False
SH006844,W02,ST17,CR03,2024-04-09,2024-04-11,2024-04-14,282.1,14260.28,Delayed,False
SH006845,W02,ST17,CR03,2024-04-10,2024-04-12,2024-04-12,282.1,15340.67,On-time,False
SH006846,W02,ST17,CR02,2024-04-11,2024-04-13,2024-04-13,282.1,13713.78,On-time,False
SH006847,W03,ST17,CR03,2024-04-12,2024-04-14,2024-04-14,367.7,18015.86,On-time,False
SH006848,W03,ST17,CR05,2024-04-13,2024-04-15,2024-04-15,367.7,18166.57,On-time,False
SH006849,W02,ST17,CR03,2024-04-14,2024-04-16,2024-04-16,282.1,14376.96,On-time,False
SH006850,W01,ST17,CR01,2024-04-15,2024-04-17,2024-04-17,202.2,12904.94,On-time,False
SH006851,W02,ST17,CR03,2024-04-16,2024-04-18,2024-04-18,282.1,13432.75,On-time,False
SH006852,W02,ST17,CR04,2024-04-17,2024-04-19,2024-04-19,282.1,14675.17,On-time,False
SH006853,W02,ST17,CR01,2024-04-18,2024-04-20,2024-04-20,282.1,13322.42,On-time,False
SH006854,W02,ST17,CR03,2024-04-19,2024-04-21,2024-04-21,282.1,14392.34,On-time,False
SH006855,W02,ST17,CR04,2024-04-20,2024-04-22,2024-04-22,282.1,11912.36,On-time,False
SH006856,W02,ST17,CR03,2024-04-21,2024-04-23,2024-04-23,282.1,10597.94,On-time,False
SH006857,W02,ST17,CR04,2024-04-22,2024-04-24,2024-04-24,282.1,14672.34,On-time,False
SH006858,W02,ST17,CR02,2024-04-23,2024-04-25,2024-04-25,282.1,12211.72,On-time,False
SH006859,W02,ST17,CR02,2024-04-24,2024-04-26,2024-04-26,282.1,,On-time,False
SH006860,W02,ST17,CR03,2024-04-25,2024-04-27,2024-04-27,282.1,,On-time,False
SH006861,W02,ST17,CR05,2024-04-26,2024-04-28,2024-04-28,282.1,13789.95,On-time,False
SH006862,W02,ST17,CR01,2024-04-27,2024-04-29,2024-04-29,282.1,13342.32,On-time,False
SH006863,W02,ST17,CR01,2024-04-28,2024-04-30,2024-04-30,282.1,12207.09,On-time,False
SH006864,W02,ST17,CR02,2024-04-29,2024-05-01,2024-05-01,282.1,14881.91,On-time,False
SH006865,W02,ST17,CR01,2024-04-30,2024-05-02,2024-05-02,282.1,15145.54,On-time,False
SH006866,W02,ST17,CR01,2024-05-01,2024-05-03,2024-05-03,282.1,11273.35,On-time,False
SH006867,W02,ST17,CR02,2024-05-02,2024-05-04,2024-05-04,282.1,13643.01,On-time,False
SH006868,W02,ST17,CR03,2024-05-03,2024-05-05,2024-05-06,282.1,12690.42,Delayed,False
SH006869,W02,ST17,CR03,2024-05-04,2024-05-06,2024-05-06,282.1,11781.45,On-time,False
SH006870,W02,ST17,CR03,2024-05-05,2024-05-07,2024-05-07,282.1,14821.2,On-time,False
SH006871,W02,ST17,CR03,2024-05-06,2024-05-08,2024-05-08,282.1,14392.41,On-time,False
SH006872,W02,ST17,CR04,2024-05-07,2024-05-09,2024-05-09,282.1,14176.42,On-time,False
SH006873,W02,ST17,CR02,2024-05-08,2024-05-10,2024-05-10,282.1,13397.64,On-time,False
SH006874,W03,ST17,CR05,2024-05-09,2024-05-11,2024-05-11,367.7,17150.03,On-time,False
SH006875,W02,ST17,CR03,2024-05-10,2024-05-12,2024-05-12,282.1,15119.72,On-time,False
SH006876,W02,ST17,CR04,2024-05-11,2024-05-13,2024-05-14,282.1,13585.15,Delayed,False
SH006877,W02,ST17,CR04,2024-05-12,2024-05-14,2024-05-17,282.1,10722.0,Delayed,False
SH006878,W02,ST17,CR01,2024-05-13,2024-05-15,2024-05-16,282.1,14715.4,Delayed,False
SH006879,W02,ST17,CR03,2024-05-14,2024-05-16,2024-05-16,282.1,10549.3,On-time,False
SH006880,W02,ST17,CR05,2024-05-15,2024-05-17,2024-05-17,282.1,14701.57,On-time,False
SH006881,W02,ST17,CR02,2024-05-16,2024-05-18,2024-05-22,282.1,13421.13,Delayed,False
SH006882,W02,ST17,CR02,2024-05-17,2024-05-19,2024-05-19,282.1,11910.28,On-time,False
SH006883,W02,ST17,CR02,2024-05-18,2024-05-20,2024-05-20,282.1,14102.99,On-time,False
SH006884,W02,ST17,CR01,2024-05-19,2024-05-21,2024-05-21,282.1,10641.58,Damaged,False
SH006885,W02,ST17,CR05,2024-05-20,2024-05-22,2024-05-22,282.1,12627.16,On-time,False
SH006886,W02,ST17,CR04,2024-05-21,2024-05-23,2024-05-23,282.1,15045.75,On-time,False
SH006887,W02,ST17,CR02,2024-05-22,2024-05-24,2024-05-24,282.1,14138.31,On-time,False
SH006888,W02,ST17,CR02,2024-05-23,2024-05-25,2024-05-29,282.1,10692.39,Delayed,False
SH006889,W02,ST17,CR04,2024-05-24,2024-05-26,2024-05-26,282.1,14484.09,On-time,False
SH006890,W02,ST17,CR05,2024-05-25,2024-05-27,2024-05-27,282.1,11714.07,Damaged,False
SH006891,W02,ST17,CR04,2024-05-26,2024-05-28,2024-05-28,282.1,12927.5,On-time,False
SH006892,W02,ST17,CR03,2024-05-27,2024-05-29,2024-05-31,282.1,15168.72,Delayed,False
SH006893,W02,ST17,CR05,2024-05-28,2024-05-30,2024-05-30,282.1,13590.96,On-time,False
SH006894,W02,ST17,CR03,2024-05-29,2024-05-31,2024-05-31,282.1,16749.51,On-time,False
SH006895,W02,ST17,CR05,2024-05-30,2024-06-01,2024-06-01,282.1,10703.26,On-time,False
SH006896,W02,ST17,CR03,2024-05-31,2024-06-02,2024-06-02,282.1,17557.05,On-time,False
SH006897,W02,ST17,CR03,2024-06-01,2024-06-03,2024-06-03,282.1,11294.42,On-time,False
SH006898,W02,ST17,CR02,2024-06-02,2024-06-04,2024-06-07,282.1,12901.44,Delayed,False
SH006899,W01,ST17,CR04,2024-06-03,2024-06-05,2024-06-05,202.2,11084.74,On-time,False
SH006900,W02,ST17,CR03,2024-06-04,2024-06-06,2024-06-06,282.1,10865.85,On-time,False
SH006901,W02,ST17,CR05,2024-06-05,2024-06-07,2024-06-07,282.1,11639.46,Damaged,False
SH006902,W02,ST17,CR02,2024-06-06,2024-06-08,2024-06-08,282.1,14026.81,On-time,False
SH006903,W02,ST17,CR02,2024-06-07,2024-06-09,2024-06-09,282.1,17562.17,On-time,False
SH006904,W02,ST17,CR05,2024-06-08,2024-06-10,2024-06-14,282.1,13311.59,Delayed,False
SH006905,W02,ST17,CR01,2024-06-09,2024-06-11,2024-06-11,282.1,16267.04,On-time,False
SH006906,W02,ST17,CR05,2024-06-10,2024-06-12,2024-06-15,282.1,,Delayed,False
SH006907,W01,ST17,CR03,2024-06-11,2024-06-13,2024-06-13,202.2,10561.52,On-time,False
SH006908,W02,ST17,CR05,2024-06-12,2024-06-14,2024-06-14,282.1,13230.44,On-time,False
SH006909,W02,ST17,CR01,2024-06-13,2024-06-15,2024-06-15,282.1,12423.12,On-time,False
SH006910,W02,ST17,CR03,2024-06-14,2024-06-16,2024-06-16,282.1,12470.77,On-time,False
SH006911,W03,ST17,CR03,2024-06-15,2024-06-17,2024-06-17,367.7,18890.62,On-time,False
SH006912,W02,ST17,CR05,2024-06-16,2024-06-18,2024-06-18,282.1,13101.27,On-time,False
SH006913,W02,ST17,CR02,2024-06-17,2024-06-19,2024-06-19,282.1,13020.72,On-time,False
SH006914,W02,ST17,CR02,2024-06-18,2024-06-20,2024-06-20,282.1,13348.6,On-time,False
SH006915,W02,ST17,CR01,2024-06-19,2024-06-21,2024-06-25,282.1,12149.85,Delayed,False
SH006916,W02,ST17,CR05,2024-06-20,2024-06-22,2024-06-22,282.1,11630.15,On-time,False
SH006917,W01,ST17,CR05,2024-06-21,2024-06-23,2024-06-23,202.2,8841.14,On-time,False
SH006918,W02,ST17,CR03,2024-06-22,2024-06-24,2024-06-24,282.1,11230.51,On-time,False
SH006919,W02,ST17,CR03,2024-06-23,2024-06-25,2024-06-25,282.1,14185.59,On-time,False
SH006920,W01,ST17,CR02,2024-06-24,2024-06-26,2024-06-26,202.2,11576.29,On-time,False
SH006921,W02,ST17,CR02,2024-06-25,2024-06-27,2024-06-27,282.1,10691.25,On-time,False
SH006922,W02,ST17,CR03,2024-06-26,2024-06-28,2024-06-28,282.1,14248.72,On-time,False
SH006923,W02,ST17,CR03,2024-06-27,2024-06-29,2024-06-29,282.1,13521.78,Damaged,False
SH006924,W02,ST17,CR03,2024-06-28,2024-06-30,2024-06-30,282.1,14383.54,On-time,False
SH006925,W02,ST17,CR01,2024-06-29,2024-07-01,2024-07-01,282.1,14098.75,On-time,False
SH006926,W02,ST17,CR02,2024-06-30,2024-07-02,2024-07-02,282.1,9808.01,On-time,False
SH006927,W02,ST17,CR02,2024-07-01,2024-07-03,2024-07-03,282.1,11618.78,On-time,False
SH006928,W02,ST17,CR04,2024-07-02,2024-07-04,2024-07-05,282.1,12989.45,Delayed,False
SH006929,W02,ST17,CR03,2024-07-03,2024-07-05,2024-07-05,282.1,13989.5,On-time,False
SH006930,W03,ST17,CR01,2024-07-04,2024-07-06,2024-07-06,367.7,18982.84,On-time,False
SH006931,W02,ST17,CR05,2024-07-05,2024-07-07,2024-07-10,282.1,14886.4,Delayed,False
SH006932,W02,ST17,CR03,2024-07-06,2024-07-08,2024-07-08,282.1,11378.72,On-time,False
SH006933,W02,ST17,CR03,2024-07-07,2024-07-09,2024-07-10,282.1,11795.0,Delayed,False
SH006934,W02,ST17,CR02,2024-07-08,2024-07-10,2024-07-10,282.1,14818.86,On-time,False
SH006935,W02,ST17,CR05,2024-07-09,2024-07-11,2024-07-11,282.1,11956.7,On-time,False
SH006936,W02,ST17,CR03,2024-07-10,2024-07-12,2024-07-12,282.1,13409.73,On-time,False
SH006937,W02,ST17,CR05,2024-07-11,2024-07-13,2024-07-13,282.1,16948.11,On-time,False
SH006938,W02,ST17,CR01,2024-07-12,2024-07-14,2024-07-14,282.1,11839.31,On-time,False
SH006939,W02,ST17,CR01,2024-07-13,2024-07-15,2024-07-15,282.1,17205.72,On-time,False
SH006940,W02,ST17,CR01,2024-07-14,2024-07-16,2024-07-18,282.1,11075.81,Delayed,False
SH006941,W02,ST17,CR02,2024-07-15,2024-07-17,2024-07-17,282.1,12381.12,Lost,False
SH006942,W03,ST17,CR03,2024-07-16,2024-07-18,2024-07-22,367.7,16444.1,Delayed,False
SH006943,W02,ST17,CR02,2024-07-17,2024-07-19,2024-07-19,282.1,12888.41,On-time,False
SH006944,W02,ST17,CR01,2024-07-18,2024-07-20,2024-07-20,282.1,15718.01,On-time,False
SH006945,W02,ST17,CR02,2024-07-19,2024-07-21,2024-07-21,282.1,13252.74,On-time,False
SH006946,W02,ST17,CR02,2024-07-20,2024-07-22,2024-07-22,282.1,13148.54,On-time,False
SH006947,W02,ST17,CR02,2024-07-21,2024-07-23,2024-07-23,282.1,16082.24,On-time,False
SH006948,W02,ST17,CR05,2024-07-22,2024-07-24,2024-07-24,282.1,10283.45,On-time,False
SH006949,W02,ST17,CR02,2024-07-23,2024-07-25,2024-07-25,282.1,13062.48,On-time,False
SH006950,W02,ST17,CR05,2024-07-24,2024-07-26,2024-07-26,282.1,18185.64,On-time,False
SH006951,W02,ST17,CR02,2024-07-25,2024-07-27,2024-07-27,282.1,12481.61,On-time,False
SH006952,W01,ST17,CR01,2024-07-26,2024-07-28,2024-07-28,202.2,11962.44,On-time,False
SH006953,W03,ST17,CR02,2024-07-27,2024-07-29,2024-07-31,367.7,,Delayed,False
SH006954,W02,ST17,CR01,2024-07-28,2024-07-30,2024-07-30,282.1,,On-time,False
SH006955,W02,ST17,CR02,2024-07-29,2024-07-31,2024-07-31,282.1,12000.71,Lost,False
SH006956,W02,ST17,CR01,2024-07-30,2024-08-01,2024-08-01,282.1,13633.47,Lost,False
SH006957,W02,ST17,CR03,2024-07-31,2024-08-02,2024-08-06,282.1,11790.95,Delayed,False
SH006958,W02,ST17,CR02,2024-08-01,2024-08-03,2024-08-03,282.1,15990.8,On-time,False
SH006959,W03,ST17,CR02,2024-08-02,2024-08-04,2024-08-04,367.7,19171.75,On-time,False
SH006960,W03,ST17,CR03,2024-08-03,2024-08-05,2024-08-08,367.7,15856.59,Delayed,False
SH006961,W02,ST17,CR01,2024-08-04,2024-08-06,2024-08-06,282.1,,On-time,False
SH006962,W02,ST17,CR03,2024-08-05,2024-08-07,2024-08-07,282.1,12806.91,On-time,False
SH006963,W02,ST17,CR02,2024-08-06,2024-08-08,2024-08-12,282.1,12980.66,Delayed,False
SH006964,W02,ST17,CR01,2024-08-07,2024-08-09,2024-08-09,282.1,13932.99,On-time,False
SH006965,W02,ST17,CR02,2024-08-08,2024-08-10,2024-08-10,282.1,10472.72,On-time,False
SH006966,W02,ST17,CR01,2024-08-09,2024-08-11,2024-08-11,282.1,13253.1,On-time,False
SH006967,W03,ST17,CR05,2024-08-10,2024-08-12,2024-08-12,367.7,15921.1,On-time,False
SH006968,W02,ST17,CR02,2024-08-11,2024-08-13,2024-08-13,282.1,15187.16,On-time,False
SH006969,W02,ST17,CR04,2024-08-12,2024-08-14,2024-08-14,282.1,10357.04,On-time,False
SH006970,W02,ST17,CR02,2024-08-13,2024-08-15,2024-08-15,282.1,14630.55,On-time,False
SH006971,W02,ST17,CR02,2024-08-14,2024-08-16,2024-08-20,282.1,13995.86,Delayed,False
SH006972,W02,ST17,CR05,2024-08-15,2024-08-17,2024-08-17,282.1,13351.17,On-time,False
SH006973,W02,ST17,CR05,2024-08-16,2024-08-18,2024-08-18,282.1,,On-time,False
SH006974,W01,ST17,CR01,2024-08-17,2024-08-19,2024-08-23,202.2,11027.98,Delayed,False
SH006975,W02,ST17,CR03,2024-08-18,2024-08-20,2024-08-20,282.1,11065.82,On-time,False
SH006976,W02,ST17,CR02,2024-08-19,2024-08-21,2024-08-22,282.1,9822.87,Delayed,False
SH006977,W02,ST17,CR03,2024-08-20,2024-08-22,2024-08-23,282.1,13084.62,Delayed,False
SH006978,W02,ST17,CR02,2024-08-21,2024-08-23,2024-08-23,282.1,9659.71,On-time,False
SH006979,W02,ST17,CR01,2024-08-22,2024-08-24,2024-08-24,282.1,12685.74,On-time,False
SH006980,W02,ST17,CR03,2024-08-23,2024-08-25,2024-08-28,282.1,13568.82,Delayed,False
SH006981,W02,ST17,CR01,2024-08-24,2024-08-26,2024-08-26,282.1,13563.55,On-time,False
SH006982,W02,ST17,CR01,2024-08-25,2024-08-27,2024-08-27,282.1,13026.58,On-time,False
SH006983,W02,ST17,CR02,2024-08-26,2024-08-28,2024-08-28,282.1,11898.21,On-time,False
SH006984,W02,ST17,CR01,2024-08-27,2024-08-29,2024-09-02,282.1,12843.58,Delayed,False
SH006985,W02,ST17,CR03,2024-08-28,2024-08-30,2024-09-01,282.1,13748.5,Delayed,False
SH006986,W02,ST17,CR04,2024-08-29,2024-08-31,2024-08-31,282.1,17226.52,On-time,False
SH006987,W02,ST17,CR01,2024-08-30,2024-09-01,2024-09-01,282.1,15316.25,On-time,False
SH006988,W02,ST17,CR02,2024-08-31,2024-09-02,2024-09-03,282.1,15352.93,Delayed,False
SH006989,W02,ST17,CR05,2024-09-01,2024-09-03,2024-09-03,282.1,9822.44,On-time,False
SH006990,W02,ST17,CR05,2024-09-02,2024-09-04,2024-09-04,282.1,13921.33,On-time,False
SH006991,W02,ST17,CR03,2024-09-03,2024-09-05,2024-09-05,282.1,12637.93,On-time,False
SH006992,W02,ST17,CR02,2024-09-04,2024-09-06,2024-09-06,282.1,10561.37,On-time,False
SH006993,W02,ST17,CR03,2024-09-05,2024-09-07,2024-09-07,282.1,17229.61,On-time,False
SH006994,W02,ST17,CR01,2024-09-06,2024-09-08,2024-09-08,282.1,12051.11,On-time,False
SH006995,W02,ST17,CR01,2024-09-07,2024-09-09,2024-09-11,282.1,11484.9,Delayed,False
SH006996,W02,ST17,CR02,2024-09-08,2024-09-10,2024-09-10,282.1,16331.1,On-time,False
SH006997,W01,ST17,CR01,2024-09-09,2024-09-11,2024-09-14,202.2,11630.77,Delayed,False
SH006998,W02,ST17,CR02,2024-09-10,2024-09-12,2024-09-16,282.1,10808.11,Delayed,False
SH006999,W01,ST17,CR02,2024-09-11,2024-09-13,2024-09-13,202.2,8025.09,On-time,False
SH007000,W02,ST17,CR04,2024-09-12,2024-09-14,2024-09-15,282.1,15586.7,Delayed,False
SH007001,W02,ST17,CR02,2024-09-13,2024-09-15,2024-09-15,282.1,11444.68,On-time,False
SH007002,W01,ST17,CR05,2024-09-14,2024-09-16,2024-09-19,202.2,8494.48,Delayed,False
SH007003,W01,ST17,CR01,2024-09-15,2024-09-17,2024-09-18,202.2,9820.1,Delayed,False
SH007004,W02,ST17,CR01,2024-09-16,2024-09-18,2024-09-18,282.1,11941.23,On-time,False
SH007005,W02,ST17,CR01,2024-09-17,2024-09-19,2024-09-21,282.1,14442.39,Delayed,False
SH007006,W02,ST17,CR03,2024-09-18,2024-09-20,2024-09-20,282.1,11984.01,On-time,False
SH007007,W02,ST17,CR03,2024-09-19,2024-09-21,2024-09-21,282.1,17374.57,Damaged,False
SH007008,W02,ST17,CR03,2024-09-20,2024-09-22,2024-09-25,282.1,10124.26,Delayed,False
SH007009,W02,ST17,CR04,2024-09-21,2024-09-23,2024-09-23,282.1,13797.44,On-time,False
SH007010,W02,ST17,CR03,2024-09-22,2024-09-24,2024-09-28,282.1,12099.74,Delayed,False
SH007011,W02,ST17,CR01,2024-09-23,2024-09-25,2024-09-27,282.1,15689.58,Delayed,False
SH007012,W02,ST17,CR02,2024-09-24,2024-09-26,2024-09-30,282.1,12694.47,Delayed,False
SH007013,W02,ST17,CR05,2024-09-25,2024-09-27,2024-09-27,282.1,13253.12,On-time,False
SH007014,W02,ST17,CR04,2024-09-26,2024-09-28,2024-09-28,282.1,10142.36,Lost,False
SH007015,W02,ST17,CR05,2024-09-27,2024-09-29,2024-09-29,282.1,15207.93,On-time,False
SH007016,W02,ST17,CR04,2024-09-28,2024-09-30,2024-10-01,282.1,12940.57,Delayed,False
SH007017,W02,ST17,CR01,2024-09-29,2024-10-01,2024-10-01,282.1,13485.52,On-time,False
SH007018,W01,ST17,CR03,2024-09-30,2024-10-02,2024-10-02,202.2,9814.08,On-time,False
SH007019,W02,ST17,CR05,2024-10-01,2024-10-03,2024-10-03,282.1,16219.17,On-time,False
SH007020,W02,ST17,CR03,2024-10-02,2024-10-04,2024-10-04,282.1,10907.12,On-time,False
SH007021,W02,ST17,CR03,2024-10-03,2024-10-05,2024-10-05,282.1,14873.62,On-time,False
SH007022,W02,ST17,CR01,2024-10-04,2024-10-06,2024-10-06,282.1,12069.5,On-time,False
SH007023,W02,ST17,CR05,2024-10-05,2024-10-07,2024-10-07,282.1,13527.29,On-time,False
SH007024,W02,ST17,CR04,2024-10-06,2024-10-08,2024-10-10,282.1,15182.11,Delayed,False
SH007025,W02,ST17,CR04,2024-10-07,2024-10-09,2024-10-09,282.1,16258.92,On-time,False
SH007026,W02,ST17,CR01,2024-10-08,2024-10-10,2024-10-10,282.1,14908.17,On-time,False
SH007027,W02,ST17,CR03,2024-10-09,2024-10-11,2024-10-11,282.1,13516.5,On-time,False
SH007028,W02,ST17,CR04,2024-10-10,2024-10-12,2024-10-12,282.1,13339.26,On-time,False
SH007029,W02,ST17,CR01,2024-10-11,2024-10-13,2024-10-13,282.1,10190.17,Damaged,False
SH007030,W02,ST17,CR01,2024-10-12,2024-10-14,2024-10-14,282.1,17781.08,On-time,False
SH007031,W02,ST17,CR02,2024-10-13,2024-10-15,2024-10-15,282.1,12675.3,On-time,False
SH007032,W02,ST17,CR05,2024-10-14,2024-10-16,2024-10-16,282.1,10134.02,On-time,False
SH007033,W02,ST17,CR05,2024-10-15,2024-10-17,2024-10-17,282.1,11833.08,On-time,False
SH007034,W02,ST17,CR01,2024-10-16,2024-10-18,2024-10-18,282.1,13945.76,On-time,False
SH007035,W02,ST17,CR05,2024-10-17,2024-10-19,2024-10-19,282.1,13798.19,On-time,False
SH007036,W02,ST17,CR02,2024-10-18,2024-10-20,2024-10-20,282.1,11910.01,On-time,False
SH007037,W03,ST17,CR05,2024-10-19,2024-10-21,2024-10-24,367.7,,Delayed,False
SH007038,W02,ST17,CR05,2024-10-20,2024-10-22,2024-10-22,282.1,11223.68,On-time,False
SH007039,W02,ST17,CR04,2024-10-21,2024-10-23,2024-10-25,282.1,10697.2,Delayed,False
SH007040,W02,ST17,CR03,2024-10-22,2024-10-24,2024-10-24,282.1,11524.05,On-time,False
SH007041,W02,ST17,CR01,2024-10-23,2024-10-25,2024-10-25,282.1,14843.4,On-time,False
SH007042,W02,ST17,CR03,2024-10-24,2024-10-26,2024-10-26,282.1,,On-time,False
SH007043,W02,ST17,CR05,2024-10-25,2024-10-27,2024-10-27,282.1,15895.29,On-time,False
SH007044,W02,ST17,CR02,2024-10-26,2024-10-28,2024-10-28,282.1,12116.03,On-time,False
SH007045,W02,ST17,CR02,2024-10-27,2024-10-29,2024-10-29,282.1,17360.23,On-time,False
SH007046,W02,ST17,CR03,2024-10-28,2024-10-30,2024-10-30,282.1,14289.29,On-time,False
SH007047,W02,ST17,CR03,2024-10-29,2024-10-31,2024-10-31,282.1,10940.16,On-time,False
SH007048,W02,ST17,CR02,2024-10-30,2024-11-01,2024-11-02,282.1,11487.29,Delayed,False
SH007049,W02,ST17,CR01,2024-10-31,2024-11-02,2024-11-02,282.1,15034.1,On-time,False
SH007050,W02,ST17,CR04,2024-11-01,2024-11-03,2024-11-03,282.1,15202.84,On-time,False
SH007051,W02,ST17,CR03,2024-11-02,2024-11-04,2024-11-04,282.1,9755.75,On-time,False
SH007052,W02,ST17,CR01,2024-11-03,2024-11-05,2024-11-08,282.1,15423.27,Delayed,False
SH007053,W02,ST17,CR03,2024-11-04,2024-11-06,2024-11-06,282.1,11783.82,On-time,False
SH007054,W02,ST17,CR01,2024-11-05,2024-11-07,2024-11-07,282.1,10705.44,On-time,False
SH007055,W02,ST17,CR01,2024-11-06,2024-11-08,2024-11-08,282.1,11643.25,On-time,False
SH007056,W02,ST17,CR02,2024-11-07,2024-11-09,2024-11-09,282.1,13963.26,On-time,False
SH007057,W02,ST17,CR02,2024-11-08,2024-11-10,2024-11-10,282.1,12793.36,On-time,False
SH007058,W02,ST17,CR02,2024-11-09,2024-11-11,2024-11-11,282.1,13764.48,On-time,False
SH007059,W02,ST17,CR05,2024-11-10,2024-11-12,2024-11-12,282.1,13139.2,On-time,False
SH007060,W02,ST17,CR01,2024-11-11,2024-11-13,2024-11-13,282.1,12838.85,On-time,False
SH007061,W02,ST17,CR01,2024-11-12,2024-11-14,2024-11-14,282.1,15141.12,On-time,False
SH007062,W02,ST17,CR03,2024-11-13,2024-11-15,2024-11-15,282.1,10375.04,On-time,False
SH007063,W02,ST17,CR01,2024-11-14,2024-11-16,2024-11-16,282.1,12084.48,On-time,False
SH007064,W01,ST17,CR04,2024-11-15,2024-11-17,2024-11-21,202.2,9327.24,Delayed,False
SH007065,W03,ST17,CR05,2024-11-16,2024-11-18,2024-11-21,367.7,17491.58,Delayed,False
SH007066,W02,ST17,CR05,2024-11-17,2024-11-19,2024-11-19,282.1,12851.27,On-time,False
SH007067,W02,ST17,CR03,2024-11-18,2024-11-20,2024-11-20,282.1,17277.07,On-time,False
SH007068,W02,ST17,CR01,2024-11-19,2024-11-21,2024-11-21,282.1,13666.07,On-time,False
SH007069,W02,ST17,CR03,2024-11-20,2024-11-22,2024-11-22,282.1,10682.04,On-time,False
SH007070,W02,ST17,CR05,2024-11-21,2024-11-23,2024-11-23,282.1,14518.96,Lost,False
SH007071,W02,ST17,CR01,2024-11-22,2024-11-24,2024-11-24,282.1,12795.15,On-time,False
SH007072,W02,ST17,CR02,2024-11-23,2024-11-25,2024-11-25,282.1,14445.02,On-time,False
SH007073,W02,ST17,CR04,2024-11-24,2024-11-26,2024-11-26,282.1,13429.49,On-time,False
SH007074,W03,ST17,CR05,2024-11-25,2024-11-27,2024-11-27,367.7,17675.5,On-time,False
SH007075,W02,ST17,CR02,2024-11-26,2024-11-28,2024-11-28,282.1,12053.72,On-time,False
SH007076,W03,ST17,CR02,2024-11-27,2024-11-29,2024-11-29,367.7,13796.51,On-time,False
SH007077,W03,ST17,CR01,2024-11-28,2024-11-30,2024-12-01,367.7,16007.86,Delayed,False
SH007078,W02,ST17,CR05,2024-11-29,2024-12-01,2024-12-01,282.1,13988.37,On-time,False
SH007079,W02,ST17,CR05,2024-11-30,2024-12-02,2024-12-02,282.1,17417.53,On-time,False
SH007080,W02,ST17,CR02,2024-12-01,2024-12-03,2024-12-03,282.1,11353.96,On-time,False
SH007081,W02,ST17,CR04,2024-12-02,2024-12-04,2024-12-04,282.1,15805.48,On-time,False
SH007082,W03,ST17,CR04,2024-12-03,2024-12-05,2024-12-05,367.7,16846.83,On-time,False
SH007083,W02,ST17,CR05,2024-12-04,2024-12-06,2024-12-06,282.1,12075.69,On-time,False
SH007084,W02,ST17,CR04,2024-12-05,2024-12-07,2024-12-07,282.1,,On-time,False
SH007085,W03,ST17,CR02,2024-12-06,2024-12-08,2024-12-08,367.7,,On-time,False
SH007086,W02,ST17,CR05,2024-12-07,2024-12-09,2024-12-09,282.1,,On-time,False
SH007087,W02,ST17,CR03,2024-12-08,2024-12-10,2024-12-10,282.1,12158.48,On-time,False
SH007088,W02,ST17,CR02,2024-12-09,2024-12-11,2024-12-15,282.1,11113.32,Delayed,False
SH007089,W02,ST17,CR03,2024-12-10,2024-12-12,2024-12-12,282.1,10926.63,On-time,False
SH007090,W02,ST17,CR04,2024-12-11,2024-12-13,2024-12-15,282.1,16133.63,Delayed,False
SH007091,W02,ST17,CR05,2024-12-12,2024-12-14,2024-12-14,282.1,15785.87,On-time,False
SH007092,W02,ST17,CR02,2024-12-13,2024-12-15,2024-12-15,282.1,14217.8,On-time,False
SH007093,W02,ST17,CR03,2024-12-14,2024-12-16,2024-12-19,282.1,15890.62,Delayed,False
SH007094,W02,ST17,CR03,2024-12-15,2024-12-17,2024-12-17,282.1,11827.62,On-time,False
SH007095,W02,ST17,CR05,2024-12-16,2024-12-18,2024-12-18,282.1,11713.52,On-time,False
SH007096,W02,ST17,CR05,2024-12-17,2024-12-19,2024-12-19,282.1,,On-time,False
SH007097,W02,ST17,CR05,2024-12-18,2024-12-20,2024-12-20,282.1,10197.01,On-time,False
SH007098,W02,ST17,CR01,2024-12-19,2024-12-21,2024-12-21,282.1,12892.43,On-time,False
SH007099,W02,ST17,CR01,2024-12-20,2024-12-22,2024-12-22,282.1,13481.1,On-time,False
SH007100,W02,ST17,CR03,2024-12-21,2024-12-23,2024-12-23,282.1,11407.59,On-time,False
SH007101,W01,ST17,CR03,2024-12-22,2024-12-24,2024-12-27,202.2,10683.84,Delayed,False
SH007102,W02,ST17,CR04,2024-12-23,2024-12-25,2024-12-26,282.1,9830.2,Delayed,False
SH007103,W02,ST17,CR03,2024-12-24,2024-12-26,2024-12-26,282.1,15372.91,On-time,False
SH007104,W01,ST17,CR02,2024-12-25,2024-12-27,2024-12-27,202.2,11512.92,On-time,False
SH007105,W02,ST17,CR03,2024-12-26,2024-12-28,2024-12-28,282.1,14443.97,On-time,False
SH007106,W02,ST17,CR03,2024-12-27,2024-12-29,2024-12-29,282.1,12205.89,On-time,False
SH007107,W02,ST17,CR03,2024-12-28,2024-12-30,2025-01-02,282.1,13023.46,Delayed,False
SH007108,W02,ST17,CR02,2024-12-29,2024-12-31,2024-12-31,282.1,13730.14,On-time,False
SH007109,W02,ST17,CR01,2024-12-30,2025-01-01,2025-01-01,282.1,14666.25,On-time,False
SH007110,W02,ST17,CR03,2024-12-31,2025-01-02,2025-01-02,282.1,14191.14,On-time,False
SH007111,W02,ST17,CR01,2025-01-01,2025-01-03,2025-01-04,282.1,16524.12,Delayed,False
SH007112,W02,ST17,CR03,2025-01-02,2025-01-04,2025-01-04,282.1,12217.74,On-time,False
SH007113,W02,ST17,CR05,2025-01-03,2025-01-05,2025-01-05,282.1,15676.65,On-time,False
SH007114,W02,ST17,CR01,2025-01-04,2025-01-06,2025-01-06,282.1,13573.07,On-time,False
SH007115,W02,ST17,CR04,2025-01-05,2025-01-07,2025-01-07,282.1,15163.58,On-time,False
SH007116,W02,ST17,CR02,2025-01-06,2025-01-08,2025-01-08,282.1,14679.28,On-time,False
SH007117,W03,ST17,CR03,2025-01-07,2025-01-09,2025-01-09,367.7,20429.96,On-time,False
SH007118,W02,ST17,CR02,2025-01-08,2025-01-10,2025-01-10,282.1,14931.1,On-time,False
SH007119,W02,ST17,CR01,2025-01-09,2025-01-11,2025-01-11,282.1,12857.16,On-time,False
SH007120,W02,ST17,CR02,2025-01-10,2025-01-12,2025-01-12,282.1,17338.76,On-time,False
SH007121,W02,ST17,CR05,2025-01-11,2025-01-13,2025-01-13,282.1,13385.39,Damaged,False
SH007122,W02,ST17,CR02,2025-01-12,2025-01-14,2025-01-14,282.1,14886.16,On-time,False
SH007123,W02,ST17,CR03,2025-01-13,2025-01-15,2025-01-15,282.1,14818.61,On-time,False
SH007124,W02,ST17,CR01,2025-01-14,2025-01-16,2025-01-16,282.1,14913.65,On-time,False
SH007125,W02,ST17,CR01,2025-01-15,2025-01-17,2025-01-17,282.1,12287.44,On-time,False
SH007126,W02,ST17,CR04,2025-01-16,2025-01-18,2025-01-18,282.1,13856.17,On-time,False
SH007127,W02,ST17,CR01,2025-01-17,2025-01-19,2025-01-19,282.1,13060.55,On-time,False
SH007128,W02,ST17,CR05,2025-01-18,2025-01-20,2025-01-22,282.1,11769.59,Delayed,False
SH007129,W02,ST17,CR02,2025-01-19,2025-01-21,2025-01-21,282.1,13988.45,On-time,False
SH007130,W02,ST17,CR02,2025-01-20,2025-01-22,2025-01-22,282.1,12104.14,On-time,False
SH007131,W02,ST17,CR04,2025-01-21,2025-01-23,2025-01-23,282.1,15784.67,On-time,False
SH007132,W02,ST17,CR03,2025-01-22,2025-01-24,2025-01-24,282.1,13929.39,On-time,False
SH007133,W02,ST17,CR04,2025-01-23,2025-01-25,2025-01-27,282.1,12785.0,Delayed,False
SH007134,W02,ST17,CR05,2025-01-24,2025-01-26,2025-01-26,282.1,12082.86,On-time,False
SH007135,W01,ST17,CR01,2025-01-25,2025-01-27,2025-01-28,202.2,11046.67,Delayed,False
SH007136,W02,ST17,CR02,2025-01-26,2025-01-28,2025-02-01,282.1,10792.74,Delayed,False
SH007137,W02,ST17,CR05,2025-01-27,2025-01-29,2025-01-29,282.1,11343.85,Lost,False
SH007138,W02,ST17,CR03,2025-01-28,2025-01-30,2025-02-02,282.1,14530.68,Delayed,False
SH007139,W02,ST17,CR04,2025-01-29,2025-01-31,2025-01-31,282.1,15024.67,On-time,False
SH007140,W02,ST17,CR04,2025-01-30,2025-02-01,2025-02-01,282.1,10777.64,On-time,False
SH007141,W02,ST17,CR04,2025-01-31,2025-02-02,2025-02-02,282.1,12459.95,On-time,False
SH007142,W02,ST17,CR02,2025-02-01,2025-02-03,2025-02-03,282.1,14372.39,On-time,False
SH007143,W02,ST17,CR02,2025-02-02,2025-02-04,2025-02-05,282.1,13469.27,Delayed,False
SH007144,W02,ST17,CR03,2025-02-03,2025-02-05,2025-02-05,282.1,10831.95,Damaged,False
SH007145,W02,ST17,CR05,2025-02-04,2025-02-06,2025-02-06,282.1,11671.25,On-time,False
SH007146,W02,ST17,CR01,2025-02-05,2025-02-07,2025-02-07,282.1,14905.42,On-time,False
SH007147,W02,ST17,CR05,2025-02-06,2025-02-08,2025-02-08,282.1,14034.79,On-time,False
SH007148,W02,ST17,CR04,2025-02-07,2025-02-09,2025-02-09,282.1,15194.7,On-time,False
SH007149,W01,ST17,CR04,2025-02-08,2025-02-10,2025-02-10,202.2,9501.3,On-time,False
SH007150,W02,ST17,CR05,2025-02-09,2025-02-11,2025-02-11,282.1,11911.81,Damaged,False
SH007151,W01,ST17,CR03,2025-02-10,2025-02-12,2025-02-12,202.2,9101.64,On-time,False
SH007152,W02,ST17,CR03,2025-02-11,2025-02-13,2025-02-13,282.1,13145.6,On-time,False
SH007153,W02,ST17,CR01,2025-02-12,2025-02-14,2025-02-14,282.1,12414.21,On-time,False
SH007154,W02,ST17,CR05,2025-02-13,2025-02-15,2025-02-15,282.1,,On-time,False
SH007155,W02,ST17,CR03,2025-02-14,2025-02-16,2025-02-16,282.1,11915.43,On-time,False
SH007156,W02,ST17,CR01,2025-02-15,2025-02-17,2025-02-17,282.1,16042.39,On-time,False
SH007157,W02,ST17,CR05,2025-02-16,2025-02-18,2025-02-18,282.1,13092.87,On-time,False
SH007158,W02,ST17,CR03,2025-02-17,2025-02-19,2025-02-19,282.1,15019.36,On-time,False
SH007159,W01,ST17,CR05,2025-02-18,2025-02-20,2025-02-20,202.2,9591.89,On-time,False
SH007160,W02,ST17,CR01,2025-02-19,2025-02-21,2025-02-21,282.1,11169.68,On-time,False
SH007161,W02,ST17,CR03,2025-02-20,2025-02-22,2025-02-24,282.1,11160.4,Delayed,False
SH007162,W02,ST17,CR05,2025-02-21,2025-02-23,2025-02-23,282.1,11455.71,On-time,False
SH007163,W02,ST17,CR05,2025-02-22,2025-02-24,2025-02-24,282.1,15726.01,On-time,False
SH007164,W03,ST17,CR03,2025-02-23,2025-02-25,2025-02-25,367.7,14758.43,On-time,False
SH007165,W02,ST17,CR05,2025-02-24,2025-02-26,2025-03-02,282.1,11029.61,Delayed,False
SH007166,W02,ST17,CR02,2025-02-25,2025-02-27,2025-02-27,282.1,15247.07,On-time,False
SH007167,W02,ST17,CR03,2025-02-26,2025-02-28,2025-02-28,282.1,15150.28,On-time,False
SH007168,W02,ST17,CR01,2025-02-27,2025-03-01,2025-03-01,282.1,13817.03,On-time,False
SH007169,W02,ST17,CR02,2025-02-28,2025-03-02,2025-03-02,282.1,15661.66,On-time,False
SH007170,W02,ST17,CR04,2025-03-01,2025-03-03,2025-03-03,282.1,14319.72,On-time,False
SH007171,W02,ST17,CR05,2025-03-02,2025-03-04,2025-03-04,282.1,10393.68,On-time,False
SH007172,W02,ST17,CR01,2025-03-03,2025-03-05,2025-03-05,282.1,13239.93,On-time,False
SH007173,W02,ST17,CR01,2025-03-04,2025-03-06,2025-03-06,282.1,13816.18,On-time,False
SH007174,W02,ST17,CR01,2025-03-05,2025-03-07,2025-03-07,282.1,12652.54,On-time,False
SH007175,W02,ST17,CR02,2025-03-06,2025-03-08,2025-03-08,282.1,10632.3,On-time,False
SH007176,W02,ST17,CR03,2025-03-07,2025-03-09,2025-03-09,282.1,10665.7,On-time,False
SH007177,W02,ST17,CR01,2025-03-08,2025-03-10,2025-03-10,282.1,12080.44,On-time,False
SH007178,W02,ST17,CR01,2025-03-09,2025-03-11,2025-03-11,282.1,12649.9,On-time,False
SH007179,W02,ST17,CR03,2025-03-10,2025-03-12,2025-03-12,282.1,14981.22,On-time,False
SH007180,W01,ST17,CR03,2025-03-11,2025-03-13,2025-03-13,202.2,8201.6,On-time,False
SH007181,W02,ST17,CR03,2025-03-12,2025-03-14,2025-03-14,282.1,14315.23,On-time,False
SH007182,W02,ST17,CR02,2025-03-13,2025-03-15,2025-03-15,282.1,15043.0,On-time,False
SH007183,W02,ST17,CR02,2025-03-14,2025-03-16,2025-03-16,282.1,13142.88,On-time,False
SH007184,W02,ST17,CR02,2025-03-15,2025-03-17,2025-03-17,282.1,14598.97,On-time,False
SH007185,W02,ST17,CR05,2025-03-16,2025-03-18,2025-03-18,282.1,10236.97,On-time,False
SH007186,W02,ST17,CR03,2025-03-17,2025-03-19,2025-03-22,282.1,15026.9,Delayed,False
SH007187,W02,ST17,CR05,2025-03-18,2025-03-20,2025-03-20,282.1,10024.35,On-time,False
SH007188,W02,ST17,CR03,2025-03-19,2025-03-21,2025-03-24,282.1,14131.19,Delayed,False
SH007189,W02,ST17,CR04,2025-03-20,2025-03-22,2025-03-25,282.1,10284.92,Delayed,False
SH007190,W02,ST17,CR04,2025-03-21,2025-03-23,2025-03-23,282.1,14369.68,On-time,False
SH007191,W03,ST17,CR05,2025-03-22,2025-03-24,2025-03-24,367.7,17135.03,On-time,False
SH007192,W02,ST17,CR03,2025-03-23,2025-03-25,2025-03-25,282.1,15980.24,On-time,False
SH007193,W02,ST17,CR03,2025-03-24,2025-03-26,2025-03-26,282.1,11613.35,On-time,False
SH007194,W02,ST17,CR05,2025-03-25,2025-03-27,2025-03-27,282.1,12442.71,On-time,False
SH007195,W02,ST17,CR03,2025-03-26,2025-03-28,2025-03-28,282.1,9564.56,On-time,False
SH007196,W02,ST17,CR04,2025-03-27,2025-03-29,2025-03-29,282.1,12160.26,On-time,False
SH007197,W02,ST17,CR01,2025-03-28,2025-03-30,2025-04-02,282.1,9576.46,Delayed,False
SH007198,W02,ST17,CR04,2025-03-29,2025-03-31,2025-03-31,282.1,11155.94,On-time,False
SH007199,W02,ST17,CR02,2025-03-30,2025-04-01,2025-04-01,282.1,13967.55,Damaged,False
SH007200,W02,ST17,CR05,2025-03-31,2025-04-02,2025-04-02,282.1,13394.37,On-time,False
SH007201,W02,ST17,CR02,2025-04-01,2025-04-03,2025-04-03,282.1,11231.96,On-time,False
SH007202,W02,ST17,CR02,2025-04-02,2025-04-04,2025-04-06,282.1,11997.53,Delayed,False
SH007203,W02,ST17,CR05,2025-04-03,2025-04-05,2025-04-05,282.1,10980.3,On-time,False
SH007204,W02,ST17,CR03,2025-04-04,2025-04-06,2025-04-06,282.1,14368.88,On-time,False
SH007205,W02,ST17,CR03,2025-04-05,2025-04-07,2025-04-07,282.1,10254.16,On-time,False
SH007206,W02,ST17,CR02,2025-04-06,2025-04-08,2025-04-08,282.1,9649.22,On-time,False
SH007207,W02,ST17,CR04,2025-04-07,2025-04-09,2025-04-09,282.1,13258.49,On-time,False
SH007208,W02,ST17,CR02,2025-04-08,2025-04-10,2025-04-10,282.1,,On-time,False
SH007209,W02,ST17,CR05,2025-04-09,2025-04-11,2025-04-13,282.1,10305.49,Delayed,False
SH007210,W02,ST17,CR04,2025-04-10,2025-04-12,2025-04-12,282.1,10891.12,On-time,False
SH007211,W02,ST17,CR03,2025-04-11,2025-04-13,2025-04-13,282.1,14083.74,On-time,False
SH007212,W02,ST17,CR02,2025-04-12,2025-04-14,2025-04-14,282.1,13486.19,On-time,False
SH007213,W02,ST17,CR03,2025-04-13,2025-04-15,2025-04-15,282.1,11686.85,On-time,False
SH007214,W02,ST17,CR01,2025-04-14,2025-04-16,2025-04-18,282.1,13827.21,Delayed,False
SH007215,W03,ST17,CR03,2025-04-15,2025-04-17,2025-04-17,367.7,15925.8,On-time,False
SH007216,W02,ST17,CR05,2025-04-16,2025-04-18,2025-04-18,282.1,11058.99,On-time,False
SH007217,W02,ST17,CR04,2025-04-17,2025-04-19,2025-04-19,282.1,14768.57,On-time,False
SH007218,W02,ST17,CR01,2025-04-18,2025-04-20,2025-04-20,282.1,13995.32,On-time,False
SH007219,W02,ST17,CR04,2025-04-19,2025-04-21,2025-04-21,282.1,14427.16,On-time,False
SH007220,W02,ST17,CR01,2025-04-20,2025-04-22,2025-04-24,282.1,14550.97,Delayed,False
SH007221,W02,ST17,CR03,2025-04-21,2025-04-23,2025-04-23,282.1,12178.15,On-time,False
SH007222,W02,ST17,CR05,2025-04-22,2025-04-24,2025-04-24,282.1,12596.65,On-time,False
SH007223,W02,ST17,CR03,2025-04-23,2025-04-25,2025-04-25,282.1,16516.5,On-time,False
SH007224,W02,ST17,CR02,2025-04-24,2025-04-26,2025-04-30,282.1,13821.18,Delayed,False
SH007225,W02,ST17,CR01,2025-04-25,2025-04-27,2025-04-27,282.1,13640.52,On-time,False
SH007226,W02,ST17,CR01,2025-04-26,2025-04-28,2025-04-28,282.1,14236.97,On-time,False
SH007227,W02,ST17,CR02,2025-04-27,2025-04-29,2025-05-01,282.1,15178.97,Delayed,False
SH007228,W01,ST17,CR01,2025-04-28,2025-04-30,2025-04-30,202.2,8109.51,On-time,False
SH007229,W02,ST17,CR04,2025-04-29,2025-05-01,2025-05-01,282.1,,On-time,False
SH007230,W02,ST17,CR02,2025-04-30,2025-05-02,2025-05-02,282.1,14080.36,On-time,False
SH007231,W02,ST17,CR01,2025-05-01,2025-05-03,2025-05-03,282.1,15639.74,On-time,False
SH007232,W01,ST17,CR03,2025-05-02,2025-05-04,2025-05-08,202.2,8644.27,Delayed,False
SH007233,W02,ST17,CR05,2025-05-03,2025-05-05,2025-05-05,282.1,12702.33,On-time,False
SH007234,W02,ST17,CR01,2025-05-04,2025-05-06,2025-05-06,282.1,15272.19,On-time,False
SH007235,W02,ST17,CR02,2025-05-05,2025-05-07,2025-05-07,282.1,12320.31,On-time,False
SH007236,W02,ST17,CR02,2025-05-06,2025-05-08,2025-05-09,282.1,16486.15,Delayed,False
SH007237,W02,ST17,CR02,2025-05-07,2025-05-09,2025-05-09,282.1,11786.79,On-time,False
SH007238,W02,ST17,CR05,2025-05-08,2025-05-10,2025-05-13,282.1,14030.19,Delayed,False
SH007239,W02,ST17,CR01,2025-05-09,2025-05-11,2025-05-11,282.1,16037.8,On-time,False
SH007240,W02,ST17,CR05,2025-05-10,2025-05-12,2025-05-12,282.1,10919.52,On-time,False
SH007241,W02,ST17,CR04,2025-05-11,2025-05-13,2025-05-13,282.1,12627.59,On-time,False
SH007242,W02,ST17,CR03,2025-05-12,2025-05-14,2025-05-14,282.1,10935.55,On-time,False
SH007243,W02,ST17,CR05,2025-05-13,2025-05-15,2025-05-15,282.1,13083.39,On-time,False
SH007244,W02,ST17,CR04,2025-05-14,2025-05-16,2025-05-18,282.1,13223.41,Delayed,False
SH007245,W02,ST17,CR05,2025-05-15,2025-05-17,2025-05-17,282.1,15307.51,On-time,False
SH007246,W02,ST17,CR02,2025-05-16,2025-05-18,2025-05-18,282.1,9975.57,Damaged,False
SH007247,W02,ST17,CR03,2025-05-17,2025-05-19,2025-05-19,282.1,12339.4,On-time,False
SH007248,W02,ST17,CR05,2025-05-18,2025-05-20,2025-05-22,282.1,13016.73,Delayed,False
SH007249,W03,ST17,CR01,2025-05-19,2025-05-21,2025-05-21,367.7,19956.31,On-time,False
SH007250,W02,ST17,CR05,2025-05-20,2025-05-22,2025-05-22,282.1,9922.56,On-time,False
SH007251,W01,ST17,CR03,2025-05-21,2025-05-23,2025-05-23,202.2,10181.75,On-time,False
SH007252,W02,ST17,CR03,2025-05-22,2025-05-24,2025-05-24,282.1,12788.28,On-time,False
SH007253,W02,ST17,CR05,2025-05-23,2025-05-25,2025-05-25,282.1,13986.6,On-time,False
SH007254,W03,ST17,CR03,2025-05-24,2025-05-26,2025-05-26,367.7,20673.91,On-time,False
SH007255,W02,ST17,CR04,2025-05-25,2025-05-27,2025-05-29,282.1,13339.83,Delayed,False
SH007256,W01,ST17,CR02,2025-05-26,2025-05-28,2025-05-28,202.2,11523.96,On-time,False
SH007257,W02,ST17,CR04,2025-05-27,2025-05-29,2025-06-02,282.1,13345.88,Delayed,False
SH007258,W02,ST17,CR02,2025-05-28,2025-05-30,2025-05-31,282.1,12229.26,Delayed,False
SH007259,W02,ST17,CR04,2025-05-29,2025-05-31,2025-06-03,282.1,12587.9,Delayed,False
SH007260,W02,ST17,CR03,2025-05-30,2025-06-01,2025-06-01,282.1,12025.56,On-time,False
SH007261,W02,ST17,CR01,2025-05-31,2025-06-02,2025-06-02,282.1,14266.82,On-time,False
SH007262,W02,ST17,CR04,2025-06-01,2025-06-03,2025-06-03,282.1,,On-time,False
SH007263,W02,ST17,CR01,2025-06-02,2025-06-04,2025-06-08,282.1,14545.27,Delayed,False
SH007264,W02,ST17,CR05,2025-06-03,2025-06-05,2025-06-05,282.1,15124.15,On-time,False
SH007265,W03,ST17,CR02,2025-06-04,2025-06-06,2025-06-06,367.7,20409.86,On-time,False
SH007266,W02,ST17,CR05,2025-06-05,2025-06-07,2025-06-07,282.1,12941.57,On-time,False
SH007267,W02,ST17,CR03,2025-06-06,2025-06-08,2025-06-08,282.1,13336.16,On-time,False
SH007268,W03,ST17,CR01,2025-06-07,2025-06-09,2025-06-11,367.7,15147.07,Delayed,False
SH007269,W02,ST17,CR03,2025-06-08,2025-06-10,2025-06-10,282.1,14822.36,On-time,False
SH007270,W02,ST17,CR04,2025-06-09,2025-06-11,2025-06-12,282.1,12297.42,Delayed,False
SH007271,W02,ST17,CR02,2025-06-10,2025-06-12,2025-06-14,282.1,11376.2,Delayed,False
SH007272,W02,ST17,CR01,2025-06-11,2025-06-13,2025-06-15,282.1,,Delayed,False
SH007273,W02,ST17,CR04,2025-06-12,2025-06-14,2025-06-18,282.1,13216.34,Delayed,False
SH007274,W02,ST17,CR01,2025-06-13,2025-06-15,2025-06-15,282.1,16424.05,On-time,False
SH007275,W03,ST17,CR02,2025-06-14,2025-06-16,2025-06-16,367.7,,On-time,False
SH007276,W02,ST17,CR03,2025-06-15,2025-06-17,2025-06-17,282.1,12330.41,On-time,False
SH007277,W02,ST17,CR03,2025-06-16,2025-06-18,2025-06-20,282.1,15527.01,Delayed,False
SH007278,W02,ST17,CR03,2025-06-17,2025-06-19,2025-06-19,282.1,16317.87,On-time,False
SH007279,W02,ST17,CR03,2025-06-18,2025-06-20,2025-06-20,282.1,15325.32,On-time,False
SH007280,W02,ST17,CR04,2025-06-19,2025-06-21,2025-06-21,282.1,12307.84,On-time,False
SH007281,W02,ST17,CR03,2025-06-20,2025-06-22,2025-06-22,282.1,11179.71,On-time,False
SH007282,W02,ST17,CR03,2025-06-21,2025-06-23,2025-06-23,282.1,11723.95,On-time,False
SH007283,W02,ST17,CR01,2025-06-22,2025-06-24,2025-06-24,282.1,10382.95,On-time,False
SH007284,W02,ST17,CR04,2025-06-23,2025-06-25,2025-06-27,282.1,13952.16,Delayed,False
SH007285,W02,ST17,CR05,2025-06-24,2025-06-26,2025-06-26,282.1,13067.72,On-time,False
SH007286,W02,ST17,CR03,2025-06-25,2025-06-27,2025-06-27,282.1,11508.27,On-time,False
SH007287,W02,ST17,CR03,2025-06-26,2025-06-28,2025-06-28,282.1,17043.21,On-time,False
SH007288,W02,ST17,CR02,2025-06-27,2025-06-29,2025-06-29,282.1,12327.16,On-time,False
SH007289,W02,ST17,CR01,2025-06-28,2025-06-30,2025-07-02,282.1,11557.16,Delayed,False
SH007290,W02,ST17,CR01,2025-06-29,2025-07-01,2025-07-05,282.1,10060.7,Delayed,False
SH007291,W02,ST17,CR04,2025-06-30,2025-07-02,2025-07-05,282.1,12448.48,Delayed,False
SH007292,W02,ST17,CR01,2025-07-01,2025-07-03,2025-07-03,282.1,15189.47,On-time,False
SH007293,W02,ST17,CR01,2025-07-02,2025-07-04,2025-07-06,282.1,14429.17,Delayed,False
SH007294,W02,ST17,CR01,2025-07-03,2025-07-05,2025-07-05,282.1,15215.46,On-time,False
SH007295,W02,ST17,CR05,2025-07-04,2025-07-06,2025-07-06,282.1,16971.85,On-time,False
SH007296,W02,ST17,CR01,2025-07-05,2025-07-07,2025-07-07,282.1,,On-time,False
SH007297,W01,ST17,CR03,2025-07-06,2025-07-08,2025-07-10,202.2,10290.76,Delayed,False
SH007298,W02,ST17,CR03,2025-07-07,2025-07-09,2025-07-09,282.1,13561.84,On-time,False
SH007299,W02,ST17,CR01,2025-07-08,2025-07-10,2025-07-12,282.1,17278.86,Delayed,False
SH007300,W02,ST17,CR05,2025-07-09,2025-07-11,2025-07-11,282.1,13981.95,Damaged,False
SH007301,W02,ST17,CR03,2025-07-10,2025-07-12,2025-07-12,282.1,9807.51,On-time,False
SH007302,W02,ST17,CR01,2025-07-11,2025-07-13,2025-07-13,282.1,,On-time,False
SH007303,W02,ST17,CR04,2025-07-12,2025-07-14,2025-07-14,282.1,15407.68,On-time,False
SH007304,W02,ST17,CR01,2025-07-13,2025-07-15,2025-07-15,282.1,11559.8,On-time,False
SH007305,W02,ST17,CR05,2025-07-14,2025-07-16,2025-07-16,282.1,,On-time,False
SH007306,W02,ST17,CR01,2025-07-15,2025-07-17,2025-07-17,282.1,13094.47,On-time,False
SH007307,W02,ST17,CR05,2025-07-16,2025-07-18,2025-07-18,282.1,14971.63,On-time,False
SH007308,W02,ST17,CR01,2025-07-17,2025-07-19,2025-07-19,282.1,12715.75,Lost,False
SH007309,W02,ST17,CR02,2025-07-18,2025-07-20,2025-07-20,282.1,15862.31,On-time,False
SH007310,W01,ST17,CR03,2025-07-19,2025-07-21,2025-07-24,202.2,8619.68,Delayed,False
SH007311,W02,ST17,CR01,2025-07-20,2025-07-22,2025-07-22,282.1,10794.47,On-time,False
SH007312,W02,ST17,CR01,2025-07-21,2025-07-23,2025-07-25,282.1,11556.59,Delayed,False
SH007313,W02,ST17,CR03,2025-07-22,2025-07-24,2025-07-24,282.1,11137.55,On-time,False
SH007314,W02,ST17,CR01,2025-07-23,2025-07-25,2025-07-25,282.1,,On-time,False
SH007315,W02,ST17,CR03,2025-07-24,2025-07-26,2025-07-26,282.1,16140.48,On-time,False
SH007316,W02,ST17,CR03,2025-07-25,2025-07-27,2025-07-27,282.1,12366.0,On-time,False
SH007317,W02,ST17,CR03,2025-07-26,2025-07-28,2025-07-28,282.1,14417.79,On-time,False
SH007318,W02,ST17,CR03,2025-07-27,2025-07-29,2025-07-29,282.1,13830.3,On-time,False
SH007319,W02,ST17,CR03,2025-07-28,2025-07-30,2025-07-30,282.1,12149.21,On-time,False
SH007320,W02,ST17,CR03,2025-07-29,2025-07-31,2025-07-31,282.1,11389.86,On-time,False
SH007321,W02,ST17,CR01,2025-07-30,2025-08-01,2025-08-05,282.1,16655.17,Delayed,False
SH007322,W02,ST17,CR02,2025-07-31,2025-08-02,2025-08-02,282.1,11797.28,Damaged,False
SH007323,W02,ST17,CR01,2025-08-01,2025-08-03,2025-08-03,282.1,13747.12,On-time,False
SH007324,W02,ST17,CR03,2025-08-02,2025-08-04,2025-08-04,282.1,13921.14,On-time,False
SH007325,W02,ST17,CR04,2025-08-03,2025-08-05,2025-08-05,282.1,11199.48,On-time,False
SH007326,W02,ST17,CR05,2025-08-04,2025-08-06,2025-08-06,282.1,15782.85,On-time,False
SH007327,W02,ST17,CR01,2025-08-05,2025-08-07,2025-08-07,282.1,15925.76,On-time,False
SH007328,W02,ST17,CR02,2025-08-06,2025-08-08,2025-08-08,282.1,11868.85,On-time,False
SH007329,W02,ST17,CR02,2025-08-07,2025-08-09,2025-08-09,282.1,10917.47,On-time,False
SH007330,W02,ST17,CR04,2025-08-08,2025-08-10,2025-08-10,282.1,11046.29,On-time,False
SH007331,W02,ST17,CR04,2025-08-09,2025-08-11,2025-08-11,282.1,13436.55,On-time,False
SH007332,W02,ST17,CR01,2025-08-10,2025-08-12,2025-08-12,282.1,11827.72,On-time,False
SH007333,W02,ST17,CR02,2025-08-11,2025-08-13,2025-08-13,282.1,14711.02,On-time,False
SH007334,W02,ST17,CR03,2025-08-12,2025-08-14,2025-08-14,282.1,13570.35,On-time,False
SH007335,W02,ST17,CR01,2025-08-13,2025-08-15,2025-08-18,282.1,11865.5,Delayed,False
SH007336,W02,ST17,CR05,2025-08-14,2025-08-16,2025-08-16,282.1,14856.39,On-time,False
SH007337,W02,ST17,CR04,2025-08-15,2025-08-17,2025-08-17,282.1,11214.13,On-time,False
SH007338,W02,ST17,CR04,2025-08-16,2025-08-18,2025-08-21,282.1,10857.71,Delayed,False
SH007339,W02,ST17,CR04,2025-08-17,2025-08-19,2025-08-20,282.1,11603.85,Delayed,False
SH007340,W02,ST17,CR01,2025-08-18,2025-08-20,2025-08-20,282.1,11152.87,On-time,False
SH007341,W02,ST17,CR03,2025-08-19,2025-08-21,2025-08-21,282.1,11103.05,On-time,False
SH007342,W02,ST17,CR05,2025-08-20,2025-08-22,2025-08-22,282.1,16407.35,On-time,False
SH007343,W02,ST17,CR05,2025-08-21,2025-08-23,2025-08-23,282.1,13784.71,On-time,False
SH007344,W02,ST17,CR05,2025-08-22,2025-08-24,2025-08-25,282.1,13722.41,Delayed,False
SH007345,W02,ST17,CR04,2025-08-23,2025-08-25,2025-08-27,282.1,9928.86,Delayed,False
SH007346,W02,ST17,CR04,2025-08-24,2025-08-26,2025-08-28,282.1,10127.19,Delayed,False
SH007347,W02,ST17,CR05,2025-08-25,2025-08-27,2025-08-27,282.1,15073.25,On-time,False
SH007348,W02,ST17,CR03,2025-08-26,2025-08-28,2025-08-28,282.1,13693.2,On-time,False
SH007349,W02,ST17,CR02,2025-08-27,2025-08-29,2025-08-29,282.1,13860.86,On-time,False
SH007350,W02,ST17,CR03,2025-08-28,2025-08-30,2025-08-30,282.1,12223.51,On-time,False
SH007351,W02,ST17,CR04,2025-08-29,2025-08-31,2025-09-01,282.1,14308.1,Delayed,False
SH007352,W02,ST17,CR03,2025-08-30,2025-09-01,2025-09-01,282.1,16701.85,On-time,False
SH007353,W02,ST17,CR03,2025-08-31,2025-09-02,2025-09-04,282.1,10062.98,Delayed,False
SH007354,W02,ST17,CR05,2025-09-01,2025-09-03,2025-09-03,282.1,14859.76,On-time,False
SH007355,W02,ST17,CR01,2025-09-02,2025-09-04,2025-09-04,282.1,12917.16,Damaged,False
SH007356,W02,ST17,CR01,2025-09-03,2025-09-05,2025-09-05,282.1,16425.43,On-time,False
SH007357,W01,ST17,CR02,2025-09-04,2025-09-06,2025-09-06,202.2,10570.25,On-time,False
SH007358,W02,ST17,CR03,2025-09-05,2025-09-07,2025-09-09,282.1,12386.66,Delayed,False
SH007359,W02,ST17,CR01,2025-09-06,2025-09-08,2025-09-08,282.1,12827.99,On-time,False
SH007360,W01,ST99,CR01,2025-09-07,2025-09-09,2025-09-09,202.2,9308.85,On-time,True
SH007361,W03,ST17,CR02,2025-09-08,2025-09-10,2025-09-11,367.7,19547.77,Delayed,False
SH007362,W02,ST17,CR05,2025-09-09,2025-09-11,2025-09-15,282.1,14727.72,Delayed,False
SH007363,W02,ST17,CR05,2025-09-10,2025-09-12,2025-09-12,282.1,,On-time,False
SH007364,W02,ST17,CR05,2025-09-11,2025-09-13,2025-09-13,282.1,11002.1,On-time,False
SH007365,W02,ST17,CR02,2025-09-12,2025-09-14,2025-09-14,282.1,12846.26,On-time,False
SH007366,W02,ST99,CR01,2025-09-13,2025-09-15,2025-09-15,282.1,13880.97,On-time,True
SH007367,W02,ST17,CR01,2025-09-14,2025-09-16,2025-09-16,282.1,,On-time,False
SH007368,W03,ST17,CR01,2025-09-15,2025-09-17,2025-09-18,367.7,19140.13,Delayed,False
SH007369,W02,ST17,CR01,2025-09-16,2025-09-18,2025-09-22,282.1,14300.77,Delayed,False
SH007370,W02,ST17,CR04,2025-09-17,2025-09-19,2025-09-19,282.1,14656.97,On-time,False
SH007371,W03,ST17,CR04,2025-09-18,2025-09-20,2025-09-20,367.7,17122.3,On-time,False
SH007372,W02,ST17,CR03,2025-09-19,2025-09-21,2025-09-21,282.1,12456.03,On-time,False
SH007373,W02,ST17,CR04,2025-09-20,2025-09-22,2025-09-24,282.1,13581.85,Delayed,False
SH007374,W02,ST17,CR03,2025-09-21,2025-09-23,2025-09-23,282.1,,On-time,False
SH007375,W02,ST17,CR05,2025-09-22,2025-09-24,2025-09-24,282.1,13570.15,On-time,False
SH007376,W02,ST17,CR01,2025-09-23,2025-09-25,2025-09-25,282.1,14142.08,On-time,False
SH007377,W02,ST17,CR05,2025-09-24,2025-09-26,2025-09-26,282.1,15803.72,On-time,False
SH007378,W02,ST17,CR01,2025-09-25,2025-09-27,2025-09-27,282.1,,Damaged,False
SH007379,W02,ST17,CR04,2025-09-26,2025-09-28,2025-09-30,282.1,13331.18,Delayed,False
SH007380,W02,ST17,CR05,2025-09-27,2025-09-29,2025-10-02,282.1,15815.87,Delayed,False
SH007381,W02,ST17,CR01,2025-09-28,2025-09-30,2025-09-30,282.1,16513.63,On-time,False
SH007382,W02,ST17,CR05,2025-09-29,2025-10-01,2025-10-05,282.1,13949.43,Delayed,False
SH007383,W02,ST17,CR02,2025-09-30,2025-10-02,2025-10-04,282.1,11701.84,Delayed,False
SH007384,W02,ST17,CR04,2025-10-01,2025-10-03,2025-10-03,282.1,15316.03,On-time,False
SH007385,W02,ST17,CR04,2025-10-02,2025-10-04,2025-10-04,282.1,11664.16,On-time,False
SH007386,W02,ST17,CR01,2025-10-03,2025-10-05,2025-10-05,282.1,15427.4,On-time,False
SH007387,W02,ST17,CR01,2025-10-04,2025-10-06,2025-10-06,282.1,14854.44,On-time,False
SH007388,W02,ST17,CR03,2025-10-05,2025-10-07,2025-10-07,282.1,17025.46,On-time,False
SH007389,W02,ST17,CR01,2025-10-06,2025-10-08,2025-10-08,282.1,,On-time,False
SH007390,W02,ST17,CR01,2025-10-07,2025-10-09,2025-10-09,282.1,14400.46,On-time,False
SH007391,W01,ST17,CR01,2025-10-08,2025-10-10,2025-10-10,202.2,11114.5,On-time,False
SH007392,W02,ST17,CR01,2025-10-09,2025-10-11,2025-10-11,282.1,14934.84,Lost,False
SH007393,W02,ST17,CR05,2025-10-10,2025-10-12,2025-10-12,282.1,12320.77,On-time,False
SH007394,W02,ST17,CR02,2025-10-11,2025-10-13,2025-10-13,282.1,17102.48,On-time,False
SH007395,W02,ST17,CR02,2025-10-12,2025-10-14,2025-10-14,282.1,12256.76,On-time,False
SH007396,W02,ST17,CR05,2025-10-13,2025-10-15,2025-10-15,282.1,15503.24,On-time,False
SH007397,W02,ST17,CR04,2025-10-14,2025-10-16,2025-10-18,282.1,14282.79,Delayed,False
SH007398,W02,ST17,CR05,2025-10-15,2025-10-17,2025-10-17,282.1,13488.41,On-time,False
SH007399,W02,ST17,CR05,2025-10-16,2025-10-18,2025-10-18,282.1,16725.4,On-time,False
SH007400,W02,ST17,CR02,2025-10-17,2025-10-19,2025-10-19,282.1,14278.89,On-time,False
SH007401,W02,ST17,CR02,2025-10-18,2025-10-20,2025-10-20,282.1,16039.44,On-time,False
SH007402,W02,ST17,CR04,2025-10-19,2025-10-21,2025-10-25,282.1,14114.9,Delayed,False
SH007403,W02,ST17,CR03,2025-10-20,2025-10-22,2025-10-22,282.1,15473.1,On-time,False
SH007404,W02,ST17,CR02,2025-10-21,2025-10-23,2025-10-27,282.1,13787.99,Delayed,False
SH007405,W01,ST17,CR03,2025-10-22,2025-10-24,2025-10-24,202.2,11580.62,On-time,False
SH007406,W02,ST17,CR01,2025-10-23,2025-10-25,2025-10-25,282.1,10120.22,On-time,False
SH007407,W02,ST17,CR03,2025-10-24,2025-10-26,2025-10-26,282.1,11246.27,On-time,False
SH007408,W02,ST17,CR01,2025-10-25,2025-10-27,2025-10-29,282.1,12493.21,Delayed,False
SH007409,W02,ST17,CR02,2025-10-26,2025-10-28,2025-10-28,282.1,11100.96,On-time,False
SH007410,W02,ST17,CR02,2025-10-27,2025-10-29,2025-10-29,282.1,14778.72,On-time,False
SH007411,W02,ST17,CR02,2025-10-28,2025-10-30,2025-11-03,282.1,14843.66,Delayed,False
SH007412,W02,ST17,CR05,2025-10-29,2025-10-31,2025-11-03,282.1,13570.19,Delayed,False
SH007413,W02,ST17,CR03,2025-10-30,2025-11-01,2025-11-01,282.1,11542.43,On-time,False
SH007414,W02,ST17,CR05,2025-10-31,2025-11-02,2025-11-03,282.1,14321.61,Delayed,False
SH007415,W03,ST17,CR05,2025-11-01,2025-11-03,2025-11-04,367.7,16462.64,Damaged,False
SH007416,W02,ST17,CR02,2025-11-02,2025-11-04,2025-11-07,282.1,13370.47,Delayed,False
SH007417,W02,ST17,CR03,2025-11-03,2025-11-05,2025-11-06,282.1,11634.21,Delayed,False
SH007418,W02,ST17,CR05,2025-11-04,2025-11-06,2025-11-06,282.1,15661.6,On-time,False
SH007419,W02,ST17,CR05,2025-11-05,2025-11-07,2025-11-07,282.1,10708.62,On-time,False
SH007420,W02,ST17,CR01,2025-11-06,2025-11-08,2025-11-08,282.1,13633.56,On-time,False
SH007421,W02,ST17,CR03,2025-11-07,2025-11-09,2025-11-09,282.1,15004.03,On-time,False
SH007422,W02,ST17,CR01,2025-11-08,2025-11-10,2025-11-10,282.1,,On-time,False
SH007423,W02,ST17,CR01,2025-11-09,2025-11-11,2025-11-11,282.1,12567.58,On-time,False
SH007424,W02,ST17,CR01,2025-11-10,2025-11-12,2025-11-12,282.1,11800.96,On-time,False
SH007425,W02,ST17,CR02,2025-11-11,2025-11-13,2025-11-15,282.1,12416.43,Delayed,False
SH007426,W02,ST17,CR03,2025-11-12,2025-11-14,2025-11-14,282.1,13311.04,On-time,False
SH007427,W02,ST17,CR05,2025-11-13,2025-11-15,2025-11-15,282.1,13246.48,On-time,False
SH007428,W02,ST17,CR02,2025-11-14,2025-11-16,2025-11-16,282.1,11878.13,On-time,False
SH007429,W02,ST17,CR02,2025-11-15,2025-11-17,2025-11-17,282.1,14941.53,On-time,False
SH007430,W02,ST17,CR01,2025-11-16,2025-11-18,2025-11-18,282.1,15210.35,On-time,False
SH007431,W02,ST17,CR02,2025-11-17,2025-11-19,2025-11-19,282.1,16103.94,On-time,False
SH007432,W02,ST17,CR04,2025-11-18,2025-11-20,2025-11-20,282.1,14068.95,On-time,False
SH007433,W02,ST17,CR05,2025-11-19,2025-11-21,2025-11-21,282.1,14771.61,On-time,False
SH007434,W02,ST17,CR02,2025-11-20,2025-11-22,2025-11-22,282.1,14068.03,On-time,False
SH007435,W02,ST17,CR05,2025-11-21,2025-11-23,2025-11-23,282.1,12286.08,On-time,False
SH007436,W02,ST17,CR01,2025-11-22,2025-11-24,2025-11-24,282.1,14110.36,Lost,False
SH007437,W02,ST17,CR04,2025-11-23,2025-11-25,2025-11-25,282.1,,On-time,False
SH007438,W02,ST17,CR02,2025-11-24,2025-11-26,2025-11-26,282.1,11521.97,On-time,False
SH007439,W02,ST17,CR04,2025-11-25,2025-11-27,2025-11-27,282.1,12010.03,On-time,False
SH007440,W02,ST17,CR05,2025-11-26,2025-11-28,2025-11-28,282.1,10177.43,On-time,False
SH007441,W02,ST17,CR02,2025-11-27,2025-11-29,2025-11-29,282.1,14451.43,On-time,False
SH007442,W02,ST17,CR01,2025-11-28,2025-11-30,2025-12-03,282.1,16033.09,Delayed,False
SH007443,W01,ST17,CR01,2025-11-29,2025-12-01,2025-12-01,202.2,10592.57,On-time,False
SH007444,W03,ST17,CR05,2025-11-30,2025-12-02,2025-12-02,367.7,15605.34,On-time,False
SH007445,W03,ST17,CR03,2025-12-01,2025-12-03,2025-12-03,367.7,15868.23,On-time,False
SH007446,W02,ST17,CR04,2025-12-02,2025-12-04,2025-12-04,282.1,12500.62,On-time,False
SH007447,W02,ST17,CR01,2025-12-03,2025-12-05,2025-12-05,282.1,10686.89,Damaged,False
SH007448,W02,ST17,CR04,2025-12-04,2025-12-06,2025-12-06,282.1,15512.46,On-time,False
SH007449,W02,ST17,CR01,2025-12-05,2025-12-07,2025-12-07,282.1,11692.23,On-time,False
SH007450,W02,ST17,CR03,2025-12-06,2025-12-08,2025-12-08,282.1,14507.59,On-time,False
SH007451,W02,ST17,CR03,2025-12-07,2025-12-09,2025-12-09,282.1,11933.25,On-time,False
SH007452,W02,ST17,CR02,2025-12-08,2025-12-10,2025-12-10,282.1,15603.85,On-time,False
SH007453,W02,ST17,CR03,2025-12-09,2025-12-11,2025-12-15,282.1,11742.62,Delayed,False
SH007454,W02,ST17,CR01,2025-12-10,2025-12-12,2025-12-12,282.1,12347.76,On-time,False
SH007455,W02,ST17,CR03,2025-12-11,2025-12-13,2025-12-13,282.1,13265.01,On-time,False
SH007456,W02,ST17,CR05,2025-12-12,2025-12-14,2025-12-14,282.1,13852.44,On-time,False
SH007457,W02,ST17,CR02,2025-12-13,2025-12-15,2025-12-15,282.1,14090.64,On-time,False
SH007458,W02,ST17,CR05,2025-12-14,2025-12-16,2025-12-16,282.1,14014.37,On-time,False
SH007459,W02,ST17,CR05,2025-12-15,2025-12-17,2025-12-17,282.1,12612.69,On-time,False
SH007460,W02,ST17,CR02,2025-12-16,2025-12-18,2025-12-22,282.1,15738.17,Delayed,False
SH007461,W02,ST17,CR03,2025-12-17,2025-12-19,2025-12-19,282.1,12441.71,On-time,False
SH007462,W02,ST17,CR03,2025-12-18,2025-12-20,2025-12-20,282.1,12825.96,On-time,False
SH007463,W02,ST17,CR02,2025-12-19,2025-12-21,2025-12-25,282.1,16112.85,Delayed,False
SH007464,W02,ST17,CR05,2025-12-20,2025-12-22,2025-12-25,282.1,16672.83,Delayed,False
SH007465,W02,ST17,CR03,2025-12-21,2025-12-23,2025-12-23,282.1,14135.61,On-time,False
SH007466,W02,ST17,CR01,2025-12-22,2025-12-24,2025-12-24,282.1,16361.06,On-time,False
SH007467,W02,ST17,CR03,2025-12-23,2025-12-25,2025-12-25,282.1,12165.57,On-time,False
SH007468,W02,ST17,CR03,2025-12-24,2025-12-26,2025-12-26,282.1,17283.75,On-time,False
SH007469,W02,ST17,CR04,2025-12-25,2025-12-27,2025-12-27,282.1,13867.79,On-time,False
SH007470,W02,ST17,CR02,2025-12-26,2025-12-28,2025-12-28,282.1,12799.3,On-time,False
SH007471,W01,ST17,CR03,2025-12-27,2025-12-29,,202.2,10133.1,In-Transit,False
SH007472,W02,ST17,CR04,2025-12-28,2025-12-30,2025-12-30,282.1,10292.44,On-time,False
SH007473,W02,ST17,CR05,2025-12-29,2025-12-31,2025-12-31,282.1,12955.44,On-time,False
SH007474,W02,ST17,CR05,2025-12-30,2026-01-01,,282.1,13165.06,In-Transit,False
SH007475,W02,ST17,CR05,2025-12-31,2026-01-02,,282.1,13499.83,In-Transit,False
SH007476,W01,ST18,CR03,2024-01-04,2024-01-05,2024-01-05,8.6,688.36,On-time,False
SH007477,W02,ST18,CR01,2024-01-05,2024-01-07,2024-01-09,221.4,11351.41,Delayed,False
SH007478,W01,ST18,CR02,2024-01-06,2024-01-07,2024-01-08,29.4,1885.19,Delayed,False
SH007479,W03,ST18,CR01,2024-01-07,2024-01-09,2024-01-10,210.3,11416.91,Lost,False
SH007480,W01,ST18,CR03,2024-01-08,2024-01-09,2024-01-09,16.9,1725.22,On-time,False
SH007481,W02,ST18,CR03,2024-01-09,2024-01-11,2024-01-11,221.4,12966.93,On-time,False
SH007482,W01,ST18,CR02,2024-01-10,2024-01-11,2024-01-11,9.9,859.78,On-time,False
SH007483,W01,ST18,CR01,2024-01-11,2024-01-12,2024-01-12,21.4,1180.6,On-time,False
SH007484,W01,ST18,CR03,2024-01-12,2024-01-13,2024-01-13,21.7,1531.23,On-time,False
SH007485,W01,ST18,CR05,2024-01-13,2024-01-14,2024-01-14,16.8,1078.96,On-time,False
SH007486,W01,ST18,CR02,2024-01-14,2024-01-15,2024-01-16,21.9,1384.33,Delayed,False
SH007487,W01,ST18,CR02,2024-01-15,2024-01-16,2024-01-16,34.4,2315.85,On-time,False
SH007488,W01,ST18,CR01,2024-01-16,2024-01-17,2024-01-17,16.9,1285.56,On-time,False
SH007489,W01,ST18,CR03,2024-01-17,2024-01-18,2024-01-18,11.7,689.93,On-time,False
SH007490,W03,ST18,CR03,2024-01-18,2024-01-20,2024-01-21,210.3,8676.35,Delayed,False
SH007491,W01,ST18,CR02,2024-01-19,2024-01-20,2024-01-21,18.9,1266.7,Delayed,False
SH007492,W03,ST18,CR05,2024-01-20,2024-01-22,2024-01-22,210.3,13048.56,On-time,False
SH007493,W03,ST18,CR01,2024-01-21,2024-01-23,2024-01-23,210.3,12163.86,On-time,False
SH007494,W01,ST18,CR03,2024-01-22,2024-01-23,2024-01-23,12.2,1087.59,On-time,False
SH007495,W01,ST18,CR04,2024-01-23,2024-01-24,2024-01-24,34.6,1843.01,On-time,False
SH007496,W01,ST18,CR02,2024-01-24,2024-01-25,2024-01-27,19.7,,Delayed,False
SH007497,W01,ST18,CR01,2024-01-25,2024-01-26,2024-01-26,19.3,1974.65,Damaged,False
SH007498,W01,ST18,CR03,2024-01-26,2024-01-27,2024-01-27,26.7,1790.81,On-time,False
SH007499,W01,ST18,CR03,2024-01-27,2024-01-28,2024-01-28,18.8,1551.62,On-time,False
SH007500,W01,ST18,CR04,2024-01-28,2024-01-29,2024-01-29,14.9,1158.07,On-time,False
SH007501,W01,ST18,CR05,2024-01-29,2024-01-30,2024-01-30,16.6,1548.93,On-time,False
SH007502,W01,ST18,CR03,2024-01-30,2024-01-31,2024-02-04,8.5,887.39,Delayed,False
SH007503,W01,ST18,CR01,2024-01-31,2024-02-01,2024-02-01,24.2,1782.07,On-time,False
SH007504,W01,ST18,CR05,2024-02-01,2024-02-02,2024-02-02,32.7,2174.8,On-time,False
SH007505,W01,ST18,CR01,2024-02-02,2024-02-03,2024-02-03,19.7,881.76,On-time,False
SH007506,W01,ST18,CR01,2024-02-03,2024-02-04,2024-02-04,26.4,1737.91,On-time,False
SH007507,W02,ST18,CR05,2024-02-04,2024-02-06,2024-02-06,221.4,10689.27,On-time,False
SH007508,W02,ST18,CR05,2024-02-05,2024-02-07,2024-02-07,221.4,9601.29,On-time,False
SH007509,W01,ST18,CR05,2024-02-06,2024-02-07,2024-02-07,30.2,1926.53,On-time,False
SH007510,W01,ST18,CR05,2024-02-07,2024-02-08,2024-02-08,18.9,1333.69,On-time,False
SH007511,W01,ST18,CR05,2024-02-08,2024-02-09,2024-02-09,10.4,1035.87,On-time,False
SH007512,W01,ST18,CR05,2024-02-09,2024-02-10,2024-02-10,32.5,1418.74,On-time,False
SH007513,W03,ST18,CR02,2024-02-10,2024-02-12,2024-02-12,210.3,9763.56,On-time,False
SH007514,W02,ST18,CR05,2024-02-11,2024-02-13,2024-02-13,221.4,10579.52,On-time,False
SH007515,W01,ST18,CR02,2024-02-12,2024-02-13,2024-02-13,17.7,1237.15,On-time,False
SH007516,W01,ST18,CR05,2024-02-13,2024-02-14,2024-02-14,16.0,1616.61,On-time,False
SH007517,W01,ST18,CR01,2024-02-14,2024-02-15,2024-02-17,25.7,1536.95,Delayed,False
SH007518,W01,ST18,CR02,2024-02-15,2024-02-16,2024-02-20,26.7,1499.81,Delayed,False
SH007519,W01,ST18,CR05,2024-02-16,2024-02-17,2024-02-17,24.1,1639.91,On-time,False
SH007520,W01,ST18,CR01,2024-02-17,2024-02-18,2024-02-18,16.7,1463.71,On-time,False
SH007521,W01,ST18,CR01,2024-02-18,2024-02-19,2024-02-19,23.4,,On-time,False
SH007522,W01,ST18,CR04,2024-02-19,2024-02-20,2024-02-20,21.0,1367.77,On-time,False
SH007523,W01,ST18,CR04,2024-02-20,2024-02-21,2024-02-23,19.6,1353.77,Delayed,False
SH007524,W01,ST18,CR03,2024-02-21,2024-02-22,2024-02-22,10.7,,On-time,False
SH007525,W01,ST18,CR05,2024-02-22,2024-02-23,2024-02-23,8.9,884.56,On-time,False
SH007526,W01,ST18,CR02,2024-02-23,2024-02-24,2024-02-25,28.0,1217.05,Delayed,False
SH007527,W01,ST18,CR03,2024-02-24,2024-02-25,2024-02-25,32.8,,On-time,False
SH007528,W03,ST18,CR03,2024-02-25,2024-02-27,2024-02-27,210.3,12634.49,On-time,False
SH007529,W02,ST18,CR02,2024-02-26,2024-02-28,2024-02-28,221.4,8411.1,On-time,False
SH007530,W01,ST18,CR02,2024-02-27,2024-02-28,2024-02-28,18.0,1238.45,On-time,False
SH007531,W02,ST18,CR04,2024-02-28,2024-03-01,2024-03-02,221.4,12804.34,Delayed,False
SH007532,W01,ST18,CR05,2024-02-29,2024-03-01,2024-03-01,28.4,1910.23,On-time,False
SH007533,W01,ST18,CR05,2024-03-01,2024-03-02,2024-03-02,18.8,1512.66,On-time,False
SH007534,W01,ST18,CR02,2024-03-02,2024-03-03,2024-03-03,12.6,1314.89,On-time,False
SH007535,W01,ST18,CR01,2024-03-03,2024-03-04,2024-03-04,26.3,1405.38,On-time,False
SH007536,W01,ST18,CR04,2024-03-04,2024-03-05,2024-03-07,13.5,665.73,Delayed,False
SH007537,W01,ST18,CR01,2024-03-05,2024-03-06,2024-03-06,27.3,1517.27,On-time,False
SH007538,W01,ST18,CR01,2024-03-06,2024-03-07,2024-03-07,10.4,1163.98,On-time,False
SH007539,W01,ST18,CR01,2024-03-07,2024-03-08,2024-03-08,24.7,1569.31,On-time,False
SH007540,W01,ST18,CR02,2024-03-08,2024-03-09,2024-03-09,16.3,1021.64,Damaged,False
SH007541,W01,ST18,CR05,2024-03-09,2024-03-10,2024-03-10,9.8,1224.04,On-time,False
SH007542,W01,ST18,CR01,2024-03-10,2024-03-11,2024-03-11,34.2,2230.69,On-time,False
SH007543,W02,ST18,CR01,2024-03-11,2024-03-13,2024-03-13,221.4,8120.34,On-time,False
SH007544,W01,ST18,CR04,2024-03-12,2024-03-13,2024-03-13,32.3,2000.52,On-time,False
SH007545,W01,ST18,CR04,2024-03-13,2024-03-14,2024-03-14,26.5,1708.15,On-time,False
SH007546,W03,ST18,CR05,2024-03-14,2024-03-16,2024-03-16,210.3,10034.36,On-time,False
SH007547,W01,ST18,CR01,2024-03-15,2024-03-16,2024-03-16,17.1,1030.31,On-time,False
SH007548,W01,ST18,CR03,2024-03-16,2024-03-17,2024-03-17,31.4,1903.3,On-time,False
SH007549,W01,ST18,CR03,2024-03-17,2024-03-18,2024-03-18,22.6,1445.36,On-time,False
SH007550,W01,ST18,CR03,2024-03-18,2024-03-19,2024-03-19,9.6,982.11,On-time,False
SH007551,W01,ST18,CR03,2024-03-19,2024-03-20,2024-03-20,15.8,716.77,On-time,False
SH007552,W01,ST18,CR05,2024-03-20,2024-03-21,2024-03-21,28.8,,On-time,False
SH007553,W01,ST18,CR01,2024-03-21,2024-03-22,2024-03-22,28.8,1645.03,On-time,False
SH007554,W03,ST18,CR01,2024-03-22,2024-03-24,2024-03-24,210.3,11747.19,On-time,False
SH007555,W01,ST18,CR05,2024-03-23,2024-03-24,2024-03-24,17.1,1342.64,On-time,False
SH007556,W01,ST18,CR01,2024-03-24,2024-03-25,2024-03-25,20.5,1360.33,On-time,False
SH007557,W01,ST18,CR03,2024-03-25,2024-03-26,2024-03-26,14.3,1170.04,On-time,False
SH007558,W01,ST18,CR04,2024-03-26,2024-03-27,2024-03-31,13.7,1084.19,Delayed,False
SH007559,W01,ST18,CR03,2024-03-27,2024-03-28,2024-03-28,12.8,1088.68,On-time,False
SH007560,W01,ST18,CR03,2024-03-28,2024-03-29,2024-03-29,22.5,1490.1,On-time,False
SH007561,W01,ST18,CR05,2024-03-29,2024-03-30,2024-03-30,16.7,1015.94,On-time,False
SH007562,W01,ST18,CR03,2024-03-30,2024-03-31,2024-03-31,25.8,,On-time,False
SH007563,W01,ST18,CR05,2024-03-31,2024-04-01,2024-04-01,13.1,1321.68,On-time,False
SH007564,W01,ST18,CR01,2024-04-01,2024-04-02,2024-04-02,14.7,1004.78,On-time,False
SH007565,W01,ST18,CR03,2024-04-02,2024-04-03,2024-04-03,16.2,1029.4,On-time,False
SH007566,W01,ST18,CR01,2024-04-03,2024-04-04,2024-04-04,14.5,1742.65,On-time,False
SH007567,W01,ST18,CR05,2024-04-04,2024-04-05,2024-04-05,16.5,1634.64,On-time,False
SH007568,W01,ST18,CR04,2024-04-05,2024-04-06,2024-04-07,10.2,589.76,Delayed,False
SH007569,W01,ST18,CR04,2024-04-06,2024-04-07,2024-04-07,28.5,1607.83,On-time,False
SH007570,W01,ST18,CR05,2024-04-07,2024-04-08,2024-04-08,33.2,1990.92,On-time,False
SH007571,W01,ST18,CR03,2024-04-08,2024-04-09,2024-04-13,20.8,1690.94,Delayed,False
SH007572,W01,ST18,CR03,2024-04-09,2024-04-10,2024-04-10,27.3,1783.01,On-time,False
SH007573,W01,ST18,CR03,2024-04-10,2024-04-11,2024-04-11,16.7,964.1,On-time,False
SH007574,W01,ST18,CR03,2024-04-11,2024-04-12,2024-04-12,8.3,803.08,Damaged,False
SH007575,W01,ST18,CR05,2024-04-12,2024-04-13,2024-04-13,7.6,1064.53,On-time,False
SH007576,W01,ST18,CR02,2024-04-13,2024-04-14,2024-04-14,17.7,1252.71,On-time,False
SH007577,W01,ST18,CR04,2024-04-14,2024-04-15,2024-04-15,16.2,1332.41,On-time,False
SH007578,W01,ST18,CR04,2024-04-15,2024-04-16,2024-04-18,13.5,1515.93,Delayed,False
SH007579,W01,ST18,CR05,2024-04-16,2024-04-17,2024-04-17,17.0,1462.43,On-time,False
SH007580,W01,ST18,CR03,2024-04-17,2024-04-18,2024-04-18,10.6,846.74,On-time,False
SH007581,W01,ST18,CR05,2024-04-18,2024-04-19,2024-04-19,21.9,1213.68,On-time,False
SH007582,W01,ST18,CR05,2024-04-19,2024-04-20,2024-04-20,16.0,1229.22,On-time,False
SH007583,W01,ST18,CR01,2024-04-20,2024-04-21,2024-04-21,13.4,1075.08,On-time,False
SH007584,W01,ST18,CR02,2024-04-21,2024-04-22,2024-04-22,30.2,1725.88,On-time,False
SH007585,W01,ST18,CR02,2024-04-22,2024-04-23,2024-04-23,34.1,2065.85,On-time,False
SH007586,W01,ST18,CR03,2024-04-23,2024-04-24,2024-04-24,33.6,1672.86,On-time,False
SH007587,W01,ST18,CR02,2024-04-24,2024-04-25,2024-04-25,21.7,1476.2,On-time,False
SH007588,W01,ST18,CR01,2024-04-25,2024-04-26,2024-04-26,31.1,1604.99,On-time,False
SH007589,W01,ST18,CR01,2024-04-26,2024-04-27,2024-04-27,10.9,718.18,On-time,False
SH007590,W03,ST18,CR04,2024-04-27,2024-04-29,2024-05-03,210.3,9726.03,Delayed,False
SH007591,W01,ST18,CR03,2024-04-28,2024-04-29,2024-05-01,30.4,2094.94,Delayed,False
SH007592,W01,ST18,CR01,2024-04-29,2024-04-30,2024-04-30,10.4,937.83,On-time,False
SH007593,W01,ST99,CR01,2024-04-30,2024-05-01,2024-05-01,21.3,1149.59,On-time,True
SH007594,W01,ST18,CR02,2024-05-01,2024-05-02,2024-05-02,27.5,1650.56,On-time,False
SH007595,W01,ST18,CR01,2024-05-02,2024-05-03,2024-05-03,8.8,667.52,On-time,False
SH007596,W02,ST18,CR04,2024-05-03,2024-05-05,2024-05-05,221.4,7752.38,On-time,False
SH007597,W01,ST18,CR05,2024-05-04,2024-05-05,2024-05-05,24.5,1804.94,On-time,False
SH007598,W01,ST18,CR02,2024-05-05,2024-05-06,2024-05-06,33.5,1795.73,On-time,False
SH007599,W01,ST18,CR05,2024-05-06,2024-05-07,2024-05-07,14.6,1172.27,On-time,False
SH007600,W01,ST18,CR02,2024-05-07,2024-05-08,2024-05-08,18.5,1700.31,On-time,False
SH007601,W01,ST18,CR04,2024-05-08,2024-05-09,2024-05-09,15.3,1261.41,On-time,False
SH007602,W01,ST18,CR01,2024-05-09,2024-05-10,2024-05-10,29.3,1710.97,On-time,False
SH007603,W01,ST18,CR02,2024-05-10,2024-05-11,2024-05-11,14.2,1196.18,On-time,False
SH007604,W01,ST18,CR02,2024-05-11,2024-05-12,2024-05-12,31.0,2210.04,On-time,False
SH007605,W01,ST18,CR05,2024-05-12,2024-05-13,2024-05-13,14.3,1256.04,On-time,False
SH007606,W01,ST18,CR02,2024-05-13,2024-05-14,2024-05-14,13.5,1019.06,On-time,False
SH007607,W01,ST18,CR02,2024-05-14,2024-05-15,2024-05-16,14.4,943.47,Delayed,False
SH007608,W01,ST18,CR05,2024-05-15,2024-05-16,2024-05-16,18.2,1450.85,On-time,False
SH007609,W03,ST18,CR01,2024-05-16,2024-05-18,2024-05-18,210.3,7485.21,On-time,False
SH007610,W01,ST18,CR03,2024-05-17,2024-05-18,2024-05-18,30.4,1492.9,On-time,False
SH007611,W01,ST18,CR02,2024-05-18,2024-05-19,2024-05-19,14.3,1107.79,On-time,False
SH007612,W01,ST18,CR01,2024-05-19,2024-05-20,2024-05-20,20.8,1878.25,On-time,False
SH007613,W01,ST18,CR04,2024-05-20,2024-05-21,2024-05-21,16.6,984.01,On-time,False
SH007614,W01,ST18,CR02,2024-05-21,2024-05-22,2024-05-25,29.8,1851.87,Delayed,False
SH007615,W01,ST18,CR02,2024-05-22,2024-05-23,2024-05-23,12.2,1540.57,On-time,False
SH007616,W01,ST18,CR01,2024-05-23,2024-05-24,2024-05-24,9.7,1277.73,On-time,False
SH007617,W01,ST18,CR04,2024-05-24,2024-05-25,2024-05-25,14.7,958.0,On-time,False
SH007618,W01,ST18,CR03,2024-05-25,2024-05-26,2024-05-26,11.1,902.4,Damaged,False
SH007619,W01,ST18,CR03,2024-05-26,2024-05-27,2024-05-27,10.9,895.18,On-time,False
SH007620,W01,ST18,CR05,2024-05-27,2024-05-28,2024-05-28,10.8,1369.12,On-time,False
SH007621,W01,ST18,CR04,2024-05-28,2024-05-29,2024-06-02,14.9,1127.84,Delayed,False
SH007622,W01,ST18,CR02,2024-05-29,2024-05-30,2024-05-30,34.4,1952.11,On-time,False
SH007623,W01,ST18,CR03,2024-05-30,2024-05-31,2024-05-31,27.6,1749.97,On-time,False
SH007624,W01,ST18,CR04,2024-05-31,2024-06-01,2024-06-05,32.4,1735.09,Delayed,False
SH007625,W01,ST18,CR05,2024-06-01,2024-06-02,2024-06-05,14.6,1248.95,Delayed,False
SH007626,W01,ST18,CR02,2024-06-02,2024-06-03,2024-06-06,32.2,,Delayed,False
SH007627,W01,ST18,CR01,2024-06-03,2024-06-04,2024-06-04,32.8,1940.68,On-time,False
SH007628,W01,ST18,CR01,2024-06-04,2024-06-05,2024-06-05,27.6,1488.71,On-time,False
SH007629,W01,ST18,CR03,2024-06-05,2024-06-06,2024-06-06,10.0,,On-time,False
SH007630,W01,ST18,CR05,2024-06-06,2024-06-07,2024-06-07,33.4,,On-time,False
SH007631,W01,ST18,CR02,2024-06-07,2024-06-08,2024-06-11,12.0,761.56,Delayed,False
SH007632,W01,ST18,CR04,2024-06-08,2024-06-09,2024-06-09,26.3,1716.17,On-time,False
SH007633,W01,ST18,CR01,2024-06-09,2024-06-10,2024-06-10,5.0,935.6,On-time,False
SH007634,W01,ST18,CR02,2024-06-10,2024-06-11,2024-06-11,5.1,673.09,On-time,False
SH007635,W01,ST18,CR03,2024-06-11,2024-06-12,2024-06-12,20.4,1780.5,On-time,False
SH007636,W01,ST18,CR01,2024-06-12,2024-06-13,2024-06-13,31.5,,On-time,False
SH007637,W01,ST18,CR05,2024-06-13,2024-06-14,2024-06-14,21.2,1726.13,On-time,False
SH007638,W01,ST18,CR04,2024-06-14,2024-06-15,2024-06-17,8.3,888.04,Delayed,False
SH007639,W01,ST18,CR05,2024-06-15,2024-06-16,2024-06-16,25.7,1672.28,On-time,False
SH007640,W01,ST18,CR05,2024-06-16,2024-06-17,2024-06-21,26.2,1714.02,Delayed,False
SH007641,W01,ST18,CR04,2024-06-17,2024-06-18,2024-06-18,12.2,892.27,On-time,False
SH007642,W01,ST18,CR01,2024-06-18,2024-06-19,2024-06-19,31.8,2047.91,On-time,False
SH007643,W01,ST18,CR03,2024-06-19,2024-06-20,2024-06-20,31.5,2016.82,On-time,False
SH007644,W01,ST18,CR03,2024-06-20,2024-06-21,2024-06-23,13.1,917.96,Delayed,False
SH007645,W01,ST18,CR05,2024-06-21,2024-06-22,2024-06-22,26.8,1601.94,On-time,False
SH007646,W03,ST18,CR02,2024-06-22,2024-06-24,2024-06-27,210.3,11108.92,Delayed,False
SH007647,W01,ST18,CR03,2024-06-23,2024-06-24,2024-06-24,34.0,2353.34,On-time,False
SH007648,W01,ST18,CR02,2024-06-24,2024-06-25,2024-06-29,20.3,1349.88,Delayed,False
SH007649,W01,ST18,CR05,2024-06-25,2024-06-26,2024-06-29,15.9,1121.59,Delayed,False
SH007650,W01,ST18,CR02,2024-06-26,2024-06-27,2024-06-27,33.0,1981.89,On-time,False
SH007651,W01,ST18,CR02,2024-06-27,2024-06-28,2024-06-28,30.5,1454.18,On-time,False
SH007652,W01,ST18,CR02,2024-06-28,2024-06-29,2024-06-29,13.2,1018.47,On-time,False
SH007653,W01,ST18,CR04,2024-06-29,2024-06-30,2024-07-01,14.8,815.06,Lost,False
SH007654,W01,ST18,CR05,2024-06-30,2024-07-01,2024-07-01,24.8,1439.8,On-time,False
SH007655,W01,ST18,CR03,2024-07-01,2024-07-02,2024-07-02,23.3,1359.79,On-time,False
SH007656,W01,ST18,CR03,2024-07-02,2024-07-03,2024-07-04,25.0,1872.83,Delayed,False
SH007657,W01,ST18,CR04,2024-07-03,2024-07-04,2024-07-08,24.0,1537.27,Delayed,False
SH007658,W01,ST18,CR05,2024-07-04,2024-07-05,2024-07-05,12.4,1006.95,On-time,False
SH007659,W01,ST18,CR01,2024-07-05,2024-07-06,2024-07-06,31.0,1531.94,On-time,False
SH007660,W01,ST18,CR01,2024-07-06,2024-07-07,2024-07-07,16.9,1209.32,On-time,False
SH007661,W01,ST18,CR04,2024-07-07,2024-07-08,2024-07-08,22.0,1619.06,On-time,False
SH007662,W01,ST18,CR03,2024-07-08,2024-07-09,2024-07-09,24.6,1668.82,Damaged,False
SH007663,W03,ST99,CR05,2024-07-09,2024-07-11,2024-07-11,210.3,10523.86,On-time,True
SH007664,W01,ST18,CR03,2024-07-10,2024-07-11,2024-07-11,34.5,2320.25,On-time,False
SH007665,W01,ST18,CR05,2024-07-11,2024-07-12,2024-07-12,24.6,1232.58,On-time,False
SH007666,W01,ST18,CR02,2024-07-12,2024-07-13,2024-07-13,33.7,2199.58,On-time,False
SH007667,W03,ST18,CR02,2024-07-13,2024-07-15,2024-07-17,210.3,9752.63,Delayed,False
SH007668,W02,ST18,CR02,2024-07-14,2024-07-16,2024-07-20,221.4,10549.01,Delayed,False
SH007669,W01,ST18,CR04,2024-07-15,2024-07-16,2024-07-16,11.1,1018.44,On-time,False
SH007670,W03,ST18,CR02,2024-07-16,2024-07-18,2024-07-19,210.3,11787.91,Delayed,False
SH007671,W01,ST18,CR03,2024-07-17,2024-07-18,2024-07-18,11.3,1242.31,On-time,False
SH007672,W03,ST18,CR02,2024-07-18,2024-07-20,2024-07-24,210.3,9447.37,Delayed,False
SH007673,W01,ST18,CR02,2024-07-19,2024-07-20,2024-07-20,10.6,993.07,On-time,False
SH007674,W01,ST18,CR01,2024-07-20,2024-07-21,2024-07-21,13.8,778.5,On-time,False
SH007675,W01,ST18,CR02,2024-07-21,2024-07-22,2024-07-22,12.1,1037.57,On-time,False
SH007676,W01,ST18,CR03,2024-07-22,2024-07-23,2024-07-27,28.0,,Delayed,False
SH007677,W01,ST18,CR02,2024-07-23,2024-07-24,2024-07-24,23.4,1727.67,On-time,False
SH007678,W01,ST18,CR04,2024-07-24,2024-07-25,2024-07-25,10.6,704.42,On-time,False
SH007679,W01,ST18,CR05,2024-07-25,2024-07-26,2024-07-26,11.7,872.97,On-time,False
SH007680,W01,ST18,CR03,2024-07-26,2024-07-27,2024-07-30,30.7,1828.51,Delayed,False
SH007681,W01,ST18,CR01,2024-07-27,2024-07-28,2024-07-28,8.7,,On-time,False
SH007682,W01,ST18,CR03,2024-07-28,2024-07-29,2024-07-29,9.3,932.47,On-time,False
SH007683,W01,ST18,CR05,2024-07-29,2024-07-30,2024-07-30,25.3,1902.61,On-time,False
SH007684,W01,ST18,CR02,2024-07-30,2024-07-31,2024-07-31,14.9,1386.64,On-time,False
SH007685,W01,ST18,CR01,2024-07-31,2024-08-01,2024-08-05,22.7,1628.84,Damaged,False
SH007686,W02,ST18,CR04,2024-08-01,2024-08-03,2024-08-03,221.4,9289.64,On-time,False
SH007687,W01,ST18,CR02,2024-08-02,2024-08-03,2024-08-03,10.7,875.86,On-time,False
SH007688,W01,ST18,CR04,2024-08-03,2024-08-04,2024-08-06,19.0,1383.15,Delayed,False
SH007689,W02,ST18,CR05,2024-08-04,2024-08-06,2024-08-08,221.4,10776.77,Delayed,False
SH007690,W01,ST18,CR05,2024-08-05,2024-08-06,2024-08-06,8.7,718.85,On-time,False
SH007691,W01,ST18,CR05,2024-08-06,2024-08-07,2024-08-07,9.6,821.38,On-time,False
SH007692,W03,ST18,CR03,2024-08-07,2024-08-09,2024-08-13,210.3,7139.71,Delayed,False
SH007693,W01,ST18,CR03,2024-08-08,2024-08-09,2024-08-09,9.6,868.96,On-time,False
SH007694,W01,ST18,CR03,2024-08-09,2024-08-10,2024-08-10,25.0,1710.65,On-time,False
SH007695,W01,ST18,CR03,2024-08-10,2024-08-11,2024-08-14,29.2,1726.21,Delayed,False
SH007696,W01,ST18,CR02,2024-08-11,2024-08-12,2024-08-15,21.4,1410.97,Delayed,False
SH007697,W01,ST18,CR01,2024-08-12,2024-08-13,2024-08-16,19.3,1847.85,Delayed,False
SH007698,W03,ST18,CR01,2024-08-13,2024-08-15,2024-08-15,210.3,8397.01,On-time,False
SH007699,W01,ST18,CR02,2024-08-14,2024-08-15,2024-08-15,11.6,824.39,On-time,False
SH007700,W01,ST18,CR01,2024-08-15,2024-08-16,2024-08-16,21.0,1493.62,On-time,False
SH007701,W01,ST18,CR02,2024-08-16,2024-08-17,2024-08-17,18.1,1770.57,On-time,False
SH007702,W01,ST18,CR01,2024-08-17,2024-08-18,2024-08-18,9.3,834.32,On-time,False
SH007703,W01,ST18,CR05,2024-08-18,2024-08-19,2024-08-19,9.2,810.35,On-time,False
SH007704,W03,ST18,CR03,2024-08-19,2024-08-21,2024-08-21,210.3,13463.82,On-time,False
SH007705,W01,ST18,CR04,2024-08-20,2024-08-21,2024-08-21,17.9,,On-time,False
SH007706,W01,ST18,CR02,2024-08-21,2024-08-22,2024-08-22,17.0,1017.15,On-time,False
SH007707,W01,ST18,CR01,2024-08-22,2024-08-23,2024-08-26,8.9,869.52,Delayed,False
SH007708,W01,ST18,CR01,2024-08-23,2024-08-24,2024-08-24,8.5,961.16,On-time,False
SH007709,W01,ST18,CR03,2024-08-24,2024-08-25,2024-08-25,27.2,1764.15,On-time,False
SH007710,W01,ST18,CR05,2024-08-25,2024-08-26,2024-08-26,6.5,820.41,On-time,False
SH007711,W01,ST18,CR02,2024-08-26,2024-08-27,2024-08-29,21.1,944.57,Delayed,False
SH007712,W01,ST18,CR05,2024-08-27,2024-08-28,2024-08-28,32.6,2112.1,On-time,False
SH007713,W01,ST18,CR02,2024-08-28,2024-08-29,2024-08-29,28.3,1641.48,On-time,False
SH007714,W01,ST18,CR02,2024-08-29,2024-08-30,2024-08-30,27.3,1421.98,On-time,False
SH007715,W03,ST18,CR01,2024-08-30,2024-09-01,2024-09-01,210.3,10141.22,On-time,False
SH007716,W01,ST18,CR05,2024-08-31,2024-09-01,2024-09-01,14.1,735.99,On-time,False
SH007717,W01,ST18,CR04,2024-09-01,2024-09-02,2024-09-02,20.1,1404.48,On-time,False
SH007718,W01,ST18,CR04,2024-09-02,2024-09-03,2024-09-04,27.3,1400.84,Delayed,False
SH007719,W01,ST18,CR01,2024-09-03,2024-09-04,2024-09-04,14.5,1089.59,On-time,False
SH007720,W01,ST18,CR02,2024-09-04,2024-09-05,2024-09-06,24.6,1281.4,Delayed,False
SH007721,W01,ST18,CR04,2024-09-05,2024-09-06,2024-09-06,20.4,1469.97,On-time,False
SH007722,W01,ST18,CR04,2024-09-06,2024-09-07,2024-09-08,26.6,1814.28,Delayed,False
SH007723,W01,ST18,CR05,2024-09-07,2024-09-08,2024-09-11,31.6,2077.86,Delayed,False
SH007724,W01,ST18,CR05,2024-09-08,2024-09-09,2024-09-09,24.0,1483.78,On-time,False
SH007725,W01,ST18,CR03,2024-09-09,2024-09-10,2024-09-13,18.1,1819.35,Delayed,False
SH007726,W01,ST18,CR02,2024-09-10,2024-09-11,2024-09-14,11.2,826.72,Delayed,False
SH007727,W01,ST18,CR02,2024-09-11,2024-09-12,2024-09-14,15.7,1560.63,Delayed,False
SH007728,W01,ST18,CR05,2024-09-12,2024-09-13,2024-09-17,16.7,1234.73,Delayed,False
SH007729,W01,ST18,CR01,2024-09-13,2024-09-14,2024-09-14,27.6,1721.41,On-time,False
SH007730,W01,ST18,CR03,2024-09-14,2024-09-15,2024-09-16,8.6,1232.33,Delayed,False
SH007731,W01,ST18,CR02,2024-09-15,2024-09-16,2024-09-16,25.7,1690.28,On-time,False
SH007732,W01,ST18,CR01,2024-09-16,2024-09-17,2024-09-17,23.4,1471.77,On-time,False
SH007733,W01,ST18,CR04,2024-09-17,2024-09-18,2024-09-18,12.1,1052.15,On-time,False
SH007734,W01,ST18,CR03,2024-09-18,2024-09-19,2024-09-19,16.3,1220.65,On-time,False
SH007735,W01,ST18,CR01,2024-09-19,2024-09-20,2024-09-20,26.9,1575.11,On-time,False
SH007736,W01,ST18,CR03,2024-09-20,2024-09-21,2024-09-21,14.9,1313.28,On-time,False
SH007737,W03,ST18,CR04,2024-09-21,2024-09-23,2024-09-25,210.3,8563.33,Delayed,False
SH007738,W01,ST18,CR03,2024-09-22,2024-09-23,2024-09-23,25.6,1112.38,On-time,False
SH007739,W01,ST18,CR03,2024-09-23,2024-09-24,2024-09-24,23.5,1589.26,On-time,False
SH007740,W01,ST18,CR05,2024-09-24,2024-09-25,2024-09-29,18.5,1132.12,Delayed,False
SH007741,W01,ST18,CR05,2024-09-25,2024-09-26,2024-09-26,30.3,1333.22,On-time,False
SH007742,W01,ST18,CR04,2024-09-26,2024-09-27,2024-09-28,27.0,1403.44,Delayed,False
SH007743,W01,ST18,CR01,2024-09-27,2024-09-28,2024-09-28,28.1,1882.75,On-time,False
SH007744,W01,ST18,CR03,2024-09-28,2024-09-29,2024-09-29,29.2,1481.27,On-time,False
SH007745,W01,ST18,CR01,2024-09-29,2024-09-30,2024-09-30,28.6,1805.91,On-time,False
SH007746,W01,ST18,CR01,2024-09-30,2024-10-01,2024-10-01,24.9,1999.11,On-time,False
SH007747,W01,ST18,CR03,2024-10-01,2024-10-02,2024-10-02,17.4,1225.35,On-time,False
SH007748,W01,ST18,CR02,2024-10-02,2024-10-03,2024-10-05,13.1,937.14,Delayed,False
SH007749,W01,ST18,CR01,2024-10-03,2024-10-04,2024-10-07,23.5,1776.57,Delayed,False
SH007750,W01,ST18,CR02,2024-10-04,2024-10-05,2024-10-05,11.4,1038.99,On-time,False
SH007751,W03,ST18,CR01,2024-10-05,2024-10-07,2024-10-10,210.3,8776.2,Delayed,False
SH007752,W01,ST18,CR05,2024-10-06,2024-10-07,2024-10-07,33.5,1736.19,On-time,False
SH007753,W01,ST18,CR01,2024-10-07,2024-10-08,2024-10-08,14.1,1032.97,Lost,False
SH007754,W03,ST18,CR04,2024-10-08,2024-10-10,2024-10-13,210.3,9520.54,Delayed,False
SH007755,W01,ST18,CR01,2024-10-09,2024-10-10,2024-10-10,28.9,1692.44,On-time,False
SH007756,W01,ST18,CR02,2024-10-10,2024-10-11,2024-10-11,13.4,1006.15,On-time,False
SH007757,W01,ST18,CR02,2024-10-11,2024-10-12,2024-10-12,28.8,1958.93,On-time,False
SH007758,W01,ST18,CR03,2024-10-12,2024-10-13,2024-10-13,14.2,1154.51,On-time,False
SH007759,W01,ST18,CR04,2024-10-13,2024-10-14,2024-10-14,23.1,,On-time,False
SH007760,W01,ST18,CR05,2024-10-14,2024-10-15,2024-10-15,12.1,1028.36,On-time,False
SH007761,W01,ST18,CR01,2024-10-15,2024-10-16,2024-10-16,25.9,1612.11,On-time,False
SH007762,W01,ST18,CR03,2024-10-16,2024-10-17,2024-10-17,28.2,1331.75,On-time,False
SH007763,W01,ST18,CR03,2024-10-17,2024-10-18,2024-10-18,16.5,1269.6,On-time,False
SH007764,W01,ST18,CR05,2024-10-18,2024-10-19,2024-10-19,21.3,2237.78,On-time,False
SH007765,W01,ST18,CR04,2024-10-19,2024-10-20,2024-10-20,26.6,1499.67,On-time,False
SH007766,W01,ST18,CR04,2024-10-20,2024-10-21,2024-10-21,34.0,1654.54,On-time,False
SH007767,W01,ST18,CR02,2024-10-21,2024-10-22,2024-10-23,25.5,1407.59,Delayed,False
SH007768,W01,ST18,CR03,2024-10-22,2024-10-23,2024-10-23,22.0,1394.93,On-time,False
SH007769,W01,ST18,CR02,2024-10-23,2024-10-24,2024-10-24,18.9,1242.57,On-time,False
SH007770,W01,ST18,CR03,2024-10-24,2024-10-25,2024-10-25,9.7,908.55,On-time,False
SH007771,W01,ST18,CR03,2024-10-25,2024-10-26,2024-10-26,33.8,1764.55,On-time,False
SH007772,W03,ST18,CR02,2024-10-26,2024-10-28,2024-11-01,210.3,11121.01,Delayed,False
SH007773,W01,ST18,CR01,2024-10-27,2024-10-28,2024-10-28,24.9,1597.47,On-time,False
SH007774,W01,ST18,CR03,2024-10-28,2024-10-29,2024-10-31,28.2,,Delayed,False
SH007775,W01,ST18,CR01,2024-10-29,2024-10-30,2024-10-30,28.1,1487.34,On-time,False
SH007776,W03,ST18,CR04,2024-10-30,2024-11-01,2024-11-02,210.3,10066.65,Delayed,False
SH007777,W01,ST18,CR05,2024-10-31,2024-11-01,2024-11-01,8.2,621.2,On-time,False
SH007778,W01,ST18,CR05,2024-11-01,2024-11-02,2024-11-02,19.7,1318.5,On-time,False
SH007779,W01,ST18,CR03,2024-11-02,2024-11-03,2024-11-03,6.8,1064.76,On-time,False
SH007780,W01,ST18,CR05,2024-11-03,2024-11-04,2024-11-04,12.9,972.39,On-time,False
SH007781,W01,ST18,CR03,2024-11-04,2024-11-05,2024-11-05,19.8,1278.55,On-time,False
SH007782,W01,ST18,CR04,2024-11-05,2024-11-06,2024-11-06,17.7,997.25,On-time,False
SH007783,W01,ST18,CR01,2024-11-06,2024-11-07,2024-11-07,14.4,1195.6,On-time,False
SH007784,W01,ST18,CR05,2024-11-07,2024-11-08,2024-11-08,21.6,1276.37,On-time,False
SH007785,W01,ST18,CR05,2024-11-08,2024-11-09,2024-11-09,22.4,1139.68,On-time,False
SH007786,W01,ST18,CR02,2024-11-09,2024-11-10,2024-11-12,31.3,2083.55,Delayed,False
SH007787,W01,ST18,CR02,2024-11-10,2024-11-11,2024-11-11,32.4,1877.45,On-time,False
SH007788,W01,ST18,CR05,2024-11-11,2024-11-12,2024-11-12,11.6,961.1,On-time,False
SH007789,W01,ST18,CR01,2024-11-12,2024-11-13,2024-11-13,30.0,1657.29,On-time,False
SH007790,W01,ST18,CR01,2024-11-13,2024-11-14,2024-11-14,31.0,2111.62,On-time,False
SH007791,W01,ST18,CR04,2024-11-14,2024-11-15,2024-11-15,9.1,605.73,On-time,False
SH007792,W01,ST18,CR05,2024-11-15,2024-11-16,2024-11-16,21.9,1561.95,On-time,False
SH007793,W01,ST18,CR05,2024-11-16,2024-11-17,2024-11-17,32.4,2352.23,On-time,False
SH007794,W01,ST18,CR05,2024-11-17,2024-11-18,2024-11-18,25.5,1342.28,On-time,False
SH007795,W01,ST18,CR01,2024-11-18,2024-11-19,2024-11-19,18.4,1181.18,On-time,False
SH007796,W01,ST18,CR03,2024-11-19,2024-11-20,2024-11-20,19.3,1407.28,On-time,False
SH007797,W01,ST18,CR05,2024-11-20,2024-11-21,2024-11-21,30.5,1790.52,On-time,False
SH007798,W02,ST18,CR02,2024-11-21,2024-11-23,2024-11-23,221.4,12038.48,On-time,False
SH007799,W01,ST18,CR01,2024-11-22,2024-11-23,2024-11-23,13.8,1095.81,On-time,False
SH007800,W01,ST18,CR02,2024-11-23,2024-11-24,2024-11-24,11.8,790.98,On-time,False
SH007801,W01,ST18,CR05,2024-11-24,2024-11-25,2024-11-25,7.5,,On-time,False
SH007802,W02,ST18,CR02,2024-11-25,2024-11-27,2024-11-27,221.4,9146.3,On-time,False
SH007803,W01,ST18,CR01,2024-11-26,2024-11-27,2024-11-27,23.4,1474.71,On-time,False
SH007804,W01,ST18,CR02,2024-11-27,2024-11-28,2024-11-28,19.8,1401.77,On-time,False
SH007805,W01,ST18,CR03,2024-11-28,2024-11-29,2024-11-29,8.3,758.23,On-time,False
SH007806,W01,ST18,CR05,2024-11-29,2024-11-30,2024-11-30,21.5,1913.39,On-time,False
SH007807,W01,ST18,CR05,2024-11-30,2024-12-01,2024-12-01,26.6,1849.47,On-time,False
SH007808,W03,ST18,CR05,2024-12-01,2024-12-03,2024-12-03,210.3,8180.39,On-time,False
SH007809,W01,ST18,CR02,2024-12-02,2024-12-03,2024-12-03,11.2,797.28,On-time,False
SH007810,W01,ST18,CR01,2024-12-03,2024-12-04,2024-12-04,13.0,922.5,On-time,False
SH007811,W01,ST18,CR01,2024-12-04,2024-12-05,2024-12-05,28.5,1587.82,On-time,False
SH007812,W01,ST18,CR05,2024-12-05,2024-12-06,2024-12-06,30.4,1716.76,On-time,False
SH007813,W01,ST18,CR04,2024-12-06,2024-12-07,2024-12-09,22.7,1466.26,Delayed,False
SH007814,W01,ST18,CR05,2024-12-07,2024-12-08,2024-12-08,25.5,1606.08,On-time,False
SH007815,W01,ST18,CR01,2024-12-08,2024-12-09,2024-12-09,22.1,1263.32,On-time,False
SH007816,W01,ST18,CR02,2024-12-09,2024-12-10,2024-12-10,22.8,1284.98,On-time,False
SH007817,W03,ST18,CR03,2024-12-10,2024-12-12,2024-12-12,210.3,8736.03,On-time,False
SH007818,W01,ST18,CR04,2024-12-11,2024-12-12,2024-12-13,20.5,1854.04,Delayed,False
SH007819,W01,ST18,CR01,2024-12-12,2024-12-13,2024-12-13,10.9,,On-time,False
SH007820,W01,ST18,CR04,2024-12-13,2024-12-14,2024-12-14,10.3,953.42,On-time,False
SH007821,W01,ST18,CR03,2024-12-14,2024-12-15,2024-12-15,9.5,830.35,On-time,False
SH007822,W01,ST18,CR01,2024-12-15,2024-12-16,2024-12-16,13.3,740.65,On-time,False
SH007823,W01,ST18,CR03,2024-12-16,2024-12-17,2024-12-17,16.7,1323.07,On-time,False
SH007824,W01,ST18,CR04,2024-12-17,2024-12-18,2024-12-18,8.3,583.89,On-time,False
SH007825,W01,ST18,CR02,2024-12-18,2024-12-19,2024-12-20,8.3,584.82,Delayed,False
SH007826,W01,ST18,CR03,2024-12-19,2024-12-20,2024-12-20,31.0,1757.46,On-time,False
SH007827,W01,ST18,CR02,2024-12-20,2024-12-21,2024-12-21,34.3,1844.27,On-time,False
SH007828,W01,ST18,CR01,2024-12-21,2024-12-22,2024-12-22,32.2,1811.77,On-time,False
SH007829,W01,ST18,CR02,2024-12-22,2024-12-23,2024-12-23,23.3,1744.38,On-time,False
SH007830,W01,ST18,CR01,2024-12-23,2024-12-24,2024-12-24,17.7,1156.35,On-time,False
SH007831,W01,ST18,CR04,2024-12-24,2024-12-25,2024-12-25,25.7,1393.28,On-time,False
SH007832,W01,ST18,CR02,2024-12-25,2024-12-26,2024-12-26,17.8,1231.96,On-time,False
SH007833,W01,ST18,CR03,2024-12-26,2024-12-27,2024-12-27,20.6,1591.11,On-time,False
SH007834,W01,ST18,CR03,2024-12-27,2024-12-28,2024-12-29,32.3,2187.04,Delayed,False
SH007835,W01,ST18,CR05,2024-12-28,2024-12-29,2024-12-29,21.9,1394.29,On-time,False
SH007836,W01,ST18,CR02,2024-12-29,2024-12-30,2024-12-30,16.4,1980.13,On-time,False
SH007837,W02,ST18,CR01,2024-12-30,2025-01-01,2025-01-01,221.4,8346.5,On-time,False
SH007838,W01,ST18,CR02,2024-12-31,2025-01-01,2025-01-01,25.6,1655.62,On-time,False
SH007839,W01,ST18,CR02,2025-01-01,2025-01-02,2025-01-03,10.5,896.33,Delayed,False
SH007840,W01,ST18,CR01,2025-01-02,2025-01-03,2025-01-03,19.9,1432.64,On-time,False
SH007841,W01,ST18,CR04,2025-01-03,2025-01-04,2025-01-04,26.3,1268.54,On-time,False
SH007842,W01,ST18,CR01,2025-01-04,2025-01-05,2025-01-05,15.2,1309.75,On-time,False
SH007843,W01,ST18,CR03,2025-01-05,2025-01-06,2025-01-06,31.0,1578.79,On-time,False
SH007844,W01,ST18,CR05,2025-01-06,2025-01-07,2025-01-07,32.4,1884.06,On-time,False
SH007845,W01,ST18,CR01,2025-01-07,2025-01-08,2025-01-10,30.3,2011.73,Delayed,False
SH007846,W01,ST18,CR02,2025-01-08,2025-01-09,2025-01-09,23.2,1275.94,On-time,False
SH007847,W01,ST18,CR01,2025-01-09,2025-01-10,2025-01-13,18.6,1286.39,Delayed,False
SH007848,W01,ST18,CR01,2025-01-10,2025-01-11,2025-01-11,27.5,1357.67,On-time,False
SH007849,W01,ST99,CR02,2025-01-11,2025-01-12,2025-01-12,23.8,1728.04,On-time,True
SH007850,W01,ST18,CR01,2025-01-12,2025-01-13,2025-01-13,17.9,1081.74,On-time,False
SH007851,W01,ST18,CR04,2025-01-13,2025-01-14,2025-01-14,10.7,1048.26,On-time,False
SH007852,W01,ST18,CR03,2025-01-14,2025-01-15,2025-01-15,8.4,662.93,On-time,False
SH007853,W01,ST18,CR03,2025-01-15,2025-01-16,2025-01-16,22.0,1412.1,On-time,False
SH007854,W01,ST18,CR05,2025-01-16,2025-01-17,2025-01-17,14.6,1206.42,On-time,False
SH007855,W01,ST18,CR04,2025-01-17,2025-01-18,2025-01-18,19.2,1856.64,On-time,False
SH007856,W01,ST18,CR02,2025-01-18,2025-01-19,2025-01-19,11.2,867.43,On-time,False
SH007857,W01,ST18,CR02,2025-01-19,2025-01-20,2025-01-20,26.4,1799.68,On-time,False
SH007858,W02,ST18,CR04,2025-01-20,2025-01-22,2025-01-25,221.4,10815.99,Delayed,False
SH007859,W01,ST18,CR02,2025-01-21,2025-01-22,2025-01-22,31.5,1910.08,On-time,False
SH007860,W01,ST18,CR03,2025-01-22,2025-01-23,2025-01-23,32.4,2107.71,On-time,False
SH007861,W01,ST18,CR02,2025-01-23,2025-01-24,2025-01-26,12.0,1000.73,Delayed,False
SH007862,W01,ST18,CR04,2025-01-24,2025-01-25,2025-01-25,29.8,1442.1,On-time,False
SH007863,W01,ST18,CR02,2025-01-25,2025-01-26,2025-01-26,9.8,738.62,On-time,False
SH007864,W01,ST18,CR04,2025-01-26,2025-01-27,2025-01-27,24.4,1435.36,On-time,False
SH007865,W01,ST18,CR03,2025-01-27,2025-01-28,2025-01-28,17.6,936.51,On-time,False
SH007866,W01,ST18,CR01,2025-01-28,2025-01-29,2025-01-29,20.7,,On-time,False
SH007867,W01,ST18,CR01,2025-01-29,2025-01-30,2025-02-03,18.2,1331.06,Delayed,False
SH007868,W01,ST18,CR02,2025-01-30,2025-01-31,2025-01-31,12.4,1018.42,On-time,False
SH007869,W01,ST18,CR03,2025-01-31,2025-02-01,2025-02-01,19.0,,On-time,False
SH007870,W01,ST18,CR04,2025-02-01,2025-02-02,2025-02-02,32.8,1843.68,On-time,False
SH007871,W01,ST18,CR01,2025-02-02,2025-02-03,2025-02-03,15.5,1094.33,On-time,False
SH007872,W01,ST18,CR04,2025-02-03,2025-02-04,2025-02-06,34.2,2004.67,Delayed,False
SH007873,W02,ST18,CR03,2025-02-04,2025-02-06,2025-02-06,221.4,10904.5,On-time,False
SH007874,W01,ST18,CR02,2025-02-05,2025-02-06,2025-02-06,11.5,1044.52,On-time,False
SH007875,W01,ST18,CR02,2025-02-06,2025-02-07,2025-02-07,9.3,592.49,On-time,False
SH007876,W01,ST18,CR05,2025-02-07,2025-02-08,2025-02-10,9.2,792.7,Delayed,False
SH007877,W01,ST18,CR01,2025-02-08,2025-02-09,2025-02-09,31.1,1608.74,On-time,False
SH007878,W01,ST18,CR02,2025-02-09,2025-02-10,2025-02-10,22.7,1491.41,On-time,False
SH007879,W01,ST18,CR05,2025-02-10,2025-02-11,2025-02-15,22.9,1720.29,Delayed,False
SH007880,W01,ST18,CR02,2025-02-11,2025-02-12,2025-02-12,9.8,793.54,On-time,False
SH007881,W01,ST18,CR01,2025-02-12,2025-02-13,2025-02-13,11.6,1205.42,On-time,False
SH007882,W01,ST18,CR03,2025-02-13,2025-02-14,2025-02-14,8.3,1018.64,On-time,False
SH007883,W01,ST18,CR01,2025-02-14,2025-02-15,2025-02-15,23.9,1260.12,On-time,False
SH007884,W01,ST18,CR03,2025-02-15,2025-02-16,2025-02-16,25.8,1918.82,On-time,False
SH007885,W01,ST18,CR05,2025-02-16,2025-02-17,2025-02-17,14.7,820.36,On-time,False
SH007886,W01,ST18,CR01,2025-02-17,2025-02-18,2025-02-18,14.0,986.26,On-time,False
SH007887,W01,ST18,CR02,2025-02-18,2025-02-19,2025-02-19,9.6,1050.21,On-time,False
SH007888,W01,ST18,CR05,2025-02-19,2025-02-20,2025-02-20,25.1,1419.54,On-time,False
SH007889,W01,ST18,CR05,2025-02-20,2025-02-21,2025-02-21,30.8,2277.9,On-time,False
SH007890,W03,ST18,CR03,2025-02-21,2025-02-23,2025-02-23,210.3,8779.49,On-time,False
SH007891,W01,ST18,CR03,2025-02-22,2025-02-23,2025-02-25,27.8,1695.42,Delayed,False
SH007892,W01,ST18,CR01,2025-02-23,2025-02-24,2025-02-24,10.7,1168.91,On-time,False
SH007893,W01,ST18,CR05,2025-02-24,2025-02-25,2025-02-25,9.7,857.29,On-time,False
SH007894,W01,ST18,CR03,2025-02-25,2025-02-26,2025-02-26,16.1,843.36,On-time,False
SH007895,W01,ST18,CR01,2025-02-26,2025-02-27,2025-02-27,32.1,1411.91,On-time,False
SH007896,W01,ST18,CR01,2025-02-27,2025-02-28,2025-03-01,16.2,975.13,Delayed,False
SH007897,W01,ST18,CR03,2025-02-28,2025-03-01,2025-03-01,32.6,1836.28,Damaged,False
SH007898,W01,ST18,CR03,2025-03-01,2025-03-02,2025-03-02,8.6,1040.59,On-time,False
SH007899,W01,ST18,CR02,2025-03-02,2025-03-03,2025-03-03,18.0,1256.5,On-time,False
SH007900,W01,ST18,CR04,2025-03-03,2025-03-04,2025-03-04,10.0,874.1,On-time,False
SH007901,W01,ST18,CR03,2025-03-04,2025-03-05,2025-03-06,29.3,1914.27,Delayed,False
SH007902,W01,ST18,CR04,2025-03-05,2025-03-06,2025-03-06,30.5,,On-time,False
SH007903,W01,ST18,CR01,2025-03-06,2025-03-07,2025-03-07,13.8,,On-time,False
SH007904,W01,ST18,CR01,2025-03-07,2025-03-08,2025-03-08,29.8,1954.95,On-time,False
SH007905,W01,ST18,CR03,2025-03-08,2025-03-09,2025-03-09,31.1,1829.36,On-time,False
SH007906,W01,ST18,CR03,2025-03-09,2025-03-10,2025-03-10,23.1,1609.6,On-time,False
SH007907,W01,ST18,CR01,2025-03-10,2025-03-11,2025-03-11,34.0,1986.72,On-time,False
SH007908,W01,ST18,CR02,2025-03-11,2025-03-12,2025-03-14,22.5,1587.3,Delayed,False
SH007909,W01,ST18,CR05,2025-03-12,2025-03-13,2025-03-13,14.3,934.49,On-time,False
SH007910,W01,ST18,CR05,2025-03-13,2025-03-14,2025-03-14,30.9,1958.05,On-time,False
SH007911,W01,ST18,CR03,2025-03-14,2025-03-15,2025-03-15,17.9,1361.72,On-time,False
SH007912,W01,ST18,CR03,2025-03-15,2025-03-16,2025-03-16,27.5,2051.03,On-time,False
SH007913,W01,ST18,CR01,2025-03-16,2025-03-17,2025-03-17,18.1,1966.25,On-time,False
SH007914,W01,ST18,CR03,2025-03-17,2025-03-18,2025-03-18,30.5,,On-time,False
SH007915,W01,ST18,CR01,2025-03-18,2025-03-19,2025-03-19,33.8,1810.8,On-time,False
SH007916,W01,ST18,CR05,2025-03-19,2025-03-20,2025-03-20,12.2,1169.03,On-time,False
SH007917,W01,ST18,CR01,2025-03-20,2025-03-21,2025-03-21,31.8,1899.32,On-time,False
SH007918,W01,ST18,CR05,2025-03-21,2025-03-22,2025-03-22,14.6,1245.42,On-time,False
SH007919,W01,ST18,CR02,2025-03-22,2025-03-23,2025-03-23,25.1,1138.07,On-time,False
SH007920,W01,ST18,CR01,2025-03-23,2025-03-24,2025-03-24,17.8,1102.04,On-time,False
SH007921,W01,ST18,CR04,2025-03-24,2025-03-25,2025-03-25,30.9,1374.64,On-time,False
SH007922,W01,ST18,CR04,2025-03-25,2025-03-26,2025-03-26,14.9,1308.37,On-time,False
SH007923,W01,ST18,CR05,2025-03-26,2025-03-27,2025-03-27,13.7,925.7,On-time,False
SH007924,W01,ST18,CR05,2025-03-27,2025-03-28,2025-03-30,9.6,1178.56,Damaged,False
SH007925,W01,ST18,CR01,2025-03-28,2025-03-29,2025-03-29,13.3,1133.05,On-time,False
SH007926,W01,ST18,CR04,2025-03-29,2025-03-30,2025-04-01,11.7,1589.74,Delayed,False
SH007927,W01,ST18,CR01,2025-03-30,2025-03-31,2025-04-04,14.4,,Delayed,False
SH007928,W01,ST18,CR04,2025-03-31,2025-04-01,2025-04-01,23.0,1492.75,On-time,False
SH007929,W01,ST18,CR03,2025-04-01,2025-04-02,2025-04-06,26.5,1794.28,Delayed,False
SH007930,W01,ST18,CR01,2025-04-02,2025-04-03,2025-04-03,10.9,1022.07,On-time,False
SH007931,W01,ST18,CR03,2025-04-03,2025-04-04,2025-04-04,23.4,1443.92,On-time,False
SH007932,W03,ST18,CR01,2025-04-04,2025-04-06,2025-04-09,210.3,11789.76,Delayed,False
SH007933,W01,ST18,CR02,2025-04-05,2025-04-06,2025-04-07,20.7,1214.4,Delayed,False
SH007934,W02,ST18,CR01,2025-04-06,2025-04-08,2025-04-11,221.4,12147.66,Delayed,False
SH007935,W01,ST18,CR03,2025-04-07,2025-04-08,2025-04-08,30.1,1676.17,On-time,False
SH007936,W01,ST18,CR01,2025-04-08,2025-04-09,2025-04-10,14.3,1021.94,Delayed,False
SH007937,W01,ST18,CR05,2025-04-09,2025-04-10,2025-04-10,23.5,1813.01,On-time,False
SH007938,W02,ST18,CR02,2025-04-10,2025-04-12,2025-04-14,221.4,10331.53,Delayed,False
SH007939,W01,ST18,CR05,2025-04-11,2025-04-12,2025-04-12,9.9,,On-time,False
SH007940,W01,ST18,CR03,2025-04-12,2025-04-13,2025-04-15,13.0,785.15,Delayed,False
SH007941,W01,ST18,CR01,2025-04-13,2025-04-14,2025-04-17,31.1,1703.01,Delayed,False
SH007942,W01,ST18,CR01,2025-04-14,2025-04-15,2025-04-15,18.5,1402.82,On-time,False
SH007943,W02,ST18,CR02,2025-04-15,2025-04-17,2025-04-19,221.4,12613.13,Delayed,False
SH007944,W01,ST18,CR04,2025-04-16,2025-04-17,2025-04-17,25.0,1388.75,On-time,False
SH007945,W01,ST18,CR03,2025-04-17,2025-04-18,2025-04-18,23.7,,On-time,False
SH007946,W01,ST18,CR02,2025-04-18,2025-04-19,2025-04-19,15.6,887.68,On-time,False
SH007947,W01,ST18,CR04,2025-04-19,2025-04-20,2025-04-21,12.2,851.52,Delayed,False
SH007948,W01,ST18,CR02,2025-04-20,2025-04-21,2025-04-21,32.6,1692.24,On-time,False
SH007949,W01,ST18,CR03,2025-04-21,2025-04-22,2025-04-26,10.4,969.45,Delayed,False
SH007950,W02,ST18,CR01,2025-04-22,2025-04-24,2025-04-24,221.4,11842.21,On-time,False
SH007951,W01,ST18,CR02,2025-04-23,2025-04-24,2025-04-24,9.1,1007.77,On-time,False
SH007952,W01,ST18,CR01,2025-04-24,2025-04-25,2025-04-25,30.9,1782.71,On-time,False
SH007953,W01,ST18,CR05,2025-04-25,2025-04-26,2025-04-26,17.7,1221.52,On-time,False
SH007954,W01,ST18,CR02,2025-04-26,2025-04-27,2025-04-27,13.0,1045.54,On-time,False
SH007955,W02,ST18,CR01,2025-04-27,2025-04-29,2025-04-29,221.4,12252.61,On-time,False
SH007956,W01,ST18,CR01,2025-04-28,2025-04-29,2025-04-29,20.5,1235.06,On-time,False
SH007957,W01,ST18,CR05,2025-04-29,2025-04-30,2025-04-30,27.8,1874.65,On-time,False
SH007958,W01,ST18,CR04,2025-04-30,2025-05-01,2025-05-03,14.6,1058.91,Delayed,False
SH007959,W01,ST18,CR05,2025-05-01,2025-05-02,2025-05-02,32.9,1954.24,On-time,False
SH007960,W01,ST18,CR04,2025-05-02,2025-05-03,2025-05-03,23.3,1411.36,On-time,False
SH007961,W01,ST18,CR04,2025-05-03,2025-05-04,2025-05-04,33.9,1788.97,On-time,False
SH007962,W01,ST18,CR02,2025-05-04,2025-05-05,2025-05-05,10.1,934.8,On-time,False
SH007963,W02,ST18,CR05,2025-05-05,2025-05-07,2025-05-07,221.4,8862.6,On-time,False
SH007964,W01,ST18,CR02,2025-05-06,2025-05-07,2025-05-07,12.1,971.76,On-time,False
SH007965,W01,ST18,CR03,2025-05-07,2025-05-08,2025-05-08,34.6,1965.36,On-time,False
SH007966,W01,ST18,CR04,2025-05-08,2025-05-09,2025-05-10,13.2,,Delayed,False
SH007967,W01,ST18,CR02,2025-05-09,2025-05-10,2025-05-10,30.8,2139.98,On-time,False
SH007968,W01,ST18,CR01,2025-05-10,2025-05-11,2025-05-11,21.4,1199.18,On-time,False
SH007969,W01,ST18,CR01,2025-05-11,2025-05-12,2025-05-14,32.5,1667.34,Delayed,False
SH007970,W01,ST18,CR04,2025-05-12,2025-05-13,2025-05-15,17.3,1257.87,Delayed,False
SH007971,W01,ST18,CR03,2025-05-13,2025-05-14,2025-05-14,31.0,2127.86,On-time,False
SH007972,W01,ST18,CR02,2025-05-14,2025-05-15,2025-05-15,23.6,1509.27,On-time,False
SH007973,W01,ST18,CR05,2025-05-15,2025-05-16,2025-05-16,14.7,994.36,On-time,False
SH007974,W02,ST18,CR02,2025-05-16,2025-05-18,2025-05-22,221.4,7925.17,Delayed,False
SH007975,W01,ST18,CR05,2025-05-17,2025-05-18,2025-05-18,12.2,921.73,On-time,False
SH007976,W01,ST18,CR03,2025-05-18,2025-05-19,2025-05-19,22.1,1685.05,On-time,False
SH007977,W01,ST18,CR03,2025-05-19,2025-05-20,2025-05-20,23.7,1783.53,On-time,False
SH007978,W03,ST18,CR01,2025-05-20,2025-05-22,2025-05-22,210.3,11008.29,On-time,False
SH007979,W01,ST18,CR01,2025-05-21,2025-05-22,2025-05-22,27.3,1696.31,On-time,False
SH007980,W01,ST18,CR04,2025-05-22,2025-05-23,2025-05-24,12.4,839.92,Delayed,False
SH007981,W02,ST18,CR05,2025-05-23,2025-05-25,2025-05-25,221.4,9222.9,On-time,False
SH007982,W01,ST18,CR04,2025-05-24,2025-05-25,2025-05-28,20.0,1298.87,Delayed,False
SH007983,W01,ST18,CR04,2025-05-25,2025-05-26,2025-05-26,20.8,1459.62,On-time,False
SH007984,W01,ST18,CR01,2025-05-26,2025-05-27,2025-05-27,26.3,1666.94,On-time,False
SH007985,W01,ST18,CR02,2025-05-27,2025-05-28,2025-05-28,21.0,1424.53,On-time,False
SH007986,W01,ST18,CR02,2025-05-28,2025-05-29,2025-05-29,9.5,1053.86,On-time,False
SH007987,W01,ST18,CR01,2025-05-29,2025-05-30,2025-05-30,33.8,1780.64,On-time,False
SH007988,W01,ST18,CR05,2025-05-30,2025-05-31,2025-05-31,23.6,1633.46,Damaged,False
SH007989,W01,ST18,CR05,2025-05-31,2025-06-01,2025-06-01,20.3,1553.72,On-time,False
SH007990,W01,ST18,CR04,2025-06-01,2025-06-02,2025-06-02,12.5,1016.15,On-time,False
SH007991,W01,ST18,CR02,2025-06-02,2025-06-03,2025-06-03,19.6,1176.81,On-time,False
SH007992,W01,ST18,CR03,2025-06-03,2025-06-04,2025-06-04,9.7,760.55,On-time,False
SH007993,W01,ST18,CR04,2025-06-04,2025-06-05,2025-06-05,33.8,1832.36,On-time,False
SH007994,W01,ST18,CR05,2025-06-05,2025-06-06,2025-06-06,19.0,1348.07,On-time,False
SH007995,W01,ST18,CR01,2025-06-06,2025-06-07,2025-06-07,10.1,825.54,On-time,False
SH007996,W02,ST18,CR05,2025-06-07,2025-06-09,2025-06-13,221.4,11460.92,Delayed,False
SH007997,W01,ST18,CR05,2025-06-08,2025-06-09,2025-06-09,26.9,2027.35,On-time,False
SH007998,W02,ST18,CR05,2025-06-09,2025-06-11,2025-06-11,221.4,9778.12,On-time,False
SH007999,W01,ST18,CR02,2025-06-10,2025-06-11,2025-06-11,19.1,1091.74,On-time,False
SH008000,W01,ST18,CR01,2025-06-11,2025-06-12,2025-06-12,28.4,2012.4,On-time,False
SH008001,W01,ST18,CR03,2025-06-12,2025-06-13,2025-06-13,32.1,2500.9,On-time,False
SH008002,W01,ST18,CR05,2025-06-13,2025-06-14,2025-06-14,13.9,1334.51,On-time,False
SH008003,W01,ST18,CR01,2025-06-14,2025-06-15,2025-06-15,14.0,1088.03,Lost,False
SH008004,W02,ST18,CR01,2025-06-15,2025-06-17,2025-06-18,221.4,12357.85,Delayed,False
SH008005,W01,ST18,CR04,2025-06-16,2025-06-17,2025-06-20,9.6,,Delayed,False
SH008006,W01,ST18,CR05,2025-06-17,2025-06-18,2025-06-18,26.5,1551.14,On-time,False
SH008007,W01,ST18,CR03,2025-06-18,2025-06-19,2025-06-19,5.2,966.32,On-time,False
SH008008,W01,ST18,CR02,2025-06-19,2025-06-20,2025-06-24,34.5,2340.74,Delayed,False
SH008009,W01,ST18,CR01,2025-06-20,2025-06-21,2025-06-22,23.4,1253.23,Damaged,False
SH008010,W01,ST18,CR05,2025-06-21,2025-06-22,2025-06-22,14.9,1007.66,On-time,False
SH008011,W01,ST18,CR03,2025-06-22,2025-06-23,2025-06-23,31.2,1860.62,On-time,False
SH008012,W01,ST18,CR02,2025-06-23,2025-06-24,2025-06-24,8.3,823.91,On-time,False
SH008013,W01,ST18,CR03,2025-06-24,2025-06-25,2025-06-25,28.0,,On-time,False
SH008014,W01,ST18,CR01,2025-06-25,2025-06-26,2025-06-26,8.6,611.0,On-time,False
SH008015,W01,ST18,CR05,2025-06-26,2025-06-27,2025-06-27,13.4,866.52,On-time,False
SH008016,W01,ST18,CR05,2025-06-27,2025-06-28,2025-06-28,32.1,1651.61,On-time,False
SH008017,W01,ST18,CR04,2025-06-28,2025-06-29,2025-07-02,13.4,989.07,Delayed,False
SH008018,W01,ST18,CR05,2025-06-29,2025-06-30,2025-07-01,33.8,2252.2,Delayed,False
SH008019,W01,ST18,CR03,2025-06-30,2025-07-01,2025-07-01,27.6,1545.8,On-time,False
SH008020,W01,ST18,CR03,2025-07-01,2025-07-02,2025-07-02,17.1,1166.31,On-time,False
SH008021,W01,ST18,CR01,2025-07-02,2025-07-03,2025-07-03,12.6,906.94,On-time,False
SH008022,W01,ST18,CR02,2025-07-03,2025-07-04,2025-07-04,21.1,1768.26,On-time,False
SH008023,W01,ST18,CR05,2025-07-04,2025-07-05,2025-07-05,11.4,1218.63,On-time,False
SH008024,W01,ST18,CR02,2025-07-05,2025-07-06,2025-07-06,20.6,1594.39,On-time,False
SH008025,W01,ST18,CR05,2025-07-06,2025-07-07,2025-07-07,17.7,1079.33,On-time,False
SH008026,W01,ST18,CR01,2025-07-07,2025-07-08,2025-07-09,6.2,1030.37,Delayed,False
SH008027,W01,ST18,CR04,2025-07-08,2025-07-09,2025-07-09,13.8,1080.04,On-time,False
SH008028,W01,ST18,CR02,2025-07-09,2025-07-10,2025-07-10,33.8,1810.37,On-time,False
SH008029,W01,ST18,CR04,2025-07-10,2025-07-11,2025-07-11,31.9,2146.14,On-time,False
SH008030,W01,ST18,CR04,2025-07-11,2025-07-12,2025-07-15,16.4,1057.33,Delayed,False
SH008031,W01,ST18,CR02,2025-07-12,2025-07-13,2025-07-13,29.2,1523.85,On-time,False
SH008032,W01,ST18,CR05,2025-07-13,2025-07-14,2025-07-14,24.6,1522.35,On-time,False
SH008033,W01,ST18,CR01,2025-07-14,2025-07-15,2025-07-15,33.0,2076.74,On-time,False
SH008034,W01,ST18,CR05,2025-07-15,2025-07-16,2025-07-16,19.6,1763.31,On-time,False
SH008035,W01,ST18,CR01,2025-07-16,2025-07-17,2025-07-17,18.5,1284.51,On-time,False
SH008036,W01,ST18,CR03,2025-07-17,2025-07-18,2025-07-18,24.3,1577.79,Damaged,False
SH008037,W01,ST18,CR02,2025-07-18,2025-07-19,2025-07-19,24.7,1587.87,On-time,False
SH008038,W01,ST18,CR05,2025-07-19,2025-07-20,2025-07-20,30.3,1729.47,On-time,False
SH008039,W01,ST18,CR03,2025-07-20,2025-07-21,2025-07-21,15.5,937.27,On-time,False
SH008040,W03,ST18,CR05,2025-07-21,2025-07-23,2025-07-23,210.3,8911.22,On-time,False
SH008041,W01,ST18,CR04,2025-07-22,2025-07-23,2025-07-23,22.6,1374.38,On-time,False
SH008042,W01,ST18,CR05,2025-07-23,2025-07-24,2025-07-24,24.5,1216.63,On-time,False
SH008043,W03,ST18,CR05,2025-07-24,2025-07-26,2025-07-26,210.3,11809.63,On-time,False
SH008044,W02,ST18,CR03,2025-07-25,2025-07-27,2025-07-28,221.4,,Delayed,False
SH008045,W01,ST18,CR03,2025-07-26,2025-07-27,2025-07-31,16.3,1281.54,Delayed,False
SH008046,W01,ST18,CR05,2025-07-27,2025-07-28,2025-07-28,20.4,1787.44,On-time,False
SH008047,W01,ST18,CR01,2025-07-28,2025-07-29,2025-07-29,14.2,,On-time,False
SH008048,W01,ST18,CR01,2025-07-29,2025-07-30,2025-08-02,24.1,1460.03,Delayed,False
SH008049,W01,ST18,CR01,2025-07-30,2025-07-31,2025-07-31,19.2,1260.22,On-time,False
SH008050,W01,ST18,CR02,2025-07-31,2025-08-01,2025-08-04,30.0,1565.9,Delayed,False
SH008051,W01,ST18,CR05,2025-08-01,2025-08-02,2025-08-02,18.6,1622.95,On-time,False
SH008052,W01,ST18,CR03,2025-08-02,2025-08-03,2025-08-06,28.5,1938.69,Damaged,False
SH008053,W01,ST18,CR04,2025-08-03,2025-08-04,2025-08-04,34.3,2183.29,On-time,False
SH008054,W01,ST18,CR01,2025-08-04,2025-08-05,2025-08-05,26.8,1340.95,On-time,False
SH008055,W01,ST18,CR03,2025-08-05,2025-08-06,2025-08-07,32.6,1648.3,Delayed,False
SH008056,W01,ST18,CR04,2025-08-06,2025-08-07,2025-08-07,20.4,1239.11,On-time,False
SH008057,W01,ST18,CR01,2025-08-07,2025-08-08,2025-08-08,30.0,1751.05,On-time,False
SH008058,W02,ST18,CR03,2025-08-08,2025-08-10,2025-08-10,221.4,8562.2,On-time,False
SH008059,W02,ST18,CR02,2025-08-09,2025-08-11,2025-08-12,221.4,8926.08,Delayed,False
SH008060,W01,ST18,CR04,2025-08-10,2025-08-11,2025-08-15,8.5,912.54,Delayed,False
SH008061,W01,ST18,CR05,2025-08-11,2025-08-12,2025-08-12,28.4,1331.99,Damaged,False
SH008062,W01,ST18,CR02,2025-08-12,2025-08-13,2025-08-17,27.4,1500.9,Delayed,False
SH008063,W01,ST18,CR04,2025-08-13,2025-08-14,2025-08-14,32.3,2083.49,On-time,False
SH008064,W01,ST18,CR01,2025-08-14,2025-08-15,2025-08-15,23.1,1152.84,On-time,False
SH008065,W01,ST18,CR05,2025-08-15,2025-08-16,2025-08-16,26.3,1846.85,On-time,False
SH008066,W01,ST18,CR02,2025-08-16,2025-08-17,2025-08-17,19.7,,On-time,False
SH008067,W01,ST18,CR03,2025-08-17,2025-08-18,2025-08-18,29.5,1568.25,On-time,False
SH008068,W01,ST18,CR02,2025-08-18,2025-08-19,2025-08-19,18.9,1087.96,On-time,False
SH008069,W01,ST18,CR04,2025-08-19,2025-08-20,2025-08-20,32.1,1457.22,Lost,False
SH008070,W01,ST18,CR01,2025-08-20,2025-08-21,2025-08-21,20.6,1327.69,On-time,False
SH008071,W01,ST18,CR02,2025-08-21,2025-08-22,2025-08-25,27.3,1622.94,Delayed,False
SH008072,W01,ST18,CR05,2025-08-22,2025-08-23,2025-08-23,31.5,2110.55,Lost,False
SH008073,W01,ST18,CR01,2025-08-23,2025-08-24,2025-08-24,30.6,2012.87,On-time,False
SH008074,W01,ST18,CR05,2025-08-24,2025-08-25,2025-08-26,16.2,1235.48,Delayed,False
SH008075,W01,ST18,CR05,2025-08-25,2025-08-26,2025-08-26,29.3,1783.96,On-time,False
SH008076,W01,ST18,CR03,2025-08-26,2025-08-27,2025-08-27,12.7,1089.42,On-time,False
SH008077,W02,ST18,CR01,2025-08-27,2025-08-29,2025-08-31,221.4,9813.41,Delayed,False
SH008078,W01,ST18,CR04,2025-08-28,2025-08-29,2025-08-31,16.1,1268.11,Delayed,False
SH008079,W01,ST18,CR03,2025-08-29,2025-08-30,2025-08-30,27.2,1773.78,On-time,False
SH008080,W01,ST18,CR02,2025-08-30,2025-08-31,2025-09-02,26.9,1367.86,Delayed,False
SH008081,W01,ST18,CR05,2025-08-31,2025-09-01,2025-09-01,9.0,762.2,On-time,False
SH008082,W01,ST18,CR04,2025-09-01,2025-09-02,2025-09-02,21.6,1447.12,On-time,False
SH008083,W01,ST18,CR03,2025-09-02,2025-09-03,2025-09-06,22.7,1266.43,Delayed,False
SH008084,W01,ST18,CR04,2025-09-03,2025-09-04,2025-09-04,19.9,1171.23,On-time,False
SH008085,W02,ST18,CR01,2025-09-04,2025-09-06,2025-09-06,221.4,7817.04,On-time,False
SH008086,W01,ST18,CR02,2025-09-05,2025-09-06,2025-09-06,9.9,729.99,On-time,False
SH008087,W01,ST18,CR04,2025-09-06,2025-09-07,2025-09-07,9.5,,On-time,False
SH008088,W01,ST18,CR02,2025-09-07,2025-09-08,2025-09-09,9.9,,Delayed,False
SH008089,W01,ST18,CR05,2025-09-08,2025-09-09,2025-09-09,19.0,1164.06,On-time,False
SH008090,W01,ST18,CR01,2025-09-09,2025-09-10,2025-09-11,22.5,1097.82,Delayed,False
SH008091,W01,ST18,CR03,2025-09-10,2025-09-11,2025-09-11,17.3,1580.18,On-time,False
SH008092,W01,ST18,CR04,2025-09-11,2025-09-12,2025-09-14,30.9,1557.67,Delayed,False
SH008093,W03,ST18,CR03,2025-09-12,2025-09-14,2025-09-16,210.3,7549.64,Delayed,False
SH008094,W01,ST18,CR02,2025-09-13,2025-09-14,2025-09-14,18.0,929.84,On-time,False
SH008095,W01,ST18,CR03,2025-09-14,2025-09-15,2025-09-15,16.0,1339.22,On-time,False
SH008096,W01,ST18,CR01,2025-09-15,2025-09-16,2025-09-16,5.5,852.51,On-time,False
SH008097,W01,ST18,CR01,2025-09-16,2025-09-17,2025-09-17,20.9,1535.57,On-time,False
SH008098,W01,ST18,CR04,2025-09-17,2025-09-18,2025-09-19,10.6,765.91,Delayed,False
SH008099,W03,ST18,CR01,2025-09-18,2025-09-20,2025-09-20,210.3,10936.67,On-time,False
SH008100,W02,ST18,CR02,2025-09-19,2025-09-21,2025-09-21,221.4,12245.28,On-time,False
SH008101,W01,ST18,CR01,2025-09-20,2025-09-21,2025-09-21,8.8,904.17,On-time,False
SH008102,W03,ST18,CR01,2025-09-21,2025-09-23,2025-09-23,210.3,8528.09,On-time,False
SH008103,W01,ST18,CR01,2025-09-22,2025-09-23,2025-09-27,15.6,1630.9,Delayed,False
SH008104,W03,ST18,CR04,2025-09-23,2025-09-25,2025-09-26,210.3,8284.64,Delayed,False
SH008105,W01,ST18,CR05,2025-09-24,2025-09-25,2025-09-25,9.0,645.32,On-time,False
SH008106,W01,ST18,CR03,2025-09-25,2025-09-26,2025-09-26,25.7,1632.22,On-time,False
SH008107,W01,ST18,CR05,2025-09-26,2025-09-27,2025-09-27,14.1,917.62,On-time,False
SH008108,W01,ST18,CR01,2025-09-27,2025-09-28,2025-10-01,29.3,1805.42,Delayed,False
SH008109,W01,ST18,CR05,2025-09-28,2025-09-29,2025-10-03,13.7,1718.49,Delayed,False
SH008110,W01,ST18,CR05,2025-09-29,2025-09-30,2025-10-03,26.0,1850.69,Delayed,False
SH008111,W01,ST18,CR01,2025-09-30,2025-10-01,2025-10-01,14.8,1001.69,Damaged,False
SH008112,W01,ST18,CR03,2025-10-01,2025-10-02,2025-10-02,20.7,1492.87,On-time,False
SH008113,W01,ST18,CR04,2025-10-02,2025-10-03,2025-10-06,23.7,,Delayed,False
SH008114,W01,ST18,CR03,2025-10-03,2025-10-04,2025-10-05,30.9,,Delayed,False
SH008115,W01,ST18,CR03,2025-10-04,2025-10-05,2025-10-05,33.6,,On-time,False
SH008116,W01,ST18,CR04,2025-10-05,2025-10-06,2025-10-06,31.3,1891.17,On-time,False
SH008117,W03,ST18,CR02,2025-10-06,2025-10-08,2025-10-08,210.3,7441.97,On-time,False
SH008118,W01,ST18,CR05,2025-10-07,2025-10-08,2025-10-08,8.3,806.2,On-time,False
SH008119,W01,ST18,CR02,2025-10-08,2025-10-09,2025-10-12,26.4,1763.95,Delayed,False
SH008120,W01,ST18,CR01,2025-10-09,2025-10-10,2025-10-10,21.2,1486.32,On-time,False
SH008121,W01,ST18,CR01,2025-10-10,2025-10-11,2025-10-11,27.0,1718.56,On-time,False
SH008122,W01,ST18,CR05,2025-10-11,2025-10-12,2025-10-12,20.3,1038.31,On-time,False
SH008123,W01,ST18,CR05,2025-10-12,2025-10-13,2025-10-14,32.1,1675.73,Delayed,False
SH008124,W01,ST18,CR03,2025-10-13,2025-10-14,2025-10-14,29.2,1840.91,On-time,False
SH008125,W01,ST18,CR02,2025-10-14,2025-10-15,2025-10-15,8.7,859.39,On-time,False
SH008126,W03,ST18,CR02,2025-10-15,2025-10-17,2025-10-17,210.3,10505.57,On-time,False
SH008127,W01,ST18,CR02,2025-10-16,2025-10-17,2025-10-17,7.0,774.69,On-time,False
SH008128,W01,ST18,CR02,2025-10-17,2025-10-18,2025-10-18,16.6,2005.33,On-time,False
SH008129,W01,ST18,CR02,2025-10-18,2025-10-19,2025-10-19,12.3,1114.26,On-time,False
SH008130,W01,ST18,CR05,2025-10-19,2025-10-20,2025-10-20,28.2,1625.87,On-time,False
SH008131,W01,ST18,CR05,2025-10-20,2025-10-21,2025-10-23,31.1,1664.55,Delayed,False
SH008132,W01,ST18,CR03,2025-10-21,2025-10-22,2025-10-22,12.0,837.78,On-time,False
SH008133,W01,ST18,CR01,2025-10-22,2025-10-23,2025-10-23,24.6,1741.21,On-time,False
SH008134,W01,ST18,CR04,2025-10-23,2025-10-24,2025-10-27,29.5,1675.78,Delayed,False
SH008135,W01,ST18,CR01,2025-10-24,2025-10-25,2025-10-25,29.8,1685.76,On-time,False
SH008136,W01,ST18,CR02,2025-10-25,2025-10-26,2025-10-26,18.2,955.36,On-time,False
SH008137,W01,ST18,CR03,2025-10-26,2025-10-27,2025-10-30,17.6,853.63,Delayed,False
SH008138,W01,ST18,CR01,2025-10-27,2025-10-28,2025-10-28,9.1,753.25,On-time,False
SH008139,W01,ST18,CR04,2025-10-28,2025-10-29,2025-10-29,21.6,1417.43,On-time,False
SH008140,W02,ST18,CR05,2025-10-29,2025-10-31,2025-10-31,221.4,11788.17,On-time,False
SH008141,W01,ST18,CR04,2025-10-30,2025-10-31,2025-10-31,11.8,1053.93,On-time,False
SH008142,W01,ST18,CR03,2025-10-31,2025-11-01,2025-11-01,22.3,1476.68,On-time,False
SH008143,W01,ST18,CR01,2025-11-01,2025-11-02,2025-11-02,15.6,1081.13,On-time,False
SH008144,W01,ST18,CR02,2025-11-02,2025-11-03,2025-11-03,25.6,1375.25,On-time,False
SH008145,W01,ST18,CR02,2025-11-03,2025-11-04,2025-11-08,19.0,1072.35,Delayed,False
SH008146,W01,ST18,CR03,2025-11-04,2025-11-05,2025-11-05,9.6,978.27,On-time,False
SH008147,W01,ST18,CR03,2025-11-05,2025-11-06,2025-11-06,23.5,1500.78,On-time,False
SH008148,W03,ST18,CR03,2025-11-06,2025-11-08,2025-11-08,210.3,7779.12,On-time,False
SH008149,W01,ST18,CR02,2025-11-07,2025-11-08,2025-11-08,13.9,1309.07,On-time,False
SH008150,W01,ST18,CR01,2025-11-08,2025-11-09,2025-11-09,18.4,1525.08,Damaged,False
SH008151,W01,ST18,CR03,2025-11-09,2025-11-10,2025-11-10,13.3,1094.39,Damaged,False
SH008152,W03,ST18,CR02,2025-11-10,2025-11-12,2025-11-12,210.3,9914.41,On-time,False
SH008153,W01,ST18,CR02,2025-11-11,2025-11-12,2025-11-12,24.0,1472.03,On-time,False
SH008154,W01,ST18,CR03,2025-11-12,2025-11-13,2025-11-14,21.6,1516.6,Delayed,False
SH008155,W01,ST18,CR04,2025-11-13,2025-11-14,2025-11-14,28.8,2133.49,On-time,False
SH008156,W01,ST18,CR03,2025-11-14,2025-11-15,2025-11-15,24.9,1529.56,On-time,False
SH008157,W01,ST18,CR03,2025-11-15,2025-11-16,2025-11-18,22.5,1505.2,Delayed,False
SH008158,W01,ST18,CR04,2025-11-16,2025-11-17,2025-11-17,32.2,1429.52,On-time,False
SH008159,W01,ST18,CR03,2025-11-17,2025-11-18,2025-11-18,28.0,1869.92,On-time,False
SH008160,W01,ST18,CR05,2025-11-18,2025-11-19,2025-11-19,34.6,2032.24,On-time,False
SH008161,W01,ST18,CR03,2025-11-19,2025-11-20,2025-11-20,27.0,1731.75,On-time,False
SH008162,W01,ST18,CR01,2025-11-20,2025-11-21,2025-11-21,25.5,1439.06,On-time,False
SH008163,W01,ST18,CR01,2025-11-21,2025-11-22,2025-11-22,16.4,956.29,On-time,False
SH008164,W01,ST18,CR03,2025-11-22,2025-11-23,2025-11-23,9.0,718.87,On-time,False
SH008165,W03,ST18,CR03,2025-11-23,2025-11-25,2025-11-25,210.3,10254.94,On-time,False
SH008166,W01,ST18,CR01,2025-11-24,2025-11-25,2025-11-25,18.2,1121.84,On-time,False
SH008167,W01,ST18,CR03,2025-11-25,2025-11-26,2025-11-26,22.4,1184.37,On-time,False
SH008168,W01,ST18,CR04,2025-11-26,2025-11-27,2025-11-30,16.3,,Delayed,False
SH008169,W02,ST18,CR05,2025-11-27,2025-11-29,2025-11-29,221.4,10534.75,On-time,False
SH008170,W01,ST18,CR02,2025-11-28,2025-11-29,2025-11-29,16.9,1060.25,On-time,False
SH008171,W01,ST18,CR05,2025-11-29,2025-11-30,2025-11-30,13.7,1148.67,On-time,False
SH008172,W01,ST18,CR01,2025-11-30,2025-12-01,2025-12-01,25.7,1478.23,On-time,False
SH008173,W01,ST18,CR03,2025-12-01,2025-12-02,2025-12-02,30.4,1500.55,On-time,False
SH008174,W02,ST18,CR01,2025-12-02,2025-12-04,2025-12-08,221.4,9083.52,Delayed,False
SH008175,W01,ST18,CR04,2025-12-03,2025-12-04,2025-12-08,13.3,1040.86,Delayed,False
SH008176,W01,ST18,CR04,2025-12-04,2025-12-05,2025-12-05,27.4,1551.63,On-time,False
SH008177,W01,ST18,CR04,2025-12-05,2025-12-06,2025-12-06,22.7,1631.67,On-time,False
SH008178,W01,ST18,CR03,2025-12-06,2025-12-07,2025-12-07,20.0,1329.18,On-time,False
SH008179,W01,ST18,CR03,2025-12-07,2025-12-08,2025-12-08,16.2,1395.87,Damaged,False
SH008180,W01,ST18,CR04,2025-12-08,2025-12-09,2025-12-09,30.3,1920.79,On-time,False
SH008181,W01,ST18,CR04,2025-12-09,2025-12-10,2025-12-10,30.0,1650.71,On-time,False
SH008182,W01,ST18,CR01,2025-12-10,2025-12-11,2025-12-15,18.2,1433.06,Delayed,False
SH008183,W01,ST18,CR05,2025-12-11,2025-12-12,2025-12-12,10.4,779.58,On-time,False
SH008184,W01,ST18,CR05,2025-12-12,2025-12-13,2025-12-13,25.9,1540.52,Lost,False
SH008185,W01,ST18,CR01,2025-12-13,2025-12-14,2025-12-14,20.6,1311.55,On-time,False
SH008186,W02,ST18,CR04,2025-12-14,2025-12-16,2025-12-18,221.4,11659.15,Delayed,False
SH008187,W01,ST18,CR01,2025-12-15,2025-12-16,2025-12-16,8.7,758.99,On-time,False
SH008188,W01,ST18,CR01,2025-12-16,2025-12-17,2025-12-20,6.5,748.22,Delayed,False
SH008189,W01,ST18,CR05,2025-12-17,2025-12-18,2025-12-18,22.7,1605.82,On-time,False
SH008190,W01,ST18,CR01,2025-12-18,2025-12-19,2025-12-19,20.0,1356.99,On-time,False
SH008191,W01,ST18,CR03,2025-12-19,2025-12-20,2025-12-20,9.2,1019.8,On-time,False
SH008192,W01,ST18,CR04,2025-12-20,2025-12-21,2025-12-21,15.8,1184.85,On-time,False
SH008193,W01,ST18,CR04,2025-12-21,2025-12-22,2025-12-22,27.5,1846.09,On-time,False
SH008194,W01,ST18,CR01,2025-12-22,2025-12-23,2025-12-23,33.2,1428.22,On-time,False
SH008195,W01,ST18,CR01,2025-12-23,2025-12-24,2025-12-24,15.7,1098.76,On-time,False
SH008196,W01,ST18,CR04,2025-12-24,2025-12-25,2025-12-25,31.9,1688.82,On-time,False
SH008197,W03,ST18,CR01,2025-12-25,2025-12-27,2025-12-27,210.3,10862.95,On-time,False
SH008198,W01,ST18,CR03,2025-12-26,2025-12-27,2025-12-27,6.3,873.59,On-time,False
SH008199,W01,ST18,CR02,2025-12-27,2025-12-28,2025-12-28,13.4,829.13,On-time,False
SH008200,W01,ST18,CR03,2025-12-28,2025-12-29,2025-12-29,14.8,1063.17,On-time,False
SH008201,W01,ST18,CR05,2025-12-29,2025-12-30,2025-12-30,13.8,1089.5,On-time,False
SH008202,W01,ST18,CR03,2025-12-30,2025-12-31,,12.5,1244.53,In-Transit,False
SH008203,W01,ST18,CR01,2025-12-31,2026-01-01,,16.2,1422.22,In-Transit,False
SH008204,W03,ST19,CR04,2024-01-03,2024-01-05,2024-01-05,201.8,8396.02,On-time,False
SH008205,W03,ST19,CR05,2024-01-05,2024-01-07,2024-01-07,201.8,9551.2,On-time,False
SH008206,W03,ST19,CR03,2024-01-08,2024-01-10,2024-01-10,201.8,10760.56,On-time,False
SH008207,W03,ST19,CR05,2024-01-10,2024-01-12,2024-01-12,201.8,11959.73,On-time,False
SH008208,W03,ST19,CR02,2024-01-12,2024-01-14,2024-01-16,201.8,10168.9,Delayed,False
SH008209,W01,ST19,CR04,2024-01-13,2024-01-15,2024-01-17,145.6,7522.93,Delayed,False
SH008210,W03,ST19,CR03,2024-01-14,2024-01-16,2024-01-16,201.8,11101.19,On-time,False
SH008211,W03,ST19,CR01,2024-01-17,2024-01-19,2024-01-19,201.8,10091.68,On-time,False
SH008212,W03,ST19,CR05,2024-01-19,2024-01-21,2024-01-21,201.8,10194.76,On-time,False
SH008213,W03,ST19,CR04,2024-01-20,2024-01-22,2024-01-22,201.8,9128.18,On-time,False
SH008214,W03,ST19,CR01,2024-01-23,2024-01-25,2024-01-28,201.8,10245.5,Delayed,False
SH008215,W01,ST19,CR01,2024-01-25,2024-01-27,2024-01-27,145.6,7458.61,On-time,False
SH008216,W03,ST19,CR04,2024-01-27,2024-01-29,2024-02-01,201.8,12491.93,Delayed,False
SH008217,W03,ST19,CR05,2024-01-29,2024-01-31,2024-01-31,201.8,11222.16,On-time,False
SH008218,W03,ST19,CR03,2024-01-30,2024-02-01,2024-02-01,201.8,9217.14,On-time,False
SH008219,W03,ST19,CR01,2024-02-01,2024-02-03,2024-02-03,201.8,10666.39,On-time,False
SH008220,W01,ST19,CR02,2024-02-03,2024-02-05,2024-02-05,145.6,8710.52,On-time,False
SH008221,W03,ST99,CR02,2024-02-04,2024-02-06,2024-02-09,201.8,10313.38,Delayed,True
SH008222,W03,ST19,CR03,2024-02-06,2024-02-08,2024-02-09,201.8,8907.54,Delayed,False
SH008223,W03,ST19,CR05,2024-02-08,2024-02-10,2024-02-10,201.8,9721.23,On-time,False
SH008224,W03,ST19,CR02,2024-02-11,2024-02-13,2024-02-13,201.8,9736.63,On-time,False
SH008225,W03,ST19,CR04,2024-02-13,2024-02-15,2024-02-16,201.8,9568.12,Delayed,False
SH008226,W03,ST19,CR02,2024-02-15,2024-02-17,2024-02-17,201.8,8061.97,On-time,False
SH008227,W03,ST19,CR01,2024-02-17,2024-02-19,2024-02-19,201.8,10524.88,On-time,False
SH008228,W03,ST19,CR02,2024-02-19,2024-02-21,2024-02-21,201.8,8306.64,On-time,False
SH008229,W03,ST19,CR02,2024-02-21,2024-02-23,2024-02-23,201.8,9322.44,Damaged,False
SH008230,W03,ST19,CR05,2024-02-23,2024-02-25,2024-02-25,201.8,9826.46,On-time,False
SH008231,W03,ST19,CR01,2024-02-26,2024-02-28,2024-03-01,201.8,10652.15,Delayed,False
SH008232,W03,ST19,CR03,2024-02-28,2024-03-01,2024-03-01,201.8,10637.34,On-time,False
SH008233,W03,ST19,CR01,2024-03-01,2024-03-03,2024-03-03,201.8,9563.64,On-time,False
SH008234,W03,ST19,CR05,2024-03-03,2024-03-05,2024-03-05,201.8,8090.04,On-time,False
SH008235,W03,ST19,CR01,2024-03-05,2024-03-07,2024-03-08,201.8,9362.4,Delayed,False
SH008236,W02,ST19,CR03,2024-03-07,2024-03-09,2024-03-12,252.7,12184.62,Delayed,False
SH008237,W03,ST19,CR02,2024-03-09,2024-03-11,2024-03-11,201.8,10394.55,On-time,False
SH008238,W03,ST19,CR05,2024-03-12,2024-03-14,2024-03-14,201.8,11298.42,On-time,False
SH008239,W03,ST19,CR02,2024-03-14,2024-03-16,2024-03-16,201.8,12666.81,On-time,False
SH008240,W03,ST19,CR04,2024-03-16,2024-03-18,2024-03-21,201.8,9089.64,Delayed,False
SH008241,W03,ST19,CR04,2024-03-18,2024-03-20,2024-03-20,201.8,9682.0,On-time,False
SH008242,W03,ST19,CR01,2024-03-19,2024-03-21,2024-03-21,201.8,8827.51,On-time,False
SH008243,W03,ST19,CR05,2024-03-21,2024-03-23,2024-03-23,201.8,9301.18,On-time,False
SH008244,W03,ST19,CR01,2024-03-23,2024-03-25,2024-03-25,201.8,7133.01,On-time,False
SH008245,W03,ST19,CR03,2024-03-25,2024-03-27,2024-03-27,201.8,9943.03,On-time,False
SH008246,W03,ST19,CR03,2024-03-27,2024-03-29,2024-04-02,201.8,10317.92,Delayed,False
SH008247,W03,ST19,CR04,2024-03-30,2024-04-01,2024-04-01,201.8,11933.35,On-time,False
SH008248,W03,ST19,CR02,2024-04-01,2024-04-03,2024-04-03,201.8,8817.93,On-time,False
SH008249,W03,ST19,CR02,2024-04-04,2024-04-06,2024-04-06,201.8,8602.03,On-time,False
SH008250,W03,ST19,CR02,2024-04-05,2024-04-07,2024-04-07,201.8,10133.61,On-time,False
SH008251,W03,ST19,CR01,2024-04-06,2024-04-08,2024-04-11,201.8,7543.18,Delayed,False
SH008252,W03,ST19,CR04,2024-04-08,2024-04-10,2024-04-11,201.8,7707.41,Delayed,False
SH008253,W03,ST19,CR05,2024-04-10,2024-04-12,2024-04-12,201.8,10354.53,On-time,False
SH008254,W03,ST19,CR03,2024-04-12,2024-04-14,2024-04-14,201.8,10107.01,On-time,False
SH008255,W03,ST19,CR03,2024-04-14,2024-04-16,2024-04-16,201.8,10314.64,On-time,False
SH008256,W03,ST19,CR02,2024-04-17,2024-04-19,2024-04-19,201.8,8173.68,On-time,False
SH008257,W03,ST19,CR05,2024-04-20,2024-04-22,2024-04-22,201.8,12004.25,On-time,False
SH008258,W03,ST19,CR02,2024-04-22,2024-04-24,2024-04-24,201.8,12060.63,On-time,False
SH008259,W03,ST19,CR02,2024-04-24,2024-04-26,2024-04-26,201.8,11509.36,On-time,False
SH008260,W03,ST19,CR03,2024-04-27,2024-04-29,2024-04-29,201.8,9683.39,On-time,False
SH008261,W03,ST19,CR01,2024-04-29,2024-05-01,2024-05-01,201.8,10593.48,On-time,False
SH008262,W03,ST19,CR05,2024-05-01,2024-05-03,2024-05-03,201.8,9730.16,On-time,False
SH008263,W03,ST19,CR05,2024-05-04,2024-05-06,2024-05-06,201.8,10927.6,On-time,False
SH008264,W03,ST19,CR04,2024-05-05,2024-05-07,2024-05-07,201.8,8428.12,On-time,False
SH008265,W03,ST19,CR04,2024-05-06,2024-05-08,2024-05-08,201.8,8940.16,Lost,False
SH008266,W03,ST19,CR02,2024-05-08,2024-05-10,2024-05-10,201.8,9141.16,On-time,False
SH008267,W03,ST19,CR03,2024-05-10,2024-05-12,2024-05-12,201.8,8173.94,On-time,False
SH008268,W03,ST19,CR03,2024-05-12,2024-05-14,2024-05-14,201.8,11008.34,On-time,False
SH008269,W03,ST19,CR03,2024-05-14,2024-05-16,2024-05-16,201.8,11345.07,On-time,False
SH008270,W03,ST19,CR03,2024-05-16,2024-05-18,2024-05-18,201.8,8551.07,On-time,False
SH008271,W03,ST19,CR01,2024-05-18,2024-05-20,2024-05-20,201.8,10501.99,On-time,False
SH008272,W03,ST19,CR04,2024-05-20,2024-05-22,2024-05-22,201.8,10990.01,On-time,False
SH008273,W03,ST19,CR01,2024-05-21,2024-05-23,2024-05-26,201.8,8625.41,Delayed,False
SH008274,W03,ST19,CR01,2024-05-23,2024-05-25,2024-05-25,201.8,8054.79,On-time,False
SH008275,W03,ST19,CR04,2024-05-24,2024-05-26,2024-05-26,201.8,12142.79,On-time,False
SH008276,W03,ST19,CR01,2024-05-26,2024-05-28,2024-05-28,201.8,11324.75,On-time,False
SH008277,W03,ST19,CR01,2024-05-29,2024-05-31,2024-05-31,201.8,9445.97,On-time,False
SH008278,W03,ST19,CR04,2024-05-31,2024-06-02,2024-06-02,201.8,11432.08,On-time,False
SH008279,W03,ST19,CR05,2024-06-02,2024-06-04,2024-06-08,201.8,10747.39,Delayed,False
SH008280,W03,ST19,CR04,2024-06-04,2024-06-06,2024-06-06,201.8,9243.18,On-time,False
SH008281,W03,ST19,CR02,2024-06-07,2024-06-09,2024-06-11,201.8,8774.35,Delayed,False
SH008282,W03,ST19,CR02,2024-06-10,2024-06-12,2024-06-12,201.8,10684.91,On-time,False
SH008283,W03,ST19,CR03,2024-06-12,2024-06-14,2024-06-14,201.8,9039.76,On-time,False
SH008284,W02,ST19,CR04,2024-06-13,2024-06-15,2024-06-16,252.7,12385.5,Delayed,False
SH008285,W03,ST19,CR02,2024-06-16,2024-06-18,2024-06-22,201.8,8354.93,Delayed,False
SH008286,W03,ST19,CR01,2024-06-18,2024-06-20,2024-06-20,201.8,8333.48,On-time,False
SH008287,W03,ST19,CR03,2024-06-20,2024-06-22,2024-06-22,201.8,10229.17,On-time,False
SH008288,W03,ST19,CR03,2024-06-21,2024-06-23,2024-06-24,201.8,7410.9,Delayed,False
SH008289,W03,ST19,CR04,2024-06-22,2024-06-24,2024-06-26,201.8,12018.15,Delayed,False
SH008290,W03,ST19,CR01,2024-06-25,2024-06-27,2024-06-27,201.8,10068.93,On-time,False
SH008291,W03,ST19,CR02,2024-06-27,2024-06-29,2024-06-29,201.8,11305.14,On-time,False
SH008292,W03,ST19,CR05,2024-06-28,2024-06-30,2024-07-01,201.8,,Delayed,False
SH008293,W03,ST19,CR02,2024-06-30,2024-07-02,2024-07-02,201.8,11457.76,On-time,False
SH008294,W01,ST99,CR01,2024-07-03,2024-07-05,2024-07-05,145.6,9161.72,On-time,True
SH008295,W03,ST19,CR01,2024-07-06,2024-07-08,2024-07-08,201.8,10482.78,On-time,False
SH008296,W03,ST19,CR01,2024-07-09,2024-07-11,2024-07-11,201.8,11459.69,On-time,False
SH008297,W03,ST19,CR05,2024-07-11,2024-07-13,2024-07-13,201.8,11407.39,On-time,False
SH008298,W03,ST19,CR04,2024-07-13,2024-07-15,2024-07-19,201.8,7220.39,Delayed,False
SH008299,W03,ST19,CR05,2024-07-15,2024-07-17,2024-07-17,201.8,7562.37,On-time,False
SH008300,W03,ST19,CR03,2024-07-17,2024-07-19,2024-07-19,201.8,11064.97,On-time,False
SH008301,W03,ST19,CR02,2024-07-19,2024-07-21,2024-07-21,201.8,9405.56,On-time,False
SH008302,W03,ST19,CR02,2024-07-21,2024-07-23,2024-07-23,201.8,12079.28,Damaged,False
SH008303,W03,ST19,CR03,2024-07-23,2024-07-25,2024-07-29,201.8,,Delayed,False
SH008304,W03,ST19,CR01,2024-07-26,2024-07-28,2024-07-30,201.8,8673.8,Delayed,False
SH008305,W03,ST19,CR05,2024-07-29,2024-07-31,2024-07-31,201.8,11193.26,On-time,False
SH008306,W03,ST19,CR04,2024-08-01,2024-08-03,2024-08-07,201.8,8245.86,Delayed,False
SH008307,W02,ST19,CR03,2024-08-03,2024-08-05,2024-08-06,252.7,,Delayed,False
SH008308,W03,ST19,CR03,2024-08-05,2024-08-07,2024-08-07,201.8,9637.66,On-time,False
SH008309,W03,ST19,CR01,2024-08-07,2024-08-09,2024-08-12,201.8,11204.47,Delayed,False
SH008310,W03,ST19,CR01,2024-08-10,2024-08-12,2024-08-12,201.8,,On-time,False
SH008311,W03,ST19,CR03,2024-08-12,2024-08-14,2024-08-14,201.8,8729.54,On-time,False
SH008312,W03,ST19,CR05,2024-08-14,2024-08-16,2024-08-16,201.8,10683.36,On-time,False
SH008313,W03,ST19,CR04,2024-08-15,2024-08-17,2024-08-21,201.8,10770.17,Delayed,False
SH008314,W03,ST19,CR02,2024-08-17,2024-08-19,2024-08-19,201.8,12192.86,On-time,False
SH008315,W03,ST19,CR04,2024-08-20,2024-08-22,2024-08-23,201.8,,Delayed,False
SH008316,W03,ST19,CR05,2024-08-23,2024-08-25,2024-08-25,201.8,9773.04,On-time,False
SH008317,W01,ST19,CR03,2024-08-25,2024-08-27,2024-08-30,145.6,7585.39,Delayed,False
SH008318,W03,ST19,CR05,2024-08-27,2024-08-29,2024-08-29,201.8,9570.61,On-time,False
SH008319,W03,ST19,CR01,2024-08-29,2024-08-31,2024-08-31,201.8,8196.74,On-time,False
SH008320,W03,ST19,CR03,2024-08-31,2024-09-02,2024-09-04,201.8,9539.63,Delayed,False
SH008321,W02,ST19,CR02,2024-09-02,2024-09-04,2024-09-04,252.7,11664.1,On-time,False
SH008322,W03,ST19,CR02,2024-09-03,2024-09-05,2024-09-05,201.8,11585.33,On-time,False
SH008323,W03,ST19,CR05,2024-09-04,2024-09-06,2024-09-06,201.8,8353.95,On-time,False
SH008324,W03,ST19,CR05,2024-09-06,2024-09-08,2024-09-08,201.8,7116.59,On-time,False
SH008325,W03,ST19,CR01,2024-09-08,2024-09-10,2024-09-11,201.8,9861.42,Delayed,False
SH008326,W03,ST19,CR02,2024-09-11,2024-09-13,2024-09-13,201.8,8271.2,On-time,False
SH008327,W03,ST19,CR02,2024-09-13,2024-09-15,2024-09-17,201.8,12048.64,Delayed,False
SH008328,W03,ST19,CR04,2024-09-15,2024-09-17,2024-09-19,201.8,8921.55,Delayed,False
SH008329,W03,ST19,CR02,2024-09-18,2024-09-20,2024-09-20,201.8,8698.58,On-time,False
SH008330,W03,ST19,CR02,2024-09-19,2024-09-21,2024-09-21,201.8,10140.79,On-time,False
SH008331,W03,ST19,CR01,2024-09-21,2024-09-23,2024-09-23,201.8,10613.64,On-time,False
SH008332,W03,ST19,CR03,2024-09-24,2024-09-26,2024-09-26,201.8,9676.43,On-time,False
SH008333,W03,ST19,CR01,2024-09-26,2024-09-28,2024-09-28,201.8,8389.95,On-time,False
SH008334,W03,ST19,CR01,2024-09-27,2024-09-29,2024-10-01,201.8,11221.61,Delayed,False
SH008335,W03,ST19,CR03,2024-09-29,2024-10-01,2024-10-04,201.8,8368.64,Delayed,False
SH008336,W03,ST19,CR02,2024-10-01,2024-10-03,2024-10-03,201.8,12823.73,On-time,False
SH008337,W01,ST19,CR01,2024-10-03,2024-10-05,2024-10-05,145.6,8891.18,On-time,False
SH008338,W03,ST19,CR02,2024-10-05,2024-10-07,2024-10-07,201.8,10726.43,On-time,False
SH008339,W03,ST19,CR01,2024-10-08,2024-10-10,2024-10-10,201.8,9600.0,On-time,False
SH008340,W03,ST19,CR03,2024-10-11,2024-10-13,2024-10-13,201.8,10423.63,On-time,False
SH008341,W03,ST19,CR04,2024-10-13,2024-10-15,2024-10-17,201.8,9827.81,Delayed,False
SH008342,W03,ST19,CR04,2024-10-15,2024-10-17,2024-10-21,201.8,8529.02,Delayed,False
SH008343,W03,ST19,CR05,2024-10-17,2024-10-19,2024-10-19,201.8,10676.45,On-time,False
SH008344,W03,ST19,CR01,2024-10-19,2024-10-21,2024-10-21,201.8,7379.93,On-time,False
SH008345,W03,ST19,CR01,2024-10-22,2024-10-24,2024-10-24,201.8,10729.46,On-time,False
SH008346,W03,ST19,CR05,2024-10-25,2024-10-27,2024-10-27,201.8,7259.77,On-time,False
SH008347,W03,ST19,CR01,2024-10-26,2024-10-28,2024-10-28,201.8,9320.84,On-time,False
SH008348,W03,ST19,CR01,2024-10-27,2024-10-29,2024-10-29,201.8,,On-time,False
SH008349,W03,ST19,CR03,2024-10-29,2024-10-31,2024-10-31,201.8,7986.79,On-time,False
SH008350,W03,ST19,CR03,2024-11-01,2024-11-03,2024-11-03,201.8,11005.16,On-time,False
SH008351,W02,ST19,CR02,2024-11-02,2024-11-04,2024-11-08,252.7,12054.83,Delayed,False
SH008352,W03,ST19,CR04,2024-11-03,2024-11-05,2024-11-08,201.8,9375.03,Delayed,False
SH008353,W03,ST19,CR02,2024-11-06,2024-11-08,2024-11-08,201.8,8690.47,On-time,False
SH008354,W02,ST19,CR05,2024-11-08,2024-11-10,2024-11-10,252.7,13194.47,On-time,False
SH008355,W03,ST19,CR02,2024-11-10,2024-11-12,2024-11-12,201.8,9623.76,On-time,False
SH008356,W03,ST19,CR05,2024-11-12,2024-11-14,2024-11-14,201.8,9288.13,On-time,False
SH008357,W03,ST19,CR05,2024-11-14,2024-11-16,2024-11-17,201.8,8964.8,Delayed,False
SH008358,W03,ST19,CR01,2024-11-16,2024-11-18,2024-11-18,201.8,10182.59,On-time,False
SH008359,W03,ST19,CR04,2024-11-18,2024-11-20,2024-11-20,201.8,9926.24,On-time,False
SH008360,W01,ST19,CR01,2024-11-20,2024-11-22,2024-11-22,145.6,8202.58,On-time,False
SH008361,W03,ST19,CR04,2024-11-22,2024-11-24,2024-11-24,201.8,9017.77,On-time,False
SH008362,W03,ST19,CR04,2024-11-25,2024-11-27,2024-11-27,201.8,8335.77,On-time,False
SH008363,W03,ST19,CR02,2024-11-28,2024-11-30,2024-11-30,201.8,11529.5,On-time,False
SH008364,W03,ST19,CR01,2024-11-30,2024-12-02,2024-12-06,201.8,12583.25,Damaged,False
SH008365,W03,ST19,CR01,2024-12-02,2024-12-04,2024-12-04,201.8,8358.15,Damaged,False
SH008366,W03,ST19,CR01,2024-12-03,2024-12-05,2024-12-09,201.8,,Delayed,False
SH008367,W02,ST19,CR02,2024-12-05,2024-12-07,2024-12-07,252.7,10501.77,On-time,False
SH008368,W03,ST19,CR05,2024-12-07,2024-12-09,2024-12-09,201.8,12788.98,Damaged,False
SH008369,W03,ST19,CR02,2024-12-09,2024-12-11,2024-12-11,201.8,,On-time,False
SH008370,W03,ST19,CR02,2024-12-11,2024-12-13,2024-12-13,201.8,9473.29,On-time,False
SH008371,W03,ST19,CR05,2024-12-13,2024-12-15,2024-12-15,201.8,9489.25,On-time,False
SH008372,W03,ST19,CR02,2024-12-15,2024-12-17,2024-12-17,201.8,7405.06,Damaged,False
SH008373,W03,ST19,CR05,2024-12-17,2024-12-19,2024-12-20,201.8,12226.03,Delayed,False
SH008374,W02,ST19,CR01,2024-12-18,2024-12-20,2024-12-20,252.7,14797.88,On-time,False
SH008375,W03,ST19,CR03,2024-12-21,2024-12-23,2024-12-23,201.8,8841.84,On-time,False
SH008376,W03,ST19,CR01,2024-12-24,2024-12-26,2024-12-27,201.8,7169.8,Delayed,False
SH008377,W03,ST19,CR02,2024-12-27,2024-12-29,2025-01-02,201.8,9296.03,Delayed,False
SH008378,W03,ST19,CR02,2024-12-30,2025-01-01,2025-01-01,201.8,9663.78,On-time,False
SH008379,W03,ST19,CR01,2025-01-01,2025-01-03,2025-01-03,201.8,7678.94,On-time,False
SH008380,W03,ST19,CR05,2025-01-02,2025-01-04,2025-01-04,201.8,9504.32,On-time,False
SH008381,W03,ST19,CR01,2025-01-04,2025-01-06,2025-01-06,201.8,9288.01,On-time,False
SH008382,W03,ST19,CR03,2025-01-06,2025-01-08,2025-01-08,201.8,9849.58,On-time,False
SH008383,W02,ST19,CR03,2025-01-08,2025-01-10,2025-01-10,252.7,10288.42,On-time,False
SH008384,W03,ST19,CR01,2025-01-09,2025-01-11,2025-01-11,201.8,8661.51,On-time,False
SH008385,W03,ST19,CR01,2025-01-10,2025-01-12,2025-01-12,201.8,10153.74,On-time,False
SH008386,W03,ST19,CR01,2025-01-13,2025-01-15,2025-01-17,201.8,7525.71,Delayed,False
SH008387,W03,ST19,CR02,2025-01-15,2025-01-17,2025-01-17,201.8,11443.87,On-time,False
SH008388,W03,ST19,CR03,2025-01-17,2025-01-19,2025-01-19,201.8,9717.75,On-time,False
SH008389,W03,ST19,CR03,2025-01-20,2025-01-22,2025-01-22,201.8,8943.92,On-time,False
SH008390,W03,ST19,CR05,2025-01-22,2025-01-24,2025-01-24,201.8,8972.97,On-time,False
SH008391,W03,ST19,CR03,2025-01-24,2025-01-26,2025-01-26,201.8,11223.06,On-time,False
SH008392,W03,ST19,CR05,2025-01-27,2025-01-29,2025-01-29,201.8,9005.0,On-time,False
SH008393,W03,ST19,CR01,2025-01-29,2025-01-31,2025-01-31,201.8,8049.46,On-time,False
SH008394,W03,ST19,CR01,2025-02-01,2025-02-03,2025-02-03,201.8,9004.97,On-time,False
SH008395,W03,ST19,CR04,2025-02-03,2025-02-05,2025-02-09,201.8,7924.03,Delayed,False
SH008396,W03,ST19,CR05,2025-02-05,2025-02-07,2025-02-07,201.8,8465.99,On-time,False
SH008397,W03,ST19,CR01,2025-02-07,2025-02-09,2025-02-09,201.8,7769.64,On-time,False
SH008398,W03,ST19,CR05,2025-02-09,2025-02-11,2025-02-11,201.8,10702.07,On-time,False
SH008399,W03,ST19,CR05,2025-02-11,2025-02-13,2025-02-13,201.8,10185.58,On-time,False
SH008400,W03,ST19,CR05,2025-02-14,2025-02-16,2025-02-16,201.8,12208.51,On-time,False
SH008401,W03,ST19,CR02,2025-02-16,2025-02-18,2025-02-18,201.8,7705.28,On-time,False
SH008402,W03,ST19,CR04,2025-02-18,2025-02-20,2025-02-22,201.8,10381.24,Delayed,False
SH008403,W03,ST19,CR03,2025-02-20,2025-02-22,2025-02-24,201.8,11163.75,Delayed,False
SH008404,W03,ST19,CR02,2025-02-22,2025-02-24,2025-02-26,201.8,,Delayed,False
SH008405,W03,ST19,CR03,2025-02-23,2025-02-25,2025-02-27,201.8,9866.63,Delayed,False
SH008406,W03,ST19,CR04,2025-02-24,2025-02-26,2025-02-26,201.8,9874.05,On-time,False
SH008407,W03,ST19,CR05,2025-02-26,2025-02-28,2025-02-28,201.8,8867.69,On-time,False
SH008408,W03,ST19,CR01,2025-02-27,2025-03-01,2025-03-01,201.8,7950.29,On-time,False
SH008409,W03,ST19,CR03,2025-03-01,2025-03-03,2025-03-05,201.8,10250.1,Delayed,False
SH008410,W03,ST19,CR02,2025-03-03,2025-03-05,2025-03-05,201.8,11759.75,On-time,False
SH008411,W03,ST19,CR01,2025-03-04,2025-03-06,2025-03-06,201.8,8656.36,On-time,False
SH008412,W03,ST19,CR03,2025-03-07,2025-03-09,2025-03-09,201.8,10021.0,On-time,False
SH008413,W01,ST19,CR01,2025-03-09,2025-03-11,2025-03-11,145.6,8732.68,On-time,False
SH008414,W03,ST19,CR05,2025-03-10,2025-03-12,2025-03-12,201.8,8127.65,On-time,False
SH008415,W03,ST19,CR02,2025-03-12,2025-03-14,2025-03-14,201.8,11594.94,On-time,False
SH008416,W03,ST19,CR02,2025-03-15,2025-03-17,2025-03-17,201.8,8346.31,On-time,False
SH008417,W03,ST19,CR03,2025-03-16,2025-03-18,2025-03-18,201.8,7818.63,On-time,False
SH008418,W03,ST19,CR05,2025-03-19,2025-03-21,2025-03-21,201.8,11137.98,On-time,False
SH008419,W01,ST19,CR02,2025-03-20,2025-03-22,2025-03-22,145.6,6633.92,On-time,False
SH008420,W03,ST19,CR05,2025-03-21,2025-03-23,2025-03-23,201.8,10623.49,On-time,False
SH008421,W03,ST19,CR02,2025-03-23,2025-03-25,2025-03-27,201.8,7808.47,Delayed,False
SH008422,W03,ST19,CR04,2025-03-26,2025-03-28,2025-03-30,201.8,9472.81,Delayed,False
SH008423,W03,ST19,CR01,2025-03-28,2025-03-30,2025-03-30,201.8,10037.35,On-time,False
SH008424,W01,ST19,CR04,2025-03-29,2025-03-31,2025-04-03,145.6,5873.93,Delayed,False
SH008425,W03,ST19,CR02,2025-04-01,2025-04-03,2025-04-06,201.8,9821.52,Delayed,False
SH008426,W03,ST19,CR05,2025-04-03,2025-04-05,2025-04-05,201.8,8350.5,On-time,False
SH008427,W03,ST19,CR04,2025-04-05,2025-04-07,2025-04-09,201.8,10754.33,Delayed,False
SH008428,W03,ST19,CR05,2025-04-06,2025-04-08,2025-04-08,201.8,11443.84,On-time,False
SH008429,W03,ST19,CR01,2025-04-07,2025-04-09,2025-04-09,201.8,10599.83,On-time,False
SH008430,W03,ST19,CR05,2025-04-08,2025-04-10,2025-04-10,201.8,9189.65,On-time,False
SH008431,W01,ST19,CR03,2025-04-10,2025-04-12,2025-04-16,145.6,5925.29,Delayed,False
SH008432,W03,ST19,CR03,2025-04-12,2025-04-14,2025-04-18,201.8,7560.9,Delayed,False
SH008433,W03,ST19,CR01,2025-04-14,2025-04-16,2025-04-16,201.8,9677.47,On-time,False
SH008434,W03,ST19,CR01,2025-04-15,2025-04-17,2025-04-17,201.8,10724.02,On-time,False
SH008435,W03,ST19,CR01,2025-04-17,2025-04-19,2025-04-20,201.8,,Delayed,False
SH008436,W03,ST19,CR01,2025-04-19,2025-04-21,2025-04-21,201.8,12359.06,On-time,False
SH008437,W02,ST19,CR02,2025-04-21,2025-04-23,2025-04-23,252.7,,On-time,False
SH008438,W03,ST19,CR04,2025-04-23,2025-04-25,2025-04-28,201.8,9672.73,Delayed,False
SH008439,W03,ST19,CR04,2025-04-24,2025-04-26,2025-04-26,201.8,9910.09,On-time,False
SH008440,W01,ST19,CR02,2025-04-26,2025-04-28,2025-05-01,145.6,8840.45,Delayed,False
SH008441,W03,ST19,CR03,2025-04-27,2025-04-29,2025-04-29,201.8,8082.92,On-time,False
SH008442,W02,ST19,CR02,2025-04-29,2025-05-01,2025-05-01,252.7,10065.23,On-time,False
SH008443,W03,ST19,CR03,2025-05-01,2025-05-03,2025-05-03,201.8,8331.42,On-time,False
SH008444,W03,ST19,CR05,2025-05-03,2025-05-05,2025-05-05,201.8,8576.61,On-time,False
SH008445,W03,ST19,CR03,2025-05-05,2025-05-07,2025-05-10,201.8,8661.7,Delayed,False
SH008446,W03,ST19,CR03,2025-05-07,2025-05-09,2025-05-09,201.8,7887.56,On-time,False
SH008447,W03,ST19,CR03,2025-05-09,2025-05-11,2025-05-11,201.8,8952.89,On-time,False
SH008448,W03,ST19,CR03,2025-05-10,2025-05-12,2025-05-12,201.8,7755.13,On-time,False
SH008449,W03,ST19,CR01,2025-05-12,2025-05-14,2025-05-14,201.8,7829.21,On-time,False
SH008450,W03,ST19,CR05,2025-05-14,2025-05-16,2025-05-16,201.8,10827.46,On-time,False
SH008451,W03,ST19,CR03,2025-05-16,2025-05-18,2025-05-18,201.8,8018.0,On-time,False
SH008452,W03,ST19,CR02,2025-05-18,2025-05-20,2025-05-20,201.8,11616.65,On-time,False
SH008453,W02,ST19,CR04,2025-05-21,2025-05-23,2025-05-23,252.7,12389.23,On-time,False
SH008454,W03,ST19,CR03,2025-05-22,2025-05-24,2025-05-24,201.8,7706.3,On-time,False
SH008455,W03,ST19,CR05,2025-05-25,2025-05-27,2025-05-27,201.8,7960.24,On-time,False
SH008456,W03,ST19,CR02,2025-05-27,2025-05-29,2025-05-29,201.8,7223.07,On-time,False
SH008457,W02,ST19,CR03,2025-05-28,2025-05-30,2025-05-30,252.7,10529.49,On-time,False
SH008458,W03,ST19,CR02,2025-05-30,2025-06-01,2025-06-04,201.8,8660.38,Delayed,False
SH008459,W03,ST19,CR02,2025-06-01,2025-06-03,2025-06-07,201.8,10062.16,Delayed,False
SH008460,W03,ST19,CR03,2025-06-03,2025-06-05,2025-06-06,201.8,10043.72,Delayed,False
SH008461,W03,ST19,CR02,2025-06-05,2025-06-07,2025-06-07,201.8,11708.81,On-time,False
SH008462,W03,ST19,CR03,2025-06-07,2025-06-09,2025-06-09,201.8,11816.79,On-time,False
SH008463,W03,ST19,CR05,2025-06-09,2025-06-11,2025-06-13,201.8,8692.31,Delayed,False
SH008464,W03,ST19,CR03,2025-06-12,2025-06-14,2025-06-15,201.8,11696.09,Delayed,False
SH008465,W03,ST19,CR02,2025-06-13,2025-06-15,2025-06-15,201.8,9992.84,On-time,False
SH008466,W03,ST19,CR02,2025-06-14,2025-06-16,2025-06-16,201.8,,On-time,False
SH008467,W03,ST19,CR04,2025-06-17,2025-06-19,2025-06-19,201.8,10235.53,On-time,False
SH008468,W03,ST19,CR03,2025-06-18,2025-06-20,2025-06-20,201.8,7320.1,On-time,False
SH008469,W02,ST19,CR03,2025-06-20,2025-06-22,2025-06-23,252.7,10978.28,Delayed,False
SH008470,W03,ST19,CR04,2025-06-22,2025-06-24,2025-06-26,201.8,8424.87,Damaged,False
SH008471,W03,ST19,CR05,2025-06-24,2025-06-26,2025-06-26,201.8,11675.93,Lost,False
SH008472,W03,ST19,CR03,2025-06-27,2025-06-29,2025-06-29,201.8,8957.32,On-time,False
SH008473,W03,ST19,CR02,2025-06-29,2025-07-01,2025-07-01,201.8,10495.39,On-time,False
SH008474,W03,ST19,CR05,2025-07-01,2025-07-03,2025-07-03,201.8,10314.12,On-time,False
SH008475,W02,ST19,CR02,2025-07-03,2025-07-05,2025-07-06,252.7,12137.25,Delayed,False
SH008476,W03,ST19,CR02,2025-07-05,2025-07-07,2025-07-09,201.8,10846.16,Delayed,False
SH008477,W01,ST19,CR01,2025-07-08,2025-07-10,2025-07-10,145.6,7279.65,On-time,False
SH008478,W03,ST19,CR03,2025-07-10,2025-07-12,2025-07-12,201.8,9345.42,On-time,False
SH008479,W03,ST19,CR03,2025-07-11,2025-07-13,2025-07-13,201.8,8406.43,On-time,False
SH008480,W03,ST19,CR05,2025-07-13,2025-07-15,2025-07-15,201.8,8642.46,Lost,False
SH008481,W03,ST19,CR02,2025-07-16,2025-07-18,2025-07-18,201.8,11018.05,On-time,False
SH008482,W03,ST19,CR03,2025-07-19,2025-07-21,2025-07-21,201.8,11606.13,On-time,False
SH008483,W03,ST19,CR03,2025-07-22,2025-07-24,2025-07-28,201.8,8695.49,Delayed,False
SH008484,W03,ST19,CR04,2025-07-23,2025-07-25,2025-07-25,201.8,10229.64,On-time,False
SH008485,W02,ST19,CR04,2025-07-25,2025-07-27,2025-07-27,252.7,11522.11,On-time,False
SH008486,W03,ST19,CR02,2025-07-28,2025-07-30,2025-08-01,201.8,,Delayed,False
SH008487,W03,ST19,CR02,2025-07-29,2025-07-31,2025-07-31,201.8,11708.62,On-time,False
SH008488,W03,ST19,CR05,2025-07-30,2025-08-01,2025-08-01,201.8,8097.34,On-time,False
SH008489,W03,ST19,CR04,2025-08-02,2025-08-04,2025-08-04,201.8,9690.36,On-time,False
SH008490,W03,ST19,CR03,2025-08-04,2025-08-06,2025-08-06,201.8,9349.49,On-time,False
SH008491,W03,ST19,CR05,2025-08-05,2025-08-07,2025-08-07,201.8,9199.11,On-time,False
SH008492,W03,ST19,CR02,2025-08-07,2025-08-09,2025-08-13,201.8,7081.77,Delayed,False
SH008493,W03,ST19,CR05,2025-08-09,2025-08-11,2025-08-11,201.8,8725.93,On-time,False
SH008494,W03,ST19,CR03,2025-08-10,2025-08-12,2025-08-12,201.8,7404.82,On-time,False
SH008495,W03,ST19,CR01,2025-08-12,2025-08-14,2025-08-14,201.8,8595.39,On-time,False
SH008496,W03,ST19,CR05,2025-08-13,2025-08-15,2025-08-15,201.8,10434.93,On-time,False
SH008497,W03,ST19,CR04,2025-08-16,2025-08-18,2025-08-18,201.8,9885.28,On-time,False
SH008498,W03,ST19,CR03,2025-08-18,2025-08-20,2025-08-24,201.8,7964.34,Delayed,False
SH008499,W03,ST19,CR04,2025-08-20,2025-08-22,2025-08-22,201.8,11653.5,On-time,False
SH008500,W03,ST19,CR05,2025-08-21,2025-08-23,2025-08-23,201.8,9757.95,On-time,False
SH008501,W03,ST19,CR05,2025-08-22,2025-08-24,2025-08-24,201.8,9771.67,On-time,False
SH008502,W03,ST19,CR03,2025-08-24,2025-08-26,2025-08-29,201.8,8965.05,Delayed,False
SH008503,W03,ST19,CR03,2025-08-27,2025-08-29,2025-08-29,201.8,7805.91,On-time,False
SH008504,W03,ST19,CR04,2025-08-29,2025-08-31,2025-09-01,201.8,11497.48,Delayed,False
SH008505,W03,ST19,CR03,2025-08-30,2025-09-01,2025-09-01,201.8,9019.89,On-time,False
SH008506,W02,ST19,CR01,2025-09-01,2025-09-03,2025-09-03,252.7,12216.19,On-time,False
SH008507,W03,ST19,CR02,2025-09-03,2025-09-05,2025-09-05,201.8,10893.86,Damaged,False
SH008508,W03,ST19,CR04,2025-09-05,2025-09-07,2025-09-07,201.8,9648.7,On-time,False
SH008509,W03,ST19,CR02,2025-09-08,2025-09-10,2025-09-11,201.8,9183.35,Delayed,False
SH008510,W03,ST19,CR04,2025-09-11,2025-09-13,2025-09-13,201.8,9355.54,On-time,False
SH008511,W03,ST19,CR03,2025-09-12,2025-09-14,2025-09-14,201.8,8239.05,On-time,False
SH008512,W03,ST19,CR02,2025-09-15,2025-09-17,2025-09-17,201.8,9796.12,On-time,False
SH008513,W03,ST19,CR03,2025-09-17,2025-09-19,2025-09-19,201.8,9652.75,On-time,False
SH008514,W03,ST19,CR05,2025-09-20,2025-09-22,2025-09-22,201.8,11710.74,Lost,False
SH008515,W03,ST19,CR03,2025-09-22,2025-09-24,2025-09-24,201.8,10876.01,On-time,False
SH008516,W03,ST19,CR04,2025-09-24,2025-09-26,2025-09-26,201.8,6961.63,On-time,False
SH008517,W03,ST19,CR02,2025-09-26,2025-09-28,2025-09-29,201.8,7813.97,Delayed,False
SH008518,W03,ST19,CR04,2025-09-29,2025-10-01,2025-10-01,201.8,8191.29,On-time,False
SH008519,W03,ST19,CR02,2025-10-02,2025-10-04,2025-10-05,201.8,8221.44,Delayed,False
SH008520,W03,ST19,CR05,2025-10-04,2025-10-06,2025-10-06,201.8,8546.78,On-time,False
SH008521,W03,ST19,CR05,2025-10-07,2025-10-09,2025-10-09,201.8,10964.15,On-time,False
SH008522,W03,ST19,CR05,2025-10-08,2025-10-10,2025-10-10,201.8,10891.47,On-time,False
SH008523,W01,ST19,CR03,2025-10-11,2025-10-13,2025-10-14,145.6,7715.27,Delayed,False
SH008524,W03,ST19,CR02,2025-10-13,2025-10-15,2025-10-15,201.8,8002.32,On-time,False
SH008525,W03,ST19,CR03,2025-10-14,2025-10-16,2025-10-16,201.8,9709.0,On-time,False
SH008526,W03,ST19,CR01,2025-10-16,2025-10-18,2025-10-22,201.8,11459.66,Delayed,False
SH008527,W03,ST19,CR03,2025-10-18,2025-10-20,2025-10-20,201.8,12594.88,On-time,False
SH008528,W03,ST19,CR02,2025-10-20,2025-10-22,2025-10-22,201.8,9035.78,On-time,False
SH008529,W03,ST19,CR01,2025-10-21,2025-10-23,2025-10-23,201.8,,On-time,False
SH008530,W03,ST19,CR03,2025-10-23,2025-10-25,2025-10-25,201.8,9907.59,On-time,False
SH008531,W03,ST19,CR03,2025-10-25,2025-10-27,2025-10-27,201.8,10204.9,On-time,False
SH008532,W03,ST19,CR01,2025-10-27,2025-10-29,2025-10-29,201.8,10411.53,On-time,False
SH008533,W01,ST19,CR01,2025-10-28,2025-10-30,2025-11-01,145.6,7203.18,Delayed,False
SH008534,W03,ST19,CR02,2025-10-30,2025-11-01,2025-11-01,201.8,9397.01,On-time,False
SH008535,W03,ST19,CR03,2025-11-01,2025-11-03,2025-11-03,201.8,9104.14,On-time,False
SH008536,W03,ST19,CR01,2025-11-03,2025-11-05,2025-11-05,201.8,11325.63,On-time,False
SH008537,W03,ST19,CR03,2025-11-05,2025-11-07,2025-11-07,201.8,8112.77,On-time,False
SH008538,W03,ST19,CR01,2025-11-07,2025-11-09,2025-11-09,201.8,7117.53,On-time,False
SH008539,W03,ST19,CR05,2025-11-09,2025-11-11,2025-11-11,201.8,11939.22,On-time,False
SH008540,W03,ST19,CR01,2025-11-11,2025-11-13,2025-11-13,201.8,,On-time,False
SH008541,W03,ST19,CR01,2025-11-13,2025-11-15,2025-11-15,201.8,,On-time,False
SH008542,W03,ST19,CR03,2025-11-14,2025-11-16,2025-11-16,201.8,9741.96,On-time,False
SH008543,W03,ST19,CR03,2025-11-16,2025-11-18,2025-11-18,201.8,7475.38,On-time,False
SH008544,W03,ST19,CR03,2025-11-17,2025-11-19,2025-11-21,201.8,12113.55,Delayed,False
SH008545,W03,ST19,CR05,2025-11-20,2025-11-22,2025-11-22,201.8,7874.19,On-time,False
SH008546,W03,ST19,CR02,2025-11-22,2025-11-24,2025-11-24,201.8,10621.44,On-time,False
SH008547,W03,ST19,CR03,2025-11-23,2025-11-25,2025-11-25,201.8,10043.73,On-time,False
SH008548,W03,ST19,CR01,2025-11-25,2025-11-27,2025-11-27,201.8,8584.54,On-time,False
SH008549,W01,ST19,CR03,2025-11-27,2025-11-29,2025-11-29,145.6,8997.88,On-time,False
SH008550,W03,ST19,CR02,2025-11-29,2025-12-01,2025-12-01,201.8,9229.37,On-time,False
SH008551,W03,ST19,CR02,2025-12-02,2025-12-04,2025-12-04,201.8,9364.26,On-time,False
SH008552,W02,ST19,CR01,2025-12-04,2025-12-06,2025-12-09,252.7,,Delayed,False
SH008553,W03,ST19,CR05,2025-12-06,2025-12-08,2025-12-08,201.8,,On-time,False
SH008554,W03,ST19,CR02,2025-12-08,2025-12-10,2025-12-10,201.8,10665.41,On-time,False
SH008555,W03,ST19,CR05,2025-12-10,2025-12-12,2025-12-12,201.8,10247.31,On-time,False
SH008556,W03,ST19,CR01,2025-12-12,2025-12-14,2025-12-14,201.8,10903.44,On-time,False
SH008557,W03,ST19,CR04,2025-12-14,2025-12-16,2025-12-16,201.8,11531.97,Lost,False
SH008558,W03,ST19,CR05,2025-12-15,2025-12-17,2025-12-17,201.8,12033.27,On-time,False
SH008559,W03,ST19,CR02,2025-12-17,2025-12-19,2025-12-19,201.8,9661.62,On-time,False
SH008560,W03,ST19,CR04,2025-12-18,2025-12-20,2025-12-20,201.8,11197.9,On-time,False
SH008561,W03,ST19,CR05,2025-12-19,2025-12-21,2025-12-21,201.8,8592.63,On-time,False
SH008562,W03,ST19,CR02,2025-12-21,2025-12-23,2025-12-23,201.8,,On-time,False
SH008563,W03,ST19,CR01,2025-12-23,2025-12-25,2025-12-25,201.8,8702.42,On-time,False
SH008564,W03,ST19,CR03,2025-12-24,2025-12-26,2025-12-26,201.8,10986.15,On-time,False
SH008565,W02,ST19,CR03,2025-12-27,2025-12-29,2025-12-29,252.7,12466.55,On-time,False
SH008566,W03,ST19,CR01,2025-12-29,2025-12-31,,201.8,,In-Transit,False
SH008567,W02,ST19,CR03,2025-12-30,2026-01-01,,252.7,14856.43,In-Transit,False
SH008568,W03,ST20,CR04,2024-01-03,2024-01-05,2024-01-07,367.7,17498.22,Delayed,False
SH008569,W02,ST20,CR02,2024-01-05,2024-01-07,2024-01-07,282.1,16989.21,On-time,False
SH008570,W02,ST20,CR01,2024-01-08,2024-01-10,2024-01-10,282.1,14419.29,On-time,False
SH008571,W02,ST20,CR03,2024-01-10,2024-01-12,2024-01-12,282.1,14310.61,On-time,False
SH008572,W02,ST20,CR04,2024-01-11,2024-01-13,2024-01-13,282.1,13203.23,Lost,False
SH008573,W02,ST20,CR05,2024-01-13,2024-01-15,2024-01-15,282.1,,On-time,False
SH008574,W02,ST20,CR05,2024-01-15,2024-01-17,2024-01-17,282.1,13467.33,Damaged,False
SH008575,W02,ST20,CR01,2024-01-16,2024-01-18,2024-01-18,282.1,15952.3,On-time,False
SH008576,W02,ST20,CR03,2024-01-17,2024-01-19,2024-01-19,282.1,9724.88,On-time,False
SH008577,W02,ST20,CR02,2024-01-18,2024-01-20,2024-01-23,282.1,16523.12,Delayed,False
SH008578,W02,ST20,CR03,2024-01-20,2024-01-22,2024-01-25,282.1,15656.17,Delayed,False
SH008579,W02,ST20,CR03,2024-01-21,2024-01-23,2024-01-23,282.1,13678.63,On-time,False
SH008580,W02,ST20,CR01,2024-01-23,2024-01-25,2024-01-25,282.1,11226.29,On-time,False
SH008581,W02,ST20,CR03,2024-01-25,2024-01-27,2024-01-27,282.1,12963.44,On-time,False
SH008582,W02,ST20,CR02,2024-01-27,2024-01-29,2024-01-29,282.1,13576.74,On-time,False
SH008583,W02,ST20,CR05,2024-01-29,2024-01-31,2024-01-31,282.1,13647.11,On-time,False
SH008584,W02,ST20,CR01,2024-02-01,2024-02-03,2024-02-03,282.1,11854.68,On-time,False
SH008585,W02,ST20,CR01,2024-02-02,2024-02-04,2024-02-04,282.1,12820.97,On-time,False
SH008586,W03,ST20,CR02,2024-02-04,2024-02-06,2024-02-06,367.7,21525.66,On-time,False
SH008587,W02,ST20,CR05,2024-02-05,2024-02-07,2024-02-07,282.1,15613.8,On-time,False
SH008588,W01,ST20,CR01,2024-02-07,2024-02-09,2024-02-13,202.2,11915.3,Delayed,False
SH008589,W02,ST20,CR02,2024-02-09,2024-02-11,2024-02-11,282.1,14882.01,On-time,False
SH008590,W02,ST20,CR03,2024-02-10,2024-02-12,2024-02-12,282.1,17365.23,On-time,False
SH008591,W02,ST20,CR01,2024-02-12,2024-02-14,2024-02-14,282.1,12103.79,On-time,False
SH008592,W02,ST20,CR03,2024-02-13,2024-02-15,2024-02-15,282.1,12131.15,On-time,False
SH008593,W03,ST20,CR03,2024-02-15,2024-02-17,2024-02-17,367.7,13879.6,On-time,False
SH008594,W02,ST20,CR01,2024-02-17,2024-02-19,2024-02-19,282.1,11216.64,On-time,False
SH008595,W02,ST20,CR02,2024-02-19,2024-02-21,2024-02-21,282.1,15790.1,On-time,False
SH008596,W02,ST20,CR02,2024-02-21,2024-02-23,2024-02-23,282.1,12636.2,On-time,False
SH008597,W02,ST20,CR03,2024-02-23,2024-02-25,2024-02-25,282.1,,On-time,False
SH008598,W02,ST20,CR03,2024-02-25,2024-02-27,2024-02-27,282.1,14396.73,On-time,False
SH008599,W02,ST20,CR01,2024-02-27,2024-02-29,2024-02-29,282.1,12352.14,On-time,False
SH008600,W02,ST20,CR03,2024-02-29,2024-03-02,2024-03-02,282.1,12911.59,On-time,False
SH008601,W02,ST20,CR02,2024-03-02,2024-03-04,2024-03-04,282.1,16667.82,On-time,False
SH008602,W02,ST20,CR02,2024-03-04,2024-03-06,2024-03-06,282.1,12589.79,On-time,False
SH008603,W01,ST20,CR03,2024-03-06,2024-03-08,2024-03-08,202.2,11949.63,On-time,False
SH008604,W01,ST20,CR02,2024-03-07,2024-03-09,2024-03-09,202.2,9990.25,Damaged,False
SH008605,W02,ST20,CR01,2024-03-09,2024-03-11,2024-03-12,282.1,12035.43,Delayed,False
SH008606,W02,ST20,CR02,2024-03-11,2024-03-13,2024-03-13,282.1,10467.19,On-time,False
SH008607,W02,ST20,CR01,2024-03-14,2024-03-16,2024-03-16,282.1,14078.49,On-time,False
SH008608,W02,ST20,CR01,2024-03-16,2024-03-18,2024-03-18,282.1,15761.69,On-time,False
SH008609,W02,ST20,CR03,2024-03-18,2024-03-20,2024-03-20,282.1,14025.11,On-time,False
SH008610,W02,ST20,CR03,2024-03-19,2024-03-21,2024-03-21,282.1,13222.07,On-time,False
SH008611,W02,ST20,CR02,2024-03-21,2024-03-23,2024-03-26,282.1,16613.92,Delayed,False
SH008612,W03,ST20,CR03,2024-03-22,2024-03-24,2024-03-24,367.7,14928.14,On-time,False
SH008613,W02,ST20,CR02,2024-03-24,2024-03-26,2024-03-26,282.1,13338.52,On-time,False
SH008614,W02,ST20,CR03,2024-03-26,2024-03-28,2024-03-28,282.1,15595.36,On-time,False
SH008615,W02,ST20,CR01,2024-03-28,2024-03-30,2024-03-30,282.1,12460.74,On-time,False
SH008616,W02,ST20,CR01,2024-03-30,2024-04-01,2024-04-01,282.1,10676.79,On-time,False
SH008617,W02,ST20,CR04,2024-04-01,2024-04-03,2024-04-03,282.1,14398.43,On-time,False
SH008618,W02,ST20,CR01,2024-04-03,2024-04-05,2024-04-08,282.1,17049.34,Delayed,False
SH008619,W02,ST20,CR04,2024-04-04,2024-04-06,2024-04-08,282.1,11219.67,Delayed,False
SH008620,W02,ST20,CR03,2024-04-06,2024-04-08,2024-04-08,282.1,14295.63,On-time,False
SH008621,W02,ST20,CR02,2024-04-08,2024-04-10,2024-04-10,282.1,12686.65,On-time,False
SH008622,W02,ST20,CR03,2024-04-11,2024-04-13,2024-04-13,282.1,14066.12,On-time,False
SH008623,W02,ST20,CR02,2024-04-13,2024-04-15,2024-04-15,282.1,15780.15,On-time,False
SH008624,W02,ST20,CR05,2024-04-15,2024-04-17,2024-04-17,282.1,16138.17,On-time,False
SH008625,W01,ST20,CR01,2024-04-17,2024-04-19,2024-04-19,202.2,8275.14,On-time,False
SH008626,W02,ST20,CR03,2024-04-19,2024-04-21,2024-04-21,282.1,16397.5,On-time,False
SH008627,W02,ST20,CR02,2024-04-21,2024-04-23,2024-04-23,282.1,11337.87,On-time,False
SH008628,W02,ST20,CR01,2024-04-24,2024-04-26,2024-04-26,282.1,11429.36,On-time,False
SH008629,W02,ST20,CR05,2024-04-25,2024-04-27,2024-04-27,282.1,12482.43,On-time,False
SH008630,W02,ST20,CR05,2024-04-27,2024-04-29,2024-04-29,282.1,11246.62,On-time,False
SH008631,W02,ST20,CR02,2024-04-29,2024-05-01,2024-05-01,282.1,15580.29,On-time,False
SH008632,W02,ST20,CR05,2024-04-30,2024-05-02,2024-05-02,282.1,16281.28,On-time,False
SH008633,W02,ST20,CR05,2024-05-02,2024-05-04,2024-05-04,282.1,,On-time,False
SH008634,W02,ST20,CR02,2024-05-03,2024-05-05,2024-05-05,282.1,11615.9,On-time,False
SH008635,W02,ST20,CR03,2024-05-05,2024-05-07,2024-05-07,282.1,15449.06,On-time,False
SH008636,W02,ST20,CR04,2024-05-07,2024-05-09,2024-05-09,282.1,10714.97,Damaged,False
SH008637,W02,ST20,CR02,2024-05-09,2024-05-11,2024-05-11,282.1,11720.36,On-time,False
SH008638,W02,ST20,CR01,2024-05-11,2024-05-13,2024-05-13,282.1,10331.08,On-time,False
SH008639,W02,ST20,CR02,2024-05-13,2024-05-15,2024-05-15,282.1,11703.46,On-time,False
SH008640,W02,ST20,CR02,2024-05-15,2024-05-17,2024-05-17,282.1,,On-time,False
SH008641,W02,ST20,CR03,2024-05-17,2024-05-19,2024-05-19,282.1,10177.68,On-time,False
SH008642,W02,ST20,CR02,2024-05-19,2024-05-21,2024-05-21,282.1,14610.33,On-time,False
SH008643,W02,ST20,CR02,2024-05-20,2024-05-22,2024-05-22,282.1,16344.97,On-time,False
SH008644,W02,ST20,CR03,2024-05-21,2024-05-23,2024-05-23,282.1,14420.7,On-time,False
SH008645,W02,ST20,CR02,2024-05-23,2024-05-25,2024-05-25,282.1,10341.0,On-time,False
SH008646,W02,ST20,CR04,2024-05-25,2024-05-27,2024-05-27,282.1,,On-time,False
SH008647,W02,ST20,CR05,2024-05-27,2024-05-29,2024-05-29,282.1,11480.59,On-time,False
SH008648,W02,ST20,CR03,2024-05-28,2024-05-30,2024-05-30,282.1,15912.03,On-time,False
SH008649,W02,ST20,CR04,2024-05-29,2024-05-31,2024-05-31,282.1,10965.95,On-time,False
SH008650,W02,ST20,CR05,2024-05-30,2024-06-01,2024-06-01,282.1,16198.28,On-time,False
SH008651,W02,ST20,CR02,2024-05-31,2024-06-02,2024-06-02,282.1,16853.91,On-time,False
SH008652,W02,ST20,CR01,2024-06-02,2024-06-04,2024-06-08,282.1,9311.15,Delayed,False
SH008653,W02,ST20,CR02,2024-06-04,2024-06-06,2024-06-06,282.1,11061.14,On-time,False
SH008654,W02,ST20,CR01,2024-06-05,2024-06-07,2024-06-07,282.1,15365.48,On-time,False
SH008655,W02,ST20,CR03,2024-06-06,2024-06-08,2024-06-08,282.1,11695.51,On-time,False
SH008656,W02,ST20,CR03,2024-06-08,2024-06-10,2024-06-10,282.1,10443.22,On-time,False
SH008657,W02,ST20,CR01,2024-06-10,2024-06-12,2024-06-12,282.1,12320.65,On-time,False
SH008658,W03,ST20,CR03,2024-06-12,2024-06-14,2024-06-17,367.7,17941.07,Delayed,False
SH008659,W02,ST20,CR04,2024-06-15,2024-06-17,2024-06-17,282.1,13095.13,On-time,False
SH008660,W02,ST20,CR03,2024-06-17,2024-06-19,2024-06-23,282.1,15253.25,Delayed,False
SH008661,W01,ST20,CR05,2024-06-19,2024-06-21,2024-06-21,202.2,11913.69,On-time,False
SH008662,W02,ST20,CR03,2024-06-22,2024-06-24,2024-06-24,282.1,15559.0,On-time,False
SH008663,W02,ST20,CR03,2024-06-25,2024-06-27,2024-06-28,282.1,15534.42,Delayed,False
SH008664,W02,ST20,CR05,2024-06-27,2024-06-29,2024-06-29,282.1,12457.46,On-time,False
SH008665,W02,ST20,CR03,2024-06-28,2024-06-30,2024-07-03,282.1,15664.37,Delayed,False
SH008666,W01,ST20,CR05,2024-06-30,2024-07-02,2024-07-02,202.2,11102.35,On-time,False
SH008667,W02,ST20,CR04,2024-07-02,2024-07-04,2024-07-06,282.1,12103.09,Delayed,False
SH008668,W02,ST20,CR02,2024-07-03,2024-07-05,2024-07-05,282.1,17119.97,On-time,False
SH008669,W02,ST20,CR05,2024-07-04,2024-07-06,2024-07-06,282.1,14136.7,On-time,False
SH008670,W02,ST20,CR01,2024-07-07,2024-07-09,2024-07-10,282.1,14491.25,Delayed,False
SH008671,W02,ST20,CR03,2024-07-08,2024-07-10,2024-07-12,282.1,12039.05,Delayed,False
SH008672,W02,ST20,CR04,2024-07-09,2024-07-11,2024-07-11,282.1,15719.76,On-time,False
SH008673,W02,ST20,CR01,2024-07-11,2024-07-13,2024-07-13,282.1,12096.91,On-time,False
SH008674,W02,ST20,CR02,2024-07-13,2024-07-15,2024-07-15,282.1,14089.68,On-time,False
SH008675,W02,ST20,CR01,2024-07-15,2024-07-17,2024-07-17,282.1,16856.08,On-time,False
SH008676,W02,ST20,CR02,2024-07-17,2024-07-19,2024-07-19,282.1,15514.42,On-time,False
SH008677,W02,ST20,CR03,2024-07-20,2024-07-22,2024-07-22,282.1,10958.51,On-time,False
SH008678,W03,ST20,CR02,2024-07-22,2024-07-24,2024-07-24,367.7,12442.63,On-time,False
SH008679,W02,ST20,CR01,2024-07-24,2024-07-26,2024-07-26,282.1,13695.55,On-time,False
SH008680,W02,ST20,CR02,2024-07-26,2024-07-28,2024-07-30,282.1,14536.1,Delayed,False
SH008681,W02,ST20,CR02,2024-07-28,2024-07-30,2024-08-03,282.1,15696.03,Delayed,False
SH008682,W02,ST20,CR01,2024-07-30,2024-08-01,2024-08-03,282.1,16755.71,Delayed,False
SH008683,W02,ST20,CR03,2024-08-01,2024-08-03,2024-08-05,282.1,12531.06,Delayed,False
SH008684,W02,ST20,CR03,2024-08-03,2024-08-05,2024-08-07,282.1,13849.79,Delayed,False
SH008685,W01,ST20,CR02,2024-08-05,2024-08-07,2024-08-07,202.2,10731.63,On-time,False
SH008686,W02,ST20,CR04,2024-08-07,2024-08-09,2024-08-09,282.1,11715.29,On-time,False
SH008687,W02,ST20,CR01,2024-08-09,2024-08-11,2024-08-11,282.1,11389.25,On-time,False
SH008688,W02,ST20,CR02,2024-08-11,2024-08-13,2024-08-13,282.1,11891.23,On-time,False
SH008689,W02,ST20,CR04,2024-08-12,2024-08-14,2024-08-14,282.1,13467.66,On-time,False
SH008690,W02,ST20,CR03,2024-08-14,2024-08-16,2024-08-17,282.1,,Delayed,False
SH008691,W02,ST20,CR03,2024-08-16,2024-08-18,2024-08-18,282.1,12510.96,On-time,False
SH008692,W02,ST20,CR03,2024-08-18,2024-08-20,2024-08-24,282.1,13498.71,Delayed,False
SH008693,W02,ST20,CR01,2024-08-20,2024-08-22,2024-08-25,282.1,16131.77,Delayed,False
SH008694,W02,ST20,CR03,2024-08-22,2024-08-24,2024-08-24,282.1,12179.47,On-time,False
SH008695,W02,ST20,CR04,2024-08-24,2024-08-26,2024-08-30,282.1,16617.76,Lost,False
SH008696,W02,ST20,CR01,2024-08-26,2024-08-28,2024-08-28,282.1,16412.01,On-time,False
SH008697,W02,ST20,CR01,2024-08-28,2024-08-30,2024-09-03,282.1,15581.26,Delayed,False
SH008698,W02,ST20,CR01,2024-08-30,2024-09-01,2024-09-01,282.1,13439.45,On-time,False
SH008699,W02,ST20,CR05,2024-08-31,2024-09-02,2024-09-04,282.1,13615.25,Delayed,False
SH008700,W02,ST20,CR04,2024-09-02,2024-09-04,2024-09-04,282.1,12426.65,On-time,False
SH008701,W02,ST20,CR04,2024-09-04,2024-09-06,2024-09-08,282.1,12055.78,Delayed,False
SH008702,W02,ST20,CR01,2024-09-07,2024-09-09,2024-09-12,282.1,,Delayed,False
SH008703,W02,ST20,CR04,2024-09-09,2024-09-11,2024-09-13,282.1,13901.65,Delayed,False
SH008704,W02,ST20,CR03,2024-09-12,2024-09-14,2024-09-17,282.1,11206.84,Delayed,False
SH008705,W02,ST20,CR04,2024-09-14,2024-09-16,2024-09-16,282.1,11387.93,On-time,False
SH008706,W01,ST20,CR04,2024-09-16,2024-09-18,2024-09-18,202.2,9545.88,On-time,False
SH008707,W02,ST20,CR01,2024-09-17,2024-09-19,2024-09-19,282.1,12348.21,On-time,False
SH008708,W03,ST20,CR04,2024-09-19,2024-09-21,2024-09-24,367.7,,Delayed,False
SH008709,W02,ST20,CR05,2024-09-21,2024-09-23,2024-09-23,282.1,13055.58,On-time,False
SH008710,W01,ST20,CR03,2024-09-23,2024-09-25,2024-09-25,202.2,9587.08,On-time,False
SH008711,W02,ST20,CR05,2024-09-24,2024-09-26,2024-09-26,282.1,15132.75,On-time,False
SH008712,W03,ST20,CR03,2024-09-25,2024-09-27,2024-09-27,367.7,15223.99,On-time,False
SH008713,W02,ST20,CR02,2024-09-27,2024-09-29,2024-09-29,282.1,12790.34,On-time,False
SH008714,W02,ST20,CR05,2024-09-29,2024-10-01,2024-10-01,282.1,15591.77,On-time,False
SH008715,W02,ST20,CR04,2024-10-01,2024-10-03,2024-10-03,282.1,12163.76,On-time,False
SH008716,W02,ST20,CR04,2024-10-04,2024-10-06,2024-10-06,282.1,13762.75,On-time,False
SH008717,W02,ST20,CR04,2024-10-05,2024-10-07,2024-10-07,282.1,10270.34,On-time,False
SH008718,W02,ST20,CR03,2024-10-07,2024-10-09,2024-10-09,282.1,16096.1,On-time,False
SH008719,W02,ST20,CR04,2024-10-09,2024-10-11,2024-10-11,282.1,14385.49,On-time,False
SH008720,W02,ST20,CR02,2024-10-11,2024-10-13,2024-10-13,282.1,11714.17,On-time,False
SH008721,W02,ST20,CR01,2024-10-13,2024-10-15,2024-10-15,282.1,10269.6,On-time,False
SH008722,W02,ST20,CR05,2024-10-16,2024-10-18,2024-10-18,282.1,16018.63,On-time,False
SH008723,W02,ST20,CR03,2024-10-18,2024-10-20,2024-10-20,282.1,11156.55,On-time,False
SH008724,W02,ST20,CR03,2024-10-19,2024-10-21,2024-10-21,282.1,14030.84,On-time,False
SH008725,W02,ST20,CR03,2024-10-20,2024-10-22,2024-10-22,282.1,16308.77,On-time,False
SH008726,W02,ST20,CR01,2024-10-22,2024-10-24,2024-10-24,282.1,11252.26,On-time,False
SH008727,W02,ST99,CR04,2024-10-23,2024-10-25,2024-10-29,282.1,12624.16,Delayed,True
SH008728,W02,ST20,CR03,2024-10-25,2024-10-27,2024-10-27,282.1,12212.85,On-time,False
SH008729,W02,ST20,CR01,2024-10-27,2024-10-29,2024-10-29,282.1,12314.91,On-time,False
SH008730,W02,ST20,CR02,2024-10-29,2024-10-31,2024-10-31,282.1,11508.07,On-time,False
SH008731,W02,ST20,CR01,2024-10-31,2024-11-02,2024-11-02,282.1,14522.73,On-time,False
SH008732,W02,ST20,CR05,2024-11-01,2024-11-03,2024-11-03,282.1,13980.79,On-time,False
SH008733,W02,ST20,CR01,2024-11-03,2024-11-05,2024-11-05,282.1,11697.35,On-time,False
SH008734,W02,ST20,CR02,2024-11-05,2024-11-07,2024-11-07,282.1,11939.24,On-time,False
SH008735,W02,ST20,CR05,2024-11-06,2024-11-08,2024-11-08,282.1,15256.76,On-time,False
SH008736,W02,ST20,CR05,2024-11-08,2024-11-10,2024-11-10,282.1,14027.19,On-time,False
SH008737,W02,ST20,CR04,2024-11-10,2024-11-12,2024-11-16,282.1,13795.35,Delayed,False
SH008738,W02,ST20,CR01,2024-11-12,2024-11-14,2024-11-14,282.1,11405.04,On-time,False
SH008739,W02,ST20,CR04,2024-11-14,2024-11-16,2024-11-16,282.1,14878.6,On-time,False
SH008740,W02,ST20,CR03,2024-11-16,2024-11-18,2024-11-18,282.1,,On-time,False
SH008741,W01,ST20,CR04,2024-11-17,2024-11-19,2024-11-19,202.2,9477.37,On-time,False
SH008742,W02,ST20,CR03,2024-11-19,2024-11-21,2024-11-21,282.1,13100.11,On-time,False
SH008743,W02,ST20,CR01,2024-11-21,2024-11-23,2024-11-23,282.1,15604.11,On-time,False
SH008744,W01,ST20,CR02,2024-11-23,2024-11-25,2024-11-25,202.2,8490.49,On-time,False
SH008745,W02,ST20,CR03,2024-11-26,2024-11-28,2024-11-28,282.1,17519.27,On-time,False
SH008746,W02,ST20,CR01,2024-11-27,2024-11-29,2024-12-01,282.1,11078.1,Delayed,False
SH008747,W02,ST20,CR03,2024-11-29,2024-12-01,2024-12-01,282.1,11253.27,On-time,False
SH008748,W02,ST20,CR05,2024-11-30,2024-12-02,2024-12-02,282.1,,On-time,False
SH008749,W02,ST20,CR03,2024-12-01,2024-12-03,2024-12-03,282.1,11184.24,On-time,False
SH008750,W02,ST20,CR02,2024-12-02,2024-12-04,2024-12-06,282.1,15241.67,Delayed,False
SH008751,W02,ST20,CR03,2024-12-04,2024-12-06,2024-12-06,282.1,11762.64,On-time,False
SH008752,W02,ST20,CR04,2024-12-07,2024-12-09,2024-12-09,282.1,13278.02,Damaged,False
SH008753,W02,ST20,CR03,2024-12-09,2024-12-11,2024-12-11,282.1,14447.1,On-time,False
SH008754,W02,ST20,CR03,2024-12-11,2024-12-13,2024-12-13,282.1,16424.05,On-time,False
SH008755,W02,ST20,CR01,2024-12-13,2024-12-15,2024-12-15,282.1,15900.08,On-time,False
SH008756,W02,ST20,CR02,2024-12-15,2024-12-17,2024-12-21,282.1,11152.2,Delayed,False
SH008757,W02,ST20,CR02,2024-12-17,2024-12-19,2024-12-19,282.1,10695.74,On-time,False
SH008758,W02,ST20,CR05,2024-12-19,2024-12-21,2024-12-21,282.1,11523.61,Lost,False
SH008759,W02,ST20,CR04,2024-12-21,2024-12-23,2024-12-23,282.1,14833.69,On-time,False
SH008760,W02,ST20,CR05,2024-12-23,2024-12-25,2024-12-25,282.1,13677.38,On-time,False
SH008761,W02,ST20,CR01,2024-12-24,2024-12-26,2024-12-26,282.1,11829.79,On-time,False
SH008762,W02,ST20,CR04,2024-12-25,2024-12-27,2024-12-27,282.1,,On-time,False
SH008763,W02,ST20,CR05,2024-12-27,2024-12-29,2024-12-29,282.1,15342.32,On-time,False
SH008764,W02,ST20,CR04,2024-12-29,2024-12-31,2024-12-31,282.1,,On-time,False
SH008765,W02,ST20,CR03,2024-12-30,2025-01-01,2025-01-01,282.1,14363.65,On-time,False
SH008766,W01,ST20,CR05,2025-01-01,2025-01-03,2025-01-03,202.2,8660.73,On-time,False
SH008767,W02,ST20,CR01,2025-01-03,2025-01-05,2025-01-05,282.1,14370.17,On-time,False
SH008768,W02,ST20,CR05,2025-01-04,2025-01-06,2025-01-06,282.1,11285.94,On-time,False
SH008769,W02,ST20,CR05,2025-01-06,2025-01-08,2025-01-08,282.1,11757.97,Lost,False
SH008770,W01,ST20,CR03,2025-01-08,2025-01-10,2025-01-10,202.2,8437.43,On-time,False
SH008771,W02,ST20,CR05,2025-01-10,2025-01-12,2025-01-12,282.1,14395.98,On-time,False
SH008772,W02,ST20,CR02,2025-01-12,2025-01-14,2025-01-14,282.1,10912.86,On-time,False
SH008773,W02,ST20,CR03,2025-01-13,2025-01-15,2025-01-15,282.1,12250.7,On-time,False
SH008774,W02,ST20,CR03,2025-01-14,2025-01-16,2025-01-16,282.1,11796.9,On-time,False
SH008775,W02,ST20,CR03,2025-01-15,2025-01-17,2025-01-17,282.1,10015.29,On-time,False
SH008776,W02,ST20,CR01,2025-01-17,2025-01-19,2025-01-19,282.1,16111.61,On-time,False
SH008777,W02,ST20,CR01,2025-01-19,2025-01-21,2025-01-21,282.1,13427.36,On-time,False
SH008778,W02,ST20,CR02,2025-01-21,2025-01-23,2025-01-23,282.1,14043.09,On-time,False
SH008779,W02,ST20,CR02,2025-01-23,2025-01-25,2025-01-29,282.1,13357.06,Delayed,False
SH008780,W02,ST20,CR03,2025-01-24,2025-01-26,2025-01-26,282.1,13163.7,On-time,False
SH008781,W02,ST20,CR01,2025-01-27,2025-01-29,2025-01-29,282.1,15725.36,On-time,False
SH008782,W02,ST20,CR03,2025-01-28,2025-01-30,2025-01-30,282.1,15792.41,On-time,False
SH008783,W02,ST20,CR02,2025-01-30,2025-02-01,2025-02-01,282.1,16447.25,On-time,False
SH008784,W02,ST20,CR01,2025-02-01,2025-02-03,2025-02-03,282.1,13213.93,On-time,False
SH008785,W02,ST20,CR01,2025-02-04,2025-02-06,2025-02-06,282.1,10692.98,On-time,False
SH008786,W02,ST20,CR02,2025-02-06,2025-02-08,2025-02-08,282.1,16102.45,On-time,False
SH008787,W02,ST20,CR01,2025-02-07,2025-02-09,2025-02-09,282.1,9813.04,On-time,False
SH008788,W02,ST20,CR01,2025-02-08,2025-02-10,2025-02-10,282.1,12668.95,On-time,False
SH008789,W02,ST20,CR01,2025-02-11,2025-02-13,2025-02-13,282.1,13187.87,On-time,False
SH008790,W02,ST20,CR03,2025-02-13,2025-02-15,2025-02-16,282.1,12867.34,Damaged,False
SH008791,W02,ST20,CR04,2025-02-16,2025-02-18,2025-02-18,282.1,13005.16,On-time,False
SH008792,W01,ST20,CR04,2025-02-19,2025-02-21,2025-02-21,202.2,,On-time,False
SH008793,W02,ST20,CR03,2025-02-21,2025-02-23,2025-02-23,282.1,16295.04,Damaged,False
SH008794,W02,ST20,CR03,2025-02-23,2025-02-25,2025-03-01,282.1,10905.0,Delayed,False
SH008795,W02,ST20,CR05,2025-02-25,2025-02-27,2025-02-27,282.1,14064.09,On-time,False
SH008796,W02,ST20,CR02,2025-02-27,2025-03-01,2025-03-01,282.1,12670.44,On-time,False
SH008797,W02,ST20,CR01,2025-03-01,2025-03-03,2025-03-06,282.1,16259.22,Delayed,False
SH008798,W02,ST20,CR01,2025-03-02,2025-03-04,2025-03-04,282.1,15912.64,On-time,False
SH008799,W02,ST20,CR02,2025-03-04,2025-03-06,2025-03-06,282.1,14898.41,On-time,False
SH008800,W02,ST20,CR05,2025-03-06,2025-03-08,2025-03-08,282.1,11387.87,On-time,False
SH008801,W02,ST20,CR04,2025-03-08,2025-03-10,2025-03-10,282.1,14946.3,On-time,False
SH008802,W02,ST20,CR01,2025-03-10,2025-03-12,2025-03-12,282.1,10920.05,On-time,False
SH008803,W02,ST20,CR02,2025-03-12,2025-03-14,2025-03-15,282.1,11305.67,Delayed,False
SH008804,W02,ST20,CR02,2025-03-14,2025-03-16,2025-03-16,282.1,12015.67,On-time,False
SH008805,W02,ST20,CR03,2025-03-16,2025-03-18,2025-03-18,282.1,,On-time,False
SH008806,W02,ST20,CR05,2025-03-17,2025-03-19,2025-03-19,282.1,13676.96,On-time,False
SH008807,W02,ST20,CR04,2025-03-19,2025-03-21,2025-03-21,282.1,11473.2,On-time,False
SH008808,W02,ST20,CR04,2025-03-21,2025-03-23,2025-03-23,282.1,11532.05,On-time,False
SH008809,W02,ST20,CR01,2025-03-22,2025-03-24,2025-03-25,282.1,11229.55,Delayed,False
SH008810,W01,ST20,CR01,2025-03-23,2025-03-25,2025-03-25,202.2,8579.45,On-time,False
SH008811,W02,ST20,CR03,2025-03-25,2025-03-27,2025-03-27,282.1,15378.01,On-time,False
SH008812,W02,ST20,CR01,2025-03-28,2025-03-30,2025-03-30,282.1,13823.48,On-time,False
SH008813,W02,ST20,CR05,2025-03-30,2025-04-01,2025-04-01,282.1,15730.24,On-time,False
SH008814,W03,ST20,CR02,2025-04-01,2025-04-03,2025-04-03,367.7,18897.32,On-time,False
SH008815,W02,ST20,CR01,2025-04-04,2025-04-06,2025-04-08,282.1,16416.76,Delayed,False
SH008816,W02,ST20,CR05,2025-04-06,2025-04-08,2025-04-08,282.1,16386.28,On-time,False
SH008817,W02,ST20,CR01,2025-04-08,2025-04-10,2025-04-10,282.1,13916.97,On-time,False
SH008818,W02,ST20,CR03,2025-04-09,2025-04-11,2025-04-11,282.1,15475.49,On-time,False
SH008819,W02,ST20,CR04,2025-04-11,2025-04-13,2025-04-16,282.1,13793.67,Delayed,False
SH008820,W02,ST20,CR01,2025-04-12,2025-04-14,2025-04-14,282.1,11318.19,On-time,False
SH008821,W02,ST20,CR03,2025-04-14,2025-04-16,2025-04-16,282.1,11767.42,Damaged,False
SH008822,W02,ST20,CR01,2025-04-16,2025-04-18,2025-04-18,282.1,17063.31,On-time,False
SH008823,W02,ST20,CR05,2025-04-18,2025-04-20,2025-04-20,282.1,13238.6,On-time,False
SH008824,W02,ST20,CR01,2025-04-19,2025-04-21,2025-04-21,282.1,10233.67,Lost,False
SH008825,W02,ST20,CR03,2025-04-21,2025-04-23,2025-04-23,282.1,16490.95,On-time,False
SH008826,W01,ST20,CR02,2025-04-22,2025-04-24,2025-04-24,202.2,11297.16,On-time,False
SH008827,W03,ST20,CR02,2025-04-23,2025-04-25,2025-04-25,367.7,15581.22,On-time,False
SH008828,W02,ST20,CR05,2025-04-24,2025-04-26,2025-04-26,282.1,12555.97,On-time,False
SH008829,W02,ST20,CR01,2025-04-25,2025-04-27,2025-04-27,282.1,,On-time,False
SH008830,W02,ST20,CR02,2025-04-27,2025-04-29,2025-04-29,282.1,12078.8,On-time,False
SH008831,W02,ST20,CR01,2025-04-29,2025-05-01,2025-05-01,282.1,13960.44,On-time,False
SH008832,W02,ST20,CR05,2025-05-01,2025-05-03,2025-05-04,282.1,13634.49,Delayed,False
SH008833,W02,ST20,CR03,2025-05-02,2025-05-04,2025-05-04,282.1,12877.87,On-time,False
SH008834,W02,ST20,CR03,2025-05-05,2025-05-07,2025-05-07,282.1,11431.04,On-time,False
SH008835,W02,ST20,CR01,2025-05-07,2025-05-09,2025-05-09,282.1,17282.48,On-time,False
SH008836,W03,ST20,CR01,2025-05-09,2025-05-11,2025-05-11,367.7,17419.4,On-time,False
SH008837,W02,ST20,CR03,2025-05-11,2025-05-13,2025-05-13,282.1,13422.82,On-time,False
SH008838,W02,ST20,CR02,2025-05-14,2025-05-16,2025-05-16,282.1,13180.49,On-time,False
SH008839,W02,ST20,CR02,2025-05-16,2025-05-18,2025-05-18,282.1,11212.32,On-time,False
SH008840,W02,ST20,CR03,2025-05-19,2025-05-21,2025-05-23,282.1,14375.35,Delayed,False
SH008841,W02,ST20,CR03,2025-05-21,2025-05-23,2025-05-24,282.1,10695.4,Delayed,False
SH008842,W02,ST20,CR02,2025-05-22,2025-05-24,2025-05-24,282.1,14848.45,On-time,False
SH008843,W03,ST20,CR03,2025-05-24,2025-05-26,2025-05-27,367.7,16151.45,Delayed,False
SH008844,W03,ST20,CR01,2025-05-25,2025-05-27,2025-05-27,367.7,14917.58,On-time,False
SH008845,W02,ST20,CR02,2025-05-26,2025-05-28,2025-05-28,282.1,11406.02,On-time,False
SH008846,W02,ST20,CR04,2025-05-27,2025-05-29,2025-06-01,282.1,11775.61,Delayed,False
SH008847,W02,ST20,CR03,2025-05-29,2025-05-31,2025-05-31,282.1,14460.11,On-time,False
SH008848,W02,ST20,CR01,2025-05-30,2025-06-01,2025-06-05,282.1,12074.04,Delayed,False
SH008849,W02,ST20,CR02,2025-05-31,2025-06-02,2025-06-02,282.1,,On-time,False
SH008850,W02,ST20,CR03,2025-06-02,2025-06-04,2025-06-04,282.1,14520.86,On-time,False
SH008851,W02,ST20,CR03,2025-06-04,2025-06-06,2025-06-10,282.1,14144.21,Delayed,False
SH008852,W02,ST20,CR01,2025-06-05,2025-06-07,2025-06-07,282.1,10719.86,On-time,False
SH008853,W02,ST20,CR05,2025-06-07,2025-06-09,2025-06-09,282.1,14489.54,On-time,False
SH008854,W02,ST20,CR02,2025-06-08,2025-06-10,2025-06-12,282.1,11888.06,Delayed,False
SH008855,W02,ST20,CR02,2025-06-10,2025-06-12,2025-06-12,282.1,15049.67,Damaged,False
SH008856,W02,ST20,CR05,2025-06-11,2025-06-13,2025-06-13,282.1,14091.22,On-time,False
SH008857,W02,ST20,CR03,2025-06-12,2025-06-14,2025-06-14,282.1,17351.31,On-time,False
SH008858,W02,ST20,CR04,2025-06-13,2025-06-15,2025-06-15,282.1,11898.79,On-time,False
SH008859,W02,ST20,CR01,2025-06-16,2025-06-18,2025-06-18,282.1,14961.06,On-time,False
SH008860,W02,ST20,CR05,2025-06-17,2025-06-19,2025-06-19,282.1,14119.13,On-time,False
SH008861,W02,ST20,CR03,2025-06-19,2025-06-21,2025-06-21,282.1,12984.41,On-time,False
SH008862,W02,ST20,CR05,2025-06-21,2025-06-23,2025-06-23,282.1,13743.48,On-time,False
SH008863,W02,ST20,CR03,2025-06-23,2025-06-25,2025-06-25,282.1,12694.43,On-time,False
SH008864,W02,ST20,CR01,2025-06-25,2025-06-27,2025-06-30,282.1,12314.34,Delayed,False
SH008865,W02,ST20,CR02,2025-06-27,2025-06-29,2025-07-01,282.1,16582.92,Delayed,False
SH008866,W01,ST20,CR01,2025-06-29,2025-07-01,2025-07-02,202.2,8023.97,Delayed,False
SH008867,W02,ST20,CR01,2025-07-01,2025-07-03,2025-07-03,282.1,,On-time,False
SH008868,W02,ST20,CR02,2025-07-03,2025-07-05,2025-07-05,282.1,11525.31,On-time,False
SH008869,W02,ST20,CR04,2025-07-05,2025-07-07,2025-07-08,282.1,13719.96,Delayed,False
SH008870,W02,ST20,CR03,2025-07-06,2025-07-08,2025-07-08,282.1,12652.2,On-time,False
SH008871,W02,ST20,CR01,2025-07-08,2025-07-10,2025-07-10,282.1,13363.05,On-time,False
SH008872,W02,ST20,CR03,2025-07-10,2025-07-12,2025-07-12,282.1,10581.35,Lost,False
SH008873,W02,ST20,CR03,2025-07-11,2025-07-13,2025-07-13,282.1,12771.02,On-time,False
SH008874,W02,ST20,CR03,2025-07-12,2025-07-14,2025-07-14,282.1,12382.78,On-time,False
SH008875,W02,ST20,CR02,2025-07-14,2025-07-16,2025-07-16,282.1,17095.43,On-time,False
SH008876,W02,ST20,CR03,2025-07-16,2025-07-18,2025-07-22,282.1,14068.5,Delayed,False
SH008877,W02,ST20,CR01,2025-07-19,2025-07-21,2025-07-21,282.1,13449.97,On-time,False
SH008878,W02,ST20,CR03,2025-07-21,2025-07-23,2025-07-23,282.1,14969.87,On-time,False
SH008879,W02,ST20,CR04,2025-07-23,2025-07-25,2025-07-27,282.1,14328.05,Delayed,False
SH008880,W02,ST20,CR04,2025-07-24,2025-07-26,2025-07-30,282.1,13784.54,Delayed,False
SH008881,W02,ST20,CR04,2025-07-25,2025-07-27,2025-07-27,282.1,15267.71,On-time,False
SH008882,W02,ST20,CR02,2025-07-27,2025-07-29,2025-07-29,282.1,16192.87,On-time,False
SH008883,W02,ST20,CR02,2025-07-29,2025-07-31,2025-08-03,282.1,13719.73,Delayed,False
SH008884,W02,ST20,CR03,2025-07-30,2025-08-01,2025-08-01,282.1,15230.05,On-time,False
SH008885,W02,ST20,CR01,2025-07-31,2025-08-02,2025-08-05,282.1,15417.97,Delayed,False
SH008886,W01,ST20,CR05,2025-08-02,2025-08-04,2025-08-04,202.2,12122.8,On-time,False
SH008887,W02,ST20,CR01,2025-08-04,2025-08-06,2025-08-06,282.1,,On-time,False
SH008888,W02,ST20,CR02,2025-08-06,2025-08-08,2025-08-08,282.1,13964.21,On-time,False
SH008889,W02,ST20,CR03,2025-08-07,2025-08-09,2025-08-09,282.1,11553.91,On-time,False
SH008890,W02,ST20,CR01,2025-08-09,2025-08-11,2025-08-12,282.1,11636.67,Delayed,False
SH008891,W02,ST20,CR02,2025-08-10,2025-08-12,2025-08-12,282.1,9708.15,On-time,False
SH008892,W02,ST20,CR01,2025-08-12,2025-08-14,2025-08-14,282.1,12386.65,On-time,False
SH008893,W02,ST20,CR02,2025-08-13,2025-08-15,2025-08-19,282.1,12564.16,Delayed,False
SH008894,W02,ST20,CR05,2025-08-15,2025-08-17,2025-08-17,282.1,14841.73,On-time,False
SH008895,W02,ST20,CR04,2025-08-18,2025-08-20,2025-08-22,282.1,9711.48,Delayed,False
SH008896,W02,ST20,CR04,2025-08-20,2025-08-22,2025-08-22,282.1,17186.68,On-time,False
SH008897,W02,ST20,CR02,2025-08-22,2025-08-24,2025-08-24,282.1,14777.67,On-time,False
SH008898,W02,ST20,CR04,2025-08-24,2025-08-26,2025-08-28,282.1,14353.73,Delayed,False
SH008899,W02,ST20,CR04,2025-08-26,2025-08-28,2025-08-30,282.1,12350.78,Delayed,False
SH008900,W02,ST20,CR02,2025-08-27,2025-08-29,2025-08-29,282.1,16018.85,On-time,False
SH008901,W01,ST20,CR04,2025-08-29,2025-08-31,2025-09-02,202.2,12279.72,Delayed,False
SH008902,W02,ST20,CR01,2025-08-31,2025-09-02,2025-09-02,282.1,10846.63,On-time,False
SH008903,W02,ST20,CR02,2025-09-02,2025-09-04,2025-09-06,282.1,12270.14,Delayed,False
SH008904,W02,ST20,CR04,2025-09-04,2025-09-06,2025-09-06,282.1,10705.32,On-time,False
SH008905,W02,ST20,CR02,2025-09-06,2025-09-08,2025-09-08,282.1,10147.38,On-time,False
SH008906,W03,ST20,CR03,2025-09-08,2025-09-10,2025-09-10,367.7,15700.07,On-time,False
SH008907,W02,ST20,CR04,2025-09-10,2025-09-12,2025-09-12,282.1,10573.75,On-time,False
SH008908,W02,ST20,CR02,2025-09-11,2025-09-13,2025-09-13,282.1,11558.69,On-time,False
SH008909,W02,ST20,CR03,2025-09-13,2025-09-15,2025-09-15,282.1,15017.08,On-time,False
SH008910,W03,ST20,CR02,2025-09-14,2025-09-16,2025-09-16,367.7,13609.29,On-time,False
SH008911,W02,ST20,CR03,2025-09-16,2025-09-18,2025-09-21,282.1,16260.41,Delayed,False
SH008912,W02,ST20,CR03,2025-09-18,2025-09-20,2025-09-20,282.1,15425.07,On-time,False
SH008913,W02,ST20,CR05,2025-09-20,2025-09-22,2025-09-22,282.1,10484.88,On-time,False
SH008914,W02,ST20,CR04,2025-09-22,2025-09-24,2025-09-24,282.1,11851.64,On-time,False
SH008915,W02,ST20,CR03,2025-09-24,2025-09-26,2025-09-26,282.1,12319.07,On-time,False
SH008916,W02,ST20,CR03,2025-09-26,2025-09-28,2025-10-02,282.1,11222.22,Delayed,False
SH008917,W02,ST20,CR03,2025-09-28,2025-09-30,2025-10-03,282.1,13781.41,Delayed,False
SH008918,W02,ST20,CR04,2025-09-30,2025-10-02,2025-10-05,282.1,12149.59,Delayed,False
SH008919,W02,ST20,CR03,2025-10-01,2025-10-03,2025-10-03,282.1,11421.87,On-time,False
SH008920,W02,ST20,CR04,2025-10-04,2025-10-06,2025-10-09,282.1,13731.1,Delayed,False
SH008921,W02,ST20,CR04,2025-10-07,2025-10-09,2025-10-11,282.1,11067.33,Delayed,False
SH008922,W03,ST20,CR04,2025-10-08,2025-10-10,2025-10-14,367.7,19357.58,Delayed,False
SH008923,W02,ST20,CR02,2025-10-10,2025-10-12,2025-10-12,282.1,10450.45,On-time,False
SH008924,W02,ST20,CR01,2025-10-11,2025-10-13,2025-10-13,282.1,15440.45,On-time,False
SH008925,W02,ST20,CR05,2025-10-13,2025-10-15,2025-10-15,282.1,11087.53,On-time,False
SH008926,W02,ST20,CR05,2025-10-14,2025-10-16,2025-10-16,282.1,14512.81,On-time,False
SH008927,W02,ST20,CR05,2025-10-16,2025-10-18,2025-10-18,282.1,11125.41,On-time,False
SH008928,W02,ST20,CR05,2025-10-18,2025-10-20,2025-10-20,282.1,9544.23,On-time,False
SH008929,W02,ST20,CR01,2025-10-20,2025-10-22,2025-10-22,282.1,15959.76,Damaged,False
SH008930,W02,ST20,CR01,2025-10-22,2025-10-24,2025-10-24,282.1,11120.53,On-time,False
SH008931,W02,ST20,CR03,2025-10-25,2025-10-27,2025-10-27,282.1,11226.58,On-time,False
SH008932,W02,ST20,CR03,2025-10-26,2025-10-28,2025-10-28,282.1,10517.38,On-time,False
SH008933,W02,ST20,CR02,2025-10-27,2025-10-29,2025-10-29,282.1,16799.31,On-time,False
SH008934,W02,ST20,CR05,2025-10-28,2025-10-30,2025-10-30,282.1,,On-time,False
SH008935,W02,ST20,CR01,2025-10-29,2025-10-31,2025-11-02,282.1,15343.78,Delayed,False
SH008936,W02,ST20,CR05,2025-10-31,2025-11-02,2025-11-03,282.1,16582.41,Delayed,False
SH008937,W02,ST20,CR03,2025-11-02,2025-11-04,2025-11-04,282.1,15101.71,On-time,False
SH008938,W02,ST20,CR03,2025-11-04,2025-11-06,2025-11-06,282.1,12034.43,On-time,False
SH008939,W02,ST20,CR03,2025-11-06,2025-11-08,2025-11-08,282.1,14462.78,Damaged,False
SH008940,W02,ST20,CR05,2025-11-08,2025-11-10,2025-11-10,282.1,12530.99,On-time,False
SH008941,W02,ST20,CR05,2025-11-10,2025-11-12,2025-11-12,282.1,12506.05,On-time,False
SH008942,W02,ST20,CR02,2025-11-11,2025-11-13,2025-11-13,282.1,12350.14,On-time,False
SH008943,W02,ST20,CR05,2025-11-14,2025-11-16,2025-11-16,282.1,15336.64,On-time,False
SH008944,W02,ST20,CR05,2025-11-16,2025-11-18,2025-11-18,282.1,,On-time,False
SH008945,W03,ST20,CR05,2025-11-17,2025-11-19,2025-11-19,367.7,19695.39,On-time,False
SH008946,W02,ST20,CR02,2025-11-19,2025-11-21,2025-11-21,282.1,9770.26,On-time,False
SH008947,W02,ST20,CR05,2025-11-21,2025-11-23,2025-11-23,282.1,14467.32,On-time,False
SH008948,W02,ST20,CR02,2025-11-23,2025-11-25,2025-11-25,282.1,14156.34,On-time,False
SH008949,W02,ST20,CR02,2025-11-24,2025-11-26,2025-11-26,282.1,16237.71,On-time,False
SH008950,W02,ST20,CR01,2025-11-26,2025-11-28,2025-11-28,282.1,,On-time,False
SH008951,W02,ST20,CR05,2025-11-27,2025-11-29,2025-11-29,282.1,15556.28,On-time,False
SH008952,W02,ST20,CR04,2025-11-30,2025-12-02,2025-12-02,282.1,15213.55,On-time,False
SH008953,W02,ST20,CR03,2025-12-02,2025-12-04,2025-12-04,282.1,13560.54,On-time,False
SH008954,W02,ST20,CR02,2025-12-04,2025-12-06,2025-12-06,282.1,12929.83,On-time,False
SH008955,W03,ST20,CR01,2025-12-06,2025-12-08,2025-12-08,367.7,14978.45,On-time,False
SH008956,W02,ST20,CR03,2025-12-08,2025-12-10,2025-12-12,282.1,13849.06,Delayed,False
SH008957,W03,ST20,CR01,2025-12-10,2025-12-12,2025-12-12,367.7,20331.43,On-time,False
SH008958,W02,ST20,CR01,2025-12-12,2025-12-14,2025-12-14,282.1,11867.97,On-time,False
SH008959,W02,ST20,CR01,2025-12-14,2025-12-16,2025-12-16,282.1,10626.87,On-time,False
SH008960,W02,ST20,CR04,2025-12-17,2025-12-19,2025-12-19,282.1,14836.49,On-time,False
SH008961,W02,ST20,CR04,2025-12-19,2025-12-21,2025-12-24,282.1,,Lost,False
SH008962,W02,ST20,CR03,2025-12-21,2025-12-23,2025-12-23,282.1,11493.73,On-time,False
SH008963,W02,ST20,CR04,2025-12-22,2025-12-24,2025-12-25,282.1,12603.66,Delayed,False
SH008964,W02,ST20,CR04,2025-12-24,2025-12-26,2025-12-27,282.1,10124.38,Delayed,False
SH008965,W01,ST20,CR01,2025-12-25,2025-12-27,2025-12-27,202.2,9844.01,On-time,False
SH008966,W02,ST20,CR02,2025-12-27,2025-12-29,2025-12-29,282.1,11398.45,On-time,False
SH008967,W02,ST20,CR01,2025-12-28,2025-12-30,2025-12-30,282.1,14549.41,On-time,False
SH008968,W02,ST20,CR04,2025-12-30,2026-01-01,,282.1,15418.07,In-Transit,False
